age,income,employment_length_years,credit_score,dti,utilization,num_delinquencies_12m,loan_amount,term_months,interest_rate,channel,product_type,default_12m,pd_model,applicant_id,recent_bankruptcy,approved_A,approved_B,strategy_group,approved_AB,expected_loss,interest_income,profit
59,70130.43,6,718.0,0.194,0.709,1,3424.87,60,5.5,Branch,Debt Consolidation,0,0.163443495680252,10300,0,1,1,A,1,0.0,410.9844,410.9844
31,90185.82,10,750.0,0.451,0.569,0,2871.0,36,5.0,Online,Personal Loan,0,0.090723247796284,19009,0,0,1,B,1,0.0,344.52,344.52
29,42683.92,21,759.0,0.514,0.425,0,21840.09,36,5.0,Partner,Debt Consolidation,0,0.1385642578964307,14672,0,0,1,A,0,0.0,2620.8107999999997,0.0
33,87487.07,18,684.0,0.13,0.405,1,17228.34,36,5.0,Online,Debt Consolidation,0,0.1395039141391842,7360,0,1,1,A,1,0.0,2067.4008,2067.4008
50,78048.74,10,656.0,0.182,0.425,0,19361.04,36,5.0,Online,Auto Refi,0,0.1613537486050792,17216,0,1,1,A,1,0.0,2323.3248,2323.3248
48,66300.14,17,498.0,0.36,0.373,0,16106.41,36,24.46,Online,Auto Refi,1,0.6751488219153959,15122,0,0,0,B,0,9663.846,1932.7692,0.0
45,42599.46,15,697.0,0.118,0.555,1,14137.42,36,5.0,Branch,Debt Consolidation,0,0.1386847042066342,17503,0,1,1,A,1,0.0,1696.4904,1696.4904
54,29928.92,16,760.0,0.152,0.38,0,10222.68,60,5.0,Online,Debt Consolidation,0,0.0849693568422888,19500,0,1,1,A,1,0.0,1226.7216,1226.7216
30,80738.74,7,698.0,0.175,0.517,1,20712.76,36,5.31,Online,Debt Consolidation,0,0.1871311231570096,2927,0,1,0,A,1,0.0,2485.5312,2485.5312
33,47655.49,1,621.0,0.272,0.268,0,13336.64,60,7.73,Partner,Personal Loan,0,0.2683523572281921,8705,0,0,0,B,0,0.0,1600.3967999999998,0.0
24,83017.49,10,629.0,0.237,0.685,0,17593.2,36,10.46,Online,Debt Consolidation,1,0.2809884712802986,4747,0,0,0,A,0,10555.92,2111.184,0.0
25,78918.06,15,775.0,0.288,0.895,0,19441.63,36,5.0,Online,Auto Refi,0,0.0946411827529382,7887,0,1,1,A,1,0.0,2332.9956,2332.9956
49,57892.5,21,711.0,0.473,0.462,2,13337.39,36,12.92,Partner,Auto Refi,1,0.4551527038095147,1835,0,0,0,A,0,8002.433999999999,1600.4868,0.0
51,50143.92,4,652.0,0.233,0.283,0,6703.86,36,5.0,Branch,Auto Refi,0,0.160721851121748,15493,0,1,1,A,1,0.0,804.4631999999999,804.4631999999999
25,101417.58,13,713.0,0.363,0.252,0,10027.37,36,5.0,Partner,Debt Consolidation,0,0.133268118326333,2113,0,1,1,B,1,0.0,1203.2844,1203.2844
64,101419.68,15,645.0,0.351,0.421,0,10849.22,36,8.25,Online,Personal Loan,0,0.2479546483934373,3090,0,1,0,A,1,0.0,1301.9063999999998,1301.9063999999998
39,43389.1,15,716.0,0.316,0.748,0,2000.0,36,5.0,Online,Auto Refi,0,0.1361745942367225,19979,0,1,1,B,1,0.0,240.0,240.0
37,85936.98,9,695.0,0.148,0.538,0,4336.49,36,5.0,Partner,Debt Consolidation,0,0.1410474315700129,14735,0,1,1,B,1,0.0,520.3788,520.3788
37,65387.32,14,686.0,0.241,0.279,0,6549.23,36,5.0,Branch,Personal Loan,0,0.1501300033950417,12507,0,1,1,B,1,0.0,785.9075999999999,785.9075999999999
25,117467.71,9,565.0,0.356,0.318,0,29344.62,36,16.06,Partner,Personal Loan,0,0.4178587184999611,7101,0,0,0,A,0,0.0,3521.3543999999997,0.0
40,55514.75,16,663.0,0.33,0.234,0,7544.16,36,5.0,Partner,Auto Refi,0,0.1500703729443148,9820,0,1,1,B,1,0.0,905.2991999999999,905.2991999999999
24,40415.3,1,633.0,0.498,0.795,0,6549.59,60,16.74,Online,Auto Refi,1,0.6398268311037265,16921,0,0,0,A,0,3929.754,785.9508,0.0
52,88099.6,17,652.0,0.272,0.039,0,29276.31,36,15.44,Online,Personal Loan,0,0.4767655151459968,762,1,0,0,B,0,0.0,3513.1572,0.0
67,53460.48,19,545.0,0.14,0.543,0,13199.82,36,16.34,Partner,Debt Consolidation,1,0.4606057238242177,10528,0,0,0,B,0,7919.892,1583.9784,0.0
42,86781.63,20,752.0,0.293,0.683,0,18286.71,60,5.0,Partner,Personal Loan,1,0.097915187974416,14466,0,1,1,B,1,10972.026,2194.4051999999997,-8777.6208
57,60878.48,5,816.0,0.242,0.408,0,24367.19,60,5.0,Online,Debt Consolidation,0,0.0749221186708722,11182,0,1,1,B,1,0.0,2924.0627999999997,2924.0627999999997
47,75524.97,13,704.0,0.372,0.075,0,11807.82,60,5.0,Online,Personal Loan,0,0.1326103696753933,13775,0,1,1,B,1,0.0,1416.9384,1416.9384
45,85267.83,12,811.0,0.05,0.823,0,24345.73,36,5.0,Branch,Personal Loan,1,0.1089938101249052,5479,1,0,1,B,1,14607.438,2921.4876,-11685.9504
23,67702.43,1,706.0,0.247,0.551,1,24759.45,60,6.0,Online,Auto Refi,0,0.1874574120665517,7928,0,1,0,B,0,0.0,2971.134,0.0
21,95538.68,16,767.0,0.263,0.283,0,12009.98,36,5.84,Branch,Personal Loan,0,0.119237005950036,8080,1,0,1,B,1,0.0,1441.1976,1441.1976
40,60013.11,15,700.0,0.163,0.535,0,29418.44,36,5.0,Online,Personal Loan,0,0.158244375070693,14954,0,1,1,A,1,0.0,3530.2128,3530.2128
36,74276.8,15,811.0,0.06,0.063,1,13683.67,60,5.0,Online,Personal Loan,0,0.0633029527276156,19034,0,1,1,A,1,0.0,1642.0403999999999,1642.0403999999999
48,75321.92,17,712.0,0.262,0.531,0,32872.84,36,5.0,Online,Auto Refi,1,0.1449423135779029,9278,0,1,1,B,1,19723.703999999998,3944.7407999999996,-15778.963199999998
33,54265.65,16,642.0,0.56,0.154,0,11530.47,36,9.7,Online,Personal Loan,1,0.3699755300807092,14856,0,0,0,B,0,6918.281999999999,1383.6563999999998,0.0
45,86242.3,16,603.0,0.184,0.061,1,19592.09,36,9.97,Branch,Debt Consolidation,0,0.2929150795635042,14901,0,0,0,B,0,0.0,2351.0508,0.0
21,94868.97,6,662.0,0.305,0.49,0,17352.25,60,6.57,Online,Auto Refi,0,0.2255190018860293,7710,0,1,0,A,1,0.0,2082.27,2082.27
30,74230.0,2,699.0,0.421,0.22,0,6213.82,60,5.0,Partner,Auto Refi,0,0.1730143605794548,8372,0,0,1,B,1,0.0,745.6583999999999,745.6583999999999
32,31476.57,2,666.0,0.293,0.597,0,5400.79,36,6.98,Online,Personal Loan,1,0.2186488026025674,13633,0,1,0,A,1,3240.4739999999997,648.0948,-2592.3792
41,61993.42,8,695.0,0.34,0.843,0,16271.09,60,7.3,Online,Personal Loan,0,0.2513696077397649,8557,0,1,0,A,1,0.0,1952.5308,1952.5308
56,76786.33,20,753.0,0.247,0.486,0,19322.2,60,5.0,Online,Personal Loan,0,0.0955102711815024,10418,0,1,1,A,1,0.0,2318.664,2318.664
45,84686.57,14,607.0,0.431,0.438,0,23399.26,60,25.0,Online,Debt Consolidation,0,0.7867094077455429,5674,1,0,0,A,0,0.0,2807.9111999999996,0.0
60,70063.8,5,656.0,0.368,0.638,1,14453.24,60,14.28,Branch,Auto Refi,1,0.4089502213206833,14513,0,1,0,A,1,8671.944,1734.3888,-6937.5552
39,116422.11,8,806.0,0.254,0.487,0,19791.78,60,5.0,Online,Personal Loan,0,0.0379145471664848,13525,0,1,1,B,1,0.0,2375.0135999999998,2375.0135999999998
61,90727.96,20,691.0,0.261,0.289,0,13580.58,36,5.0,Branch,Personal Loan,0,0.1587150110757643,962,0,1,1,B,1,0.0,1629.6696,1629.6696
45,75338.3,7,658.0,0.328,0.355,1,24637.34,36,10.06,Branch,Personal Loan,0,0.3209564923541589,4802,0,1,0,B,0,0.0,2956.4808,0.0
51,83416.29,6,665.0,0.386,0.639,0,16483.99,36,9.04,Branch,Personal Loan,1,0.3422923296960934,19182,0,1,0,B,0,9890.394,1978.0788000000002,0.0
48,52277.43,22,611.0,0.224,0.163,0,12751.53,36,6.85,Online,Personal Loan,0,0.2209021794096762,15927,0,0,0,B,0,0.0,1530.1836,0.0
27,78976.54,20,603.0,0.465,0.246,0,11281.2,60,13.08,Branch,Personal Loan,0,0.3897201788525745,4721,0,0,0,A,0,0.0,1353.7440000000001,0.0
29,80008.49,12,629.0,0.344,0.48,0,21440.96,36,24.62,Branch,Personal Loan,0,0.630106771880381,4522,1,0,0,B,0,0.0,2572.9152,0.0
53,100821.8,11,719.0,0.24,0.396,0,22448.46,60,11.1,Online,Personal Loan,1,0.3349100744758788,11570,1,0,0,B,0,13469.076,2693.8152,0.0
64,65155.26,21,773.0,0.433,0.555,0,19285.72,60,5.0,Online,Personal Loan,0,0.0874637423719994,1487,0,0,1,A,0,0.0,2314.2864,0.0
25,43203.6,9,647.0,0.05,0.578,0,5269.02,36,5.0,Branch,Debt Consolidation,0,0.1361470917615614,15373,0,1,1,B,1,0.0,632.2824,632.2824
24,58241.27,12,739.0,0.237,0.285,0,11480.49,60,5.0,Partner,Auto Refi,0,0.0836361105152339,16540,0,1,1,A,1,0.0,1377.6588,1377.6588
39,81035.83,16,688.0,0.413,0.368,0,22184.02,36,5.06,Online,Debt Consolidation,1,0.1695623929828733,10296,0,0,1,B,1,13310.412,2662.0824,-10648.329600000001
62,81073.6,20,640.0,0.568,0.32,0,7475.1,36,11.85,Partner,Debt Consolidation,0,0.4453704938881391,15405,0,0,0,A,0,0.0,897.0120000000001,0.0
38,39161.8,4,657.0,0.327,0.457,0,13641.68,36,7.02,Online,Auto Refi,0,0.2346719920814459,1914,0,1,0,B,0,0.0,1637.0016,0.0
23,80579.47,11,727.0,0.294,0.065,0,19021.01,36,5.0,Branch,Auto Refi,0,0.0849441844038318,7803,0,1,1,B,1,0.0,2282.5211999999997,2282.5211999999997
52,31017.77,6,665.0,0.216,0.409,0,18015.98,60,5.0,Partner,Debt Consolidation,0,0.1702466042359082,8197,0,1,1,A,1,0.0,2161.9175999999998,2161.9175999999998
31,71281.82,9,695.0,0.602,0.461,1,5284.23,36,12.66,Branch,Personal Loan,0,0.4145502688234497,9043,0,0,0,A,0,0.0,634.1075999999999,0.0
64,22638.76,5,646.0,0.292,0.331,0,23304.92,36,6.35,Online,Personal Loan,0,0.2069743056435302,16688,0,1,0,A,1,0.0,2796.5903999999996,2796.5903999999996
56,37643.14,13,696.0,0.181,0.684,0,5529.84,36,5.0,Online,Auto Refi,0,0.1515167505893506,19495,0,1,1,A,1,0.0,663.5808,663.5808
27,35234.39,19,734.0,0.247,0.626,0,11842.8,60,5.0,Branch,Personal Loan,0,0.1007249328382488,19632,0,1,1,A,1,0.0,1421.136,1421.136
31,57233.55,10,649.0,0.436,0.535,0,23501.02,36,10.52,Online,Personal Loan,0,0.3232042073978203,18781,0,0,0,A,0,0.0,2820.1223999999997,0.0
35,70546.73,6,722.0,0.411,0.536,1,10768.73,60,7.1,Partner,Auto Refi,0,0.2492768044397852,8180,0,0,0,A,0,0.0,1292.2476,0.0
68,67446.82,17,533.0,0.355,0.284,1,11343.19,36,24.14,Online,Auto Refi,1,0.5825317564394782,14153,0,0,0,A,0,6805.914,1361.1828,0.0
48,88636.33,5,708.0,0.449,0.181,1,6378.77,36,5.83,Branch,Personal Loan,0,0.1907449123660093,4456,0,0,0,B,0,0.0,765.4524,0.0
33,63256.51,20,502.0,0.233,0.472,0,9846.34,60,22.57,Online,Debt Consolidation,1,0.6085120785105631,12646,0,0,0,B,0,5907.804,1181.5608,0.0
29,96986.9,3,608.0,0.482,0.749,1,11688.21,60,23.61,Online,Personal Loan,1,0.6800579775411232,8465,0,0,0,A,0,7012.9259999999995,1402.5851999999998,0.0
67,62663.7,7,635.0,0.394,0.414,0,15559.2,36,9.99,Online,Personal Loan,0,0.3062572636153683,1852,0,0,0,B,0,0.0,1867.104,0.0
48,49939.18,20,744.0,0.439,0.236,1,14421.46,36,5.0,Branch,Auto Refi,0,0.1285892742735392,7885,0,0,1,B,1,0.0,1730.5751999999998,1730.5751999999998
58,46113.86,8,812.0,0.454,0.38,0,19211.59,60,5.0,Partner,Auto Refi,0,0.0636865528371755,16908,0,0,1,B,1,0.0,2305.3908,2305.3908
34,62339.73,10,566.0,0.156,0.347,0,15356.53,36,11.93,Online,Auto Refi,0,0.3924625366892277,1806,0,0,0,B,0,0.0,1842.7836,0.0
36,84948.88,21,652.0,0.204,0.636,0,22493.09,60,7.1,Branch,Personal Loan,0,0.2316006387799677,9257,0,1,0,A,1,0.0,2699.1708,2699.1708
42,24369.08,2,804.0,0.397,0.204,0,14442.42,60,5.0,Partner,Personal Loan,0,0.0670875245063988,12436,1,0,1,B,1,0.0,1733.0904,1733.0904
35,61411.7,21,689.0,0.382,0.577,0,7027.94,36,6.21,Online,Personal Loan,0,0.2237941330007656,15784,0,1,0,A,1,0.0,843.3527999999999,843.3527999999999
24,59411.83,20,816.0,0.379,0.404,0,9902.26,36,5.0,Online,Auto Refi,0,0.0785651506143304,16401,0,1,1,B,1,0.0,1188.2712,1188.2712
24,61603.33,14,656.0,0.372,0.498,0,13250.56,36,8.3,Online,Personal Loan,1,0.2665953599792359,19152,0,1,0,B,0,7950.335999999999,1590.0672,0.0
58,107895.59,10,656.0,0.511,0.394,0,15289.47,36,24.14,Online,Debt Consolidation,0,0.6264188846545365,9779,1,0,0,B,0,0.0,1834.7363999999998,0.0
69,87068.72,5,802.0,0.493,0.344,0,15028.17,60,5.0,Partner,Personal Loan,0,0.0779628572357935,17035,0,0,1,A,0,0.0,1803.3804,0.0
35,93316.68,4,731.0,0.32,0.776,0,2000.0,36,15.81,Branch,Personal Loan,1,0.3673362798468418,16912,1,0,0,B,0,1200.0,240.0,0.0
48,69363.15,3,805.0,0.29,0.373,1,14040.97,60,5.0,Online,Auto Refi,1,0.0849151095562818,4261,0,1,1,A,1,8424.581999999999,1684.9163999999998,-6739.665599999998
53,51328.69,1,680.0,0.169,0.151,0,9137.3,60,5.0,Online,Auto Refi,0,0.1528731882249556,7880,0,1,1,B,1,0.0,1096.4759999999999,1096.4759999999999
40,66496.93,1,752.0,0.129,0.04,0,26244.14,36,5.0,Online,Debt Consolidation,0,0.0595338756622613,16579,0,1,1,A,1,0.0,3149.2967999999996,3149.2967999999996
36,66683.47,17,685.0,0.515,0.869,0,14015.57,36,11.91,Partner,Personal Loan,1,0.3423057125694389,2640,0,0,0,B,0,8409.341999999999,1681.8683999999998,0.0
47,88641.97,7,630.0,0.128,0.42,2,10643.27,36,14.5,Online,Auto Refi,0,0.421161671735196,9027,0,0,0,A,0,0.0,1277.1924,0.0
53,64168.13,21,672.0,0.441,0.501,0,9268.2,36,8.0,Branch,Personal Loan,0,0.2782790535355539,17473,0,0,0,A,0,0.0,1112.184,0.0
45,74368.8,21,676.0,0.423,0.306,0,20886.96,36,5.65,Branch,Debt Consolidation,0,0.1940678520382073,16376,0,0,0,B,0,0.0,2506.4352,0.0
25,38888.45,4,548.0,0.524,0.474,0,18747.99,36,23.39,Online,Auto Refi,0,0.7053248301332875,16670,0,0,0,A,0,0.0,2249.7588,0.0
55,68589.26,6,522.0,0.408,0.692,0,20176.55,60,25.0,Branch,Personal Loan,1,0.8153438881498454,6938,0,0,0,B,0,12105.929999999998,2421.1859999999997,0.0
43,92108.57,16,702.0,0.21,0.416,0,3213.4,36,5.0,Online,Auto Refi,0,0.1518952983044413,16673,0,1,1,B,1,0.0,385.608,385.608
42,84273.22,15,762.0,0.148,0.312,0,16395.75,60,5.0,Online,Auto Refi,0,0.0700567954027713,17044,0,1,1,B,1,0.0,1967.49,1967.49
28,66420.32,19,634.0,0.551,0.259,0,13183.84,60,11.48,Partner,Personal Loan,0,0.4414869867428329,13598,0,0,0,B,0,0.0,1582.0608,0.0
55,92831.83,13,577.0,0.297,0.595,1,6826.64,36,21.52,Online,Personal Loan,1,0.6116281538750898,8314,0,0,0,B,0,4095.984,819.1968,0.0
38,39488.04,19,555.0,0.271,0.414,1,18769.85,60,21.45,Online,Auto Refi,0,0.605123279647302,4632,0,0,0,B,0,0.0,2252.3819999999996,0.0
48,65527.62,14,715.0,0.271,0.416,0,17692.57,60,5.0,Online,Auto Refi,0,0.1380983739632929,10041,0,1,1,B,1,0.0,2123.1084,2123.1084
55,62802.52,24,634.0,0.201,0.206,1,21575.85,60,8.63,Partner,Personal Loan,1,0.3330839798461211,14991,0,0,0,B,0,12945.509999999998,2589.102,0.0
44,69277.97,2,726.0,0.214,0.277,0,12321.71,36,5.0,Online,Auto Refi,0,0.1127679057417569,13315,0,1,1,B,1,0.0,1478.6051999999997,1478.6051999999997
54,50898.08,4,770.0,0.338,0.263,0,21655.68,60,5.0,Online,Auto Refi,0,0.0670681347438873,7666,0,1,1,B,1,0.0,2598.6816,2598.6816
60,62203.92,5,607.0,0.576,0.753,0,14648.23,60,21.04,Online,Personal Loan,1,0.5988775291358945,1942,0,0,0,B,0,8788.938,1757.7875999999999,0.0
54,51461.33,18,567.0,0.462,0.488,0,13400.83,36,20.19,Partner,Personal Loan,1,0.6025137412272408,17330,0,0,0,A,0,8040.498,1608.0996,0.0
22,71201.46,24,484.0,0.392,0.754,1,27910.86,36,25.0,Online,Personal Loan,1,0.7679270796871641,15100,0,0,0,A,0,16746.516,3349.3032,0.0
64,71787.09,6,701.0,0.298,0.566,0,18137.38,36,5.0,Online,Auto Refi,0,0.1512790891475837,10759,0,1,1,B,1,0.0,2176.4856,2176.4856
35,20424.27,17,660.0,0.443,0.401,0,17591.53,60,8.22,Online,Auto Refi,1,0.2653295856025703,12564,0,0,0,B,0,10554.918,2110.9835999999996,0.0
26,78221.38,0,584.0,0.488,0.4,0,30177.01,60,17.62,Online,Auto Refi,0,0.5895535919126804,8300,0,0,0,B,0,0.0,3621.2411999999995,0.0
69,64725.61,5,733.0,0.3,0.586,0,17468.07,36,5.0,Partner,Personal Loan,0,0.1070452037763799,11020,0,1,1,B,1,0.0,2096.1684,2096.1684
40,48155.36,13,658.0,0.239,0.664,0,22837.65,60,7.39,Online,Personal Loan,0,0.2140746910847811,13025,0,1,0,B,0,0.0,2740.518,0.0
52,37964.05,9,686.0,0.407,0.452,0,18159.64,36,5.83,Branch,Personal Loan,0,0.2269852858736395,5213,0,0,0,B,0,0.0,2179.1567999999997,0.0
41,33828.75,12,703.0,0.329,0.349,0,7636.71,36,5.0,Branch,Debt Consolidation,0,0.1499695483108939,16163,0,1,1,B,1,0.0,916.4051999999999,916.4051999999999
39,75805.52,10,695.0,0.099,0.961,1,12831.48,36,8.16,Online,Personal Loan,0,0.4379636861284277,16748,0,1,0,B,0,0.0,1539.7776,0.0
40,71378.15,4,647.0,0.412,0.548,0,13032.31,60,10.52,Online,Personal Loan,0,0.3246997681219289,8635,0,0,0,A,0,0.0,1563.8772,0.0
59,69721.06,21,688.0,0.508,0.047,0,16240.27,60,5.0,Online,Auto Refi,0,0.18968041288269,16278,0,0,0,B,0,0.0,1948.8324,0.0
35,62116.73,22,657.0,0.262,0.774,0,17700.59,60,8.88,Branch,Personal Loan,0,0.3171177901695918,1870,0,1,0,A,1,0.0,2124.0708,2124.0708
65,86380.55,12,745.0,0.444,0.606,1,17709.98,36,6.2,Online,Auto Refi,0,0.1815628503611987,9036,0,0,0,B,0,0.0,2125.1976,0.0
63,41049.64,5,607.0,0.305,0.625,1,9581.36,60,18.53,Online,Personal Loan,1,0.5421214362657429,4089,0,0,0,B,0,5748.816,1149.7632,0.0
58,46194.75,0,666.0,0.158,0.662,0,12353.15,60,5.43,Branch,Auto Refi,0,0.1688128676770116,15966,0,1,1,A,1,0.0,1482.378,1482.378
24,48608.39,14,682.0,0.388,0.544,0,15539.87,60,6.61,Branch,Auto Refi,0,0.2313109597353893,11352,0,1,0,B,0,0.0,1864.7844,0.0
47,46353.15,16,659.0,0.316,0.562,0,9958.28,36,7.63,Branch,Auto Refi,0,0.2464641865584911,6192,0,1,0,A,1,0.0,1194.9936,1194.9936
29,48765.93,4,708.0,0.432,0.428,0,15781.65,60,5.0,Online,Personal Loan,1,0.1265723859491949,11269,0,0,1,B,1,9468.99,1893.7979999999998,-7575.192
33,73789.41,7,759.0,0.075,0.219,0,15771.39,60,5.0,Online,Personal Loan,0,0.0766276610030586,12143,0,1,1,B,1,0.0,1892.5667999999998,1892.5667999999998
67,57707.83,5,653.0,0.28,0.552,0,8567.41,36,7.55,Partner,Personal Loan,0,0.2417096235088424,6109,0,1,0,A,1,0.0,1028.0892,1028.0892
46,76423.54,9,697.0,0.178,0.55,0,15516.59,36,5.0,Online,Auto Refi,0,0.1533519866377563,17446,0,1,1,B,1,0.0,1861.9908,1861.9908
55,84578.09,18,601.0,0.209,0.56,0,12505.94,36,11.54,Online,Debt Consolidation,0,0.3939962259008684,3351,0,0,0,A,0,0.0,1500.7128,0.0
61,48785.16,3,690.0,0.396,0.589,0,17921.15,36,6.4,Online,Debt Consolidation,0,0.2784166665226016,3963,0,1,0,B,0,0.0,2150.538,0.0
22,63419.03,1,668.0,0.373,0.362,0,3519.1,36,6.03,Branch,Personal Loan,0,0.2027546884451735,7580,0,1,0,A,1,0.0,422.292,422.292
41,62972.47,15,782.0,0.452,0.98,0,16197.79,36,5.0,Online,Debt Consolidation,0,0.0872986624107964,3240,0,0,1,A,0,0.0,1943.7348,0.0
40,78210.72,1,743.0,0.229,0.563,0,13791.0,36,5.0,Online,Debt Consolidation,0,0.0879762080965321,14607,0,1,1,B,1,0.0,1654.9199999999998,1654.9199999999998
33,70627.0,21,691.0,0.205,0.841,0,7379.33,36,5.52,Online,Personal Loan,0,0.2080015728522086,5034,0,1,0,B,0,0.0,885.5196,0.0
39,59236.09,8,731.0,0.431,0.806,2,11211.31,36,13.69,Online,Personal Loan,1,0.3826439117876806,5629,0,0,0,A,0,6726.785999999999,1345.3572,0.0
40,53354.85,20,766.0,0.355,0.438,1,9558.42,36,5.0,Branch,Personal Loan,0,0.1076064666048905,322,0,1,1,B,1,0.0,1147.0104,1147.0104
31,31825.35,15,648.0,0.276,0.141,0,3370.16,36,5.0,Online,Personal Loan,1,0.1409078680826126,16412,0,1,1,B,1,2022.0959999999998,404.4192,-1617.6767999999997
62,104100.15,0,663.0,0.479,0.401,1,19261.79,36,13.09,Online,Auto Refi,0,0.4010509384032857,7415,0,0,0,B,0,0.0,2311.4148,0.0
29,80044.83,15,651.0,0.316,0.787,1,23976.44,36,15.52,Online,Debt Consolidation,1,0.5377087044911973,9232,0,1,0,A,1,14385.864,2877.1728,-11508.6912
33,90950.89,17,557.0,0.265,0.324,0,14108.41,36,15.09,Online,Auto Refi,1,0.492169668536888,11510,0,0,0,A,0,8465.046,1693.0092,0.0
46,87311.46,15,645.0,0.33,0.502,0,25084.52,36,8.61,Online,Personal Loan,0,0.3055836155293345,10228,0,1,0,A,1,0.0,3010.1423999999997,3010.1423999999997
45,54473.81,6,761.0,0.171,0.333,0,19146.35,36,5.0,Online,Auto Refi,0,0.0758327006115097,6984,0,1,1,A,1,0.0,2297.562,2297.562
29,82611.58,22,630.0,0.322,0.8,0,11471.47,60,13.3,Online,Personal Loan,0,0.4374092541283655,18021,0,0,0,A,0,0.0,1376.5764,0.0
22,63707.08,23,785.0,0.45,0.457,0,11871.14,36,5.0,Partner,Personal Loan,0,0.086996233261176,2712,0,0,1,A,0,0.0,1424.5367999999999,0.0
40,69484.86,22,652.0,0.276,0.734,0,21918.8,36,9.31,Online,Personal Loan,0,0.3411279642167866,1855,0,1,0,A,1,0.0,2630.256,2630.256
21,24507.31,13,651.0,0.418,0.476,0,14896.47,36,9.44,Online,Debt Consolidation,0,0.336155640243417,6565,0,0,0,A,0,0.0,1787.5764,0.0
21,68636.53,22,736.0,0.482,0.55,1,15593.77,60,7.11,Online,Personal Loan,0,0.2656107872636926,1298,0,0,0,A,0,0.0,1871.2524,0.0
26,68730.26,13,707.0,0.561,0.486,1,10547.55,36,10.8,Partner,Auto Refi,0,0.3662672372684554,19958,0,0,0,B,0,0.0,1265.706,0.0
40,66810.45,7,687.0,0.093,0.398,0,12630.29,36,5.0,Online,Personal Loan,0,0.1306322936665855,4526,0,1,1,A,1,0.0,1515.6348,1515.6348
40,61571.95,19,665.0,0.133,0.32,0,24153.38,36,5.0,Online,Debt Consolidation,1,0.1471516825587683,11230,0,1,1,B,1,14492.028,2898.4056,-11593.6224
43,77304.93,21,602.0,0.316,0.433,0,6081.24,36,12.22,Partner,Debt Consolidation,1,0.4740206089913563,2294,0,0,0,B,0,3648.7439999999997,729.7488,0.0
25,76437.74,23,749.0,0.356,0.203,0,15860.38,36,5.0,Partner,Personal Loan,0,0.0957771986676577,3780,0,1,1,B,1,0.0,1903.2455999999997,1903.2455999999997
32,78007.59,15,673.0,0.182,0.593,0,4067.47,36,5.0,Branch,Personal Loan,0,0.163342240777468,4572,0,1,1,A,1,0.0,488.09639999999996,488.09639999999996
44,39546.77,6,707.0,0.133,0.24,0,21206.14,60,5.0,Online,Auto Refi,0,0.1299715050177573,9906,0,1,1,A,1,0.0,2544.7367999999997,2544.7367999999997
66,86224.82,2,661.0,0.362,0.487,0,10322.42,36,7.52,Online,Personal Loan,0,0.2017716062347531,14849,0,1,0,A,1,0.0,1238.6904,1238.6904
32,56671.63,11,629.0,0.242,0.312,0,20788.8,36,6.85,Online,Debt Consolidation,0,0.2207089670001444,5669,0,0,0,A,0,0.0,2494.656,0.0
38,46141.61,22,541.0,0.299,0.273,1,19610.21,36,21.99,Online,Auto Refi,0,0.6371958974895754,10182,0,0,0,B,0,0.0,2353.2252,0.0
45,59045.82,23,727.0,0.403,0.612,1,3771.38,36,7.16,Branch,Personal Loan,1,0.2591924675833316,9537,0,0,0,A,0,2262.828,452.5656,0.0
57,99625.34,7,740.0,0.307,0.772,1,15065.87,60,5.92,Branch,Auto Refi,0,0.1646017887337198,19298,0,1,1,A,1,0.0,1807.9044000000001,1807.9044000000001
48,95292.06,9,703.0,0.237,0.589,0,2019.19,36,5.0,Branch,Personal Loan,0,0.1584233033093007,15202,0,1,1,A,1,0.0,242.3028,242.3028
35,56181.35,4,551.0,0.324,0.35,1,3023.23,36,22.27,Partner,Personal Loan,0,0.6654218045057247,14145,0,0,0,A,0,0.0,362.7876,0.0
51,40037.82,2,653.0,0.642,0.519,0,15511.26,60,14.22,Online,Personal Loan,0,0.4729546594207587,19339,0,0,0,A,0,0.0,1861.3512,0.0
54,54773.72,20,676.0,0.283,0.297,0,10574.98,60,5.0,Online,Debt Consolidation,0,0.161880282777466,17146,0,1,1,B,1,0.0,1268.9976,1268.9976
45,44827.3,17,769.0,0.268,0.229,0,29066.06,60,5.0,Partner,Debt Consolidation,0,0.0693770368923197,2254,0,1,1,A,1,0.0,3487.9272,3487.9272
64,66975.37,1,629.0,0.455,0.292,1,20926.05,36,15.21,Online,Debt Consolidation,0,0.4169966399416178,12189,0,0,0,B,0,0.0,2511.1259999999997,0.0
39,56942.66,20,786.0,0.238,0.285,0,2000.0,36,5.0,Online,Debt Consolidation,0,0.0708546550170226,19883,0,1,1,A,1,0.0,240.0,240.0
28,69935.43,0,694.0,0.265,0.465,0,13495.75,36,5.0,Branch,Debt Consolidation,0,0.1390074938254001,9777,0,1,1,B,1,0.0,1619.49,1619.49
39,68544.32,2,777.0,0.296,0.25,0,26572.77,36,5.0,Online,Auto Refi,0,0.0732957813411335,3788,0,1,1,A,1,0.0,3188.7324,3188.7324
69,76189.17,6,670.0,0.269,0.459,0,18491.68,36,5.09,Branch,Personal Loan,0,0.1562433273045994,8122,0,1,1,A,1,0.0,2219.0016,2219.0016
56,75660.47,16,815.0,0.49,0.342,0,17257.33,60,5.0,Online,Debt Consolidation,0,0.0894554292079323,16229,0,0,1,B,1,0.0,2070.8796,2070.8796
26,66175.78,7,711.0,0.325,0.801,0,15449.0,36,5.43,Branch,Debt Consolidation,1,0.1783409447693029,2559,0,1,1,B,1,9269.4,1853.8799999999999,-7415.5199999999995
53,89931.6,0,682.0,0.39,0.181,0,17145.57,60,16.06,Online,Auto Refi,0,0.4240906189588457,10901,1,0,0,B,0,0.0,2057.4683999999997,0.0
35,84377.74,24,618.0,0.334,0.259,1,22313.66,36,13.52,Online,Debt Consolidation,1,0.430272788129722,18754,0,0,0,A,0,13388.196,2677.6392,0.0
29,69611.41,12,751.0,0.323,0.512,1,7016.92,36,5.0,Branch,Personal Loan,0,0.1380148038314776,1073,0,1,1,B,1,0.0,842.0304,842.0304
44,84659.91,20,585.0,0.384,0.427,1,14560.91,60,20.5,Online,Debt Consolidation,0,0.5796984078013658,15959,0,0,0,A,0,0.0,1747.3092,0.0
52,88142.82,7,780.0,0.217,0.677,1,24567.94,36,5.0,Online,Auto Refi,0,0.0960011991313412,18402,0,1,1,A,1,0.0,2948.1528,2948.1528
58,35382.0,12,631.0,0.247,0.272,0,4762.44,60,6.46,Partner,Personal Loan,0,0.2348839184126328,8556,0,0,0,B,0,0.0,571.4927999999999,0.0
23,78642.16,2,656.0,0.309,0.353,1,7631.39,36,9.86,Branch,Personal Loan,0,0.3253624675318538,13956,0,1,0,B,0,0.0,915.7668,0.0
48,78287.7,24,640.0,0.401,0.48,0,11824.04,36,10.26,Partner,Personal Loan,0,0.3510748413779028,15737,0,0,0,A,0,0.0,1418.8848,0.0
62,64166.63,5,764.0,0.229,0.472,0,16589.82,36,5.0,Branch,Personal Loan,0,0.0892154817111702,11501,0,1,1,A,1,0.0,1990.7784,1990.7784
66,62283.71,15,546.0,0.198,0.643,0,15073.24,36,18.69,Online,Auto Refi,1,0.5396687443650574,13402,0,0,0,B,0,9043.944,1808.7887999999998,0.0
67,41649.86,19,645.0,0.312,0.98,2,14800.62,36,23.17,Online,Debt Consolidation,1,0.7204839097243749,13865,0,0,0,B,0,8880.372,1776.0744,0.0
45,52796.07,7,595.0,0.425,0.659,0,18529.75,60,18.02,Branch,Personal Loan,0,0.5226855344243262,11683,0,0,0,B,0,0.0,2223.5699999999997,0.0
28,88600.54,15,680.0,0.503,0.398,1,23316.0,36,11.59,Online,Auto Refi,1,0.4018090810199891,13162,0,0,0,A,0,13989.6,2797.92,0.0
26,33723.39,0,650.0,0.227,0.337,0,24430.59,36,5.16,Online,Debt Consolidation,0,0.1570688569779387,7848,0,1,1,A,1,0.0,2931.6708,2931.6708
34,85576.96,3,759.0,0.535,0.16,2,16569.52,60,6.19,Online,Personal Loan,0,0.2468701413382623,17274,0,0,0,A,0,0.0,1988.3424,0.0
57,40455.22,21,679.0,0.194,0.52,1,27156.65,36,7.2,Online,Personal Loan,0,0.2521236448987524,13185,0,1,0,A,1,0.0,3258.7980000000002,3258.7980000000002
51,89572.69,15,719.0,0.593,0.317,1,3918.04,60,8.41,Partner,Personal Loan,1,0.3867033713653899,17027,0,0,0,A,0,2350.824,470.16479999999996,0.0
68,43421.78,21,680.0,0.44,0.472,1,18363.17,60,11.15,Online,Auto Refi,0,0.3447221720742491,18122,0,0,0,A,0,0.0,2203.5804,0.0
43,81444.05,7,689.0,0.199,0.713,0,14529.59,36,5.0,Branch,Personal Loan,0,0.1498144501536119,5533,0,1,1,B,1,0.0,1743.5508,1743.5508
46,109886.87,19,767.0,0.268,0.687,0,18068.15,36,5.0,Branch,Personal Loan,0,0.0873927820918908,18632,0,1,1,A,1,0.0,2168.178,2168.178
54,58740.88,8,645.0,0.52,0.448,0,20929.89,60,25.0,Online,Personal Loan,1,0.8132879510116853,3256,1,0,0,A,0,12557.934,2511.5868,0.0
57,87417.62,12,745.0,0.05,0.505,0,7130.15,36,5.0,Online,Debt Consolidation,0,0.0879750728613343,1626,0,1,1,A,1,0.0,855.6179999999999,855.6179999999999
21,58938.56,11,765.0,0.27,0.688,0,6753.57,60,5.0,Online,Personal Loan,0,0.0654455584689856,11362,0,1,1,B,1,0.0,810.4283999999999,810.4283999999999
30,83886.46,7,700.0,0.364,0.656,0,14718.2,36,5.68,Online,Debt Consolidation,1,0.175073161537907,5748,0,1,1,A,1,8830.92,1766.184,-7064.736
46,95916.16,9,830.0,0.482,0.0,0,3449.4,36,5.0,Online,Personal Loan,0,0.051496984882301,11562,0,0,1,A,0,0.0,413.928,0.0
46,60837.53,24,717.0,0.22,0.588,0,18323.38,36,5.0,Online,Personal Loan,0,0.1372218822536453,1094,0,1,1,B,1,0.0,2198.8056,2198.8056
32,80344.03,19,829.0,0.264,0.417,0,22003.14,36,5.0,Online,Personal Loan,1,0.0551013166488167,3477,0,1,1,A,1,13201.884,2640.3768,-10561.5072
27,48598.51,16,607.0,0.33,0.702,0,12167.89,60,15.11,Partner,Personal Loan,0,0.5410318392734714,11304,0,0,0,A,0,0.0,1460.1468,0.0
33,77118.46,21,631.0,0.059,0.516,2,12855.48,36,13.93,Branch,Personal Loan,1,0.3855547651377307,13187,0,0,0,A,0,7713.288,1542.6576,0.0
58,82471.91,13,605.0,0.428,0.544,0,7261.18,60,15.58,Online,Personal Loan,0,0.4474062378785757,4672,0,0,0,A,0,0.0,871.3416,0.0
41,82393.39,17,767.0,0.271,0.334,0,6818.53,36,5.0,Online,Personal Loan,0,0.0666788169725148,16430,0,1,1,A,1,0.0,818.2235999999999,818.2235999999999
31,46665.82,13,644.0,0.34,0.426,0,10141.9,36,8.18,Online,Personal Loan,0,0.2764630193536618,17718,0,1,0,B,0,0.0,1217.028,0.0
28,77357.82,4,709.0,0.355,0.358,0,12605.75,36,5.0,Branch,Auto Refi,0,0.141095123388964,8820,0,1,1,B,1,0.0,1512.69,1512.69
36,77678.04,5,654.0,0.226,0.153,1,4730.53,60,6.72,Online,Personal Loan,1,0.2255420339365675,5112,0,1,0,B,0,2838.3179999999998,567.6636,0.0
52,125581.86,18,668.0,0.378,0.468,0,12605.41,36,7.01,Partner,Personal Loan,0,0.1331535603051983,1793,0,1,1,A,1,0.0,1512.6491999999998,1512.6491999999998
51,59350.28,15,726.0,0.362,0.546,0,15904.3,36,5.0,Branch,Personal Loan,0,0.1375964741948026,8078,0,1,1,A,1,0.0,1908.5159999999998,1908.5159999999998
33,71671.69,9,717.0,0.477,0.205,0,8506.13,36,5.0,Online,Personal Loan,0,0.1427427085796374,10595,0,0,1,A,0,0.0,1020.7355999999999,0.0
63,90015.0,10,768.0,0.219,0.335,2,31195.93,60,5.0,Partner,Auto Refi,0,0.1339001348239565,13012,0,0,1,B,1,0.0,3743.5116,3743.5116
62,40701.21,24,589.0,0.192,0.48,1,10644.16,60,16.46,Online,Debt Consolidation,0,0.5635139026167357,3060,0,0,0,A,0,0.0,1277.2992,0.0
68,54757.39,16,707.0,0.285,0.0,0,12005.48,36,5.0,Online,Personal Loan,0,0.1000129392367199,13427,0,1,1,A,1,0.0,1440.6576,1440.6576
38,88191.8,12,639.0,0.25,0.453,0,16559.92,60,7.34,Partner,Personal Loan,1,0.2421584447101441,308,0,0,0,B,0,9935.952,1987.1903999999997,0.0
68,90857.46,3,620.0,0.335,0.583,1,12009.69,60,17.22,Online,Personal Loan,1,0.4968465837284697,12249,0,0,0,A,0,7205.814,1441.1628,0.0
24,31769.52,23,733.0,0.093,0.246,1,36720.11,36,5.0,Online,Auto Refi,0,0.4852879438234379,10822,0,1,0,B,0,0.0,4406.4132,0.0
41,49123.69,23,697.0,0.357,0.191,0,27472.92,36,5.0,Online,Auto Refi,0,0.1992028094793776,7699,0,1,0,B,0,0.0,3296.7503999999994,0.0
53,55273.75,1,541.0,0.34,0.206,0,13167.0,60,17.25,Online,Auto Refi,0,0.5335185313241121,11626,0,0,0,B,0,0.0,1580.04,0.0
58,63321.19,9,678.0,0.424,0.398,0,12790.13,36,6.24,Online,Personal Loan,0,0.2503652685974086,5809,0,0,0,A,0,0.0,1534.8156,0.0
26,56368.75,14,671.0,0.211,0.461,1,18716.96,60,7.69,Online,Personal Loan,0,0.2325823387406585,5470,0,1,0,A,1,0.0,2246.0352,2246.0352
51,69191.79,12,799.0,0.263,0.551,0,25512.35,36,5.0,Branch,Auto Refi,0,0.07941498902775,2482,0,1,1,A,1,0.0,3061.4819999999995,3061.4819999999995
41,57433.55,19,688.0,0.254,0.435,0,12499.4,60,5.0,Branch,Debt Consolidation,0,0.1533941808706018,16717,0,1,1,A,1,0.0,1499.9279999999999,1499.9279999999999
52,53421.57,1,661.0,0.444,0.513,0,11908.69,36,9.3,Partner,Personal Loan,0,0.3579420451540629,4511,0,0,0,A,0,0.0,1429.0428,0.0
34,73438.53,23,690.0,0.27,0.298,0,14935.96,36,5.0,Branch,Auto Refi,0,0.1450090541832924,14805,0,1,1,A,1,0.0,1792.3151999999998,1792.3151999999998
27,53325.56,23,667.0,0.251,0.435,0,7687.86,60,5.0,Online,Personal Loan,0,0.1396291798010597,18831,0,1,1,A,1,0.0,922.5432,922.5432
33,105346.85,14,599.0,0.191,0.555,0,10601.13,36,11.35,Partner,Personal Loan,0,0.4300439052159139,11814,0,0,0,B,0,0.0,1272.1355999999998,0.0
42,64290.59,10,650.0,0.335,0.226,0,13054.46,36,5.83,Partner,Auto Refi,0,0.1888323294720344,13257,0,1,0,A,1,0.0,1566.5351999999998,1566.5351999999998
48,103216.22,13,786.0,0.439,0.289,0,21803.29,60,7.02,Online,Auto Refi,1,0.323441825498512,13659,1,0,0,B,0,13081.974,2616.3948,0.0
43,71784.41,8,582.0,0.297,0.749,0,9591.83,36,17.87,Online,Personal Loan,0,0.5345201567800728,502,0,0,0,A,0,0.0,1151.0195999999999,0.0
60,72108.1,1,794.0,0.468,0.603,1,22579.96,60,5.0,Partner,Personal Loan,1,0.1101988758430573,12949,0,0,1,A,0,13547.975999999999,2709.5951999999997,0.0
36,85204.24,6,733.0,0.347,0.823,0,15538.83,60,5.0,Online,Debt Consolidation,1,0.1170188218636047,8085,0,1,1,A,1,9323.297999999999,1864.6596,-7458.638399999999
44,69594.47,0,580.0,0.28,0.228,1,10405.38,36,16.46,Online,Auto Refi,1,0.5279791423345529,11436,0,0,0,B,0,6243.227999999999,1248.6455999999998,0.0
57,79807.93,21,751.0,0.49,0.542,0,12429.9,36,5.0,Partner,Personal Loan,1,0.1335189955893742,3194,0,0,1,B,1,7457.94,1491.588,-5966.352
50,81107.32,5,560.0,0.275,0.576,0,18725.22,36,17.93,Online,Debt Consolidation,1,0.5674984040753733,11023,0,0,0,B,0,11235.132,2247.0264,0.0
43,48270.3,6,620.0,0.226,0.0,0,22865.59,60,5.0,Branch,Personal Loan,0,0.1389768828295596,15929,0,0,1,B,1,0.0,2743.8707999999997,2743.8707999999997
49,61786.27,7,588.0,0.219,0.354,0,21120.29,60,10.88,Online,Debt Consolidation,0,0.3676622689794673,1208,0,0,0,A,0,0.0,2534.4348,0.0
54,64837.48,4,713.0,0.434,0.654,0,10336.07,36,5.61,Branch,Auto Refi,0,0.1822442664235068,15319,0,0,0,B,0,0.0,1240.3283999999999,0.0
23,81801.54,20,770.0,0.379,0.466,0,14204.32,60,9.21,Partner,Auto Refi,1,0.2909354484699192,11284,1,0,0,A,0,8522.591999999999,1704.5184,0.0
65,66875.73,14,785.0,0.334,0.21,2,27497.49,36,5.0,Online,Auto Refi,0,0.0996327843312277,14412,0,0,1,A,0,0.0,3299.6988,0.0
26,55699.34,24,699.0,0.21,0.395,1,10934.86,36,5.0,Branch,Personal Loan,0,0.1702235967659321,4443,0,1,1,B,1,0.0,1312.1832,1312.1832
28,82751.51,15,598.0,0.347,0.198,0,17091.33,60,10.65,Online,Debt Consolidation,0,0.3624563014820522,10557,0,0,0,B,0,0.0,2050.9596,0.0
36,68084.99,15,785.0,0.234,0.567,0,4859.07,60,5.0,Online,Auto Refi,0,0.0798814526585326,9168,0,1,1,B,1,0.0,583.0884,583.0884
35,83041.16,13,759.0,0.475,0.491,0,7277.04,36,5.0,Online,Personal Loan,0,0.1029594425690541,6110,0,0,1,B,1,0.0,873.2447999999999,873.2447999999999
65,87207.31,2,609.0,0.375,0.526,0,27216.77,36,25.0,Branch,Debt Consolidation,1,0.7333277494130798,19222,1,0,0,B,0,16330.062,3266.0124,0.0
33,43413.94,21,604.0,0.336,0.325,0,13237.6,36,11.15,Online,Personal Loan,0,0.3715034096161405,1670,0,0,0,B,0,0.0,1588.512,0.0
38,83271.62,24,683.0,0.141,0.648,1,16384.83,36,7.12,Branch,Debt Consolidation,0,0.2277740351859788,4783,0,1,0,B,0,0.0,1966.1796000000002,0.0
38,69275.43,22,518.0,0.133,0.303,0,11439.19,36,16.58,Online,Personal Loan,1,0.4233204916766171,10253,0,0,0,B,0,6863.514,1372.7028,0.0
35,104664.84,12,667.0,0.341,0.677,0,18472.52,60,8.39,Partner,Personal Loan,0,0.2992284930104933,11353,0,1,0,A,1,0.0,2216.7024,2216.7024
55,62408.82,10,830.0,0.417,0.377,0,16124.0,60,5.0,Branch,Auto Refi,0,0.0449440859159087,15871,0,0,1,B,1,0.0,1934.8799999999999,1934.8799999999999
24,42641.41,8,555.0,0.333,0.128,2,23991.07,36,24.16,Branch,Auto Refi,1,0.5287110157884783,7207,0,0,0,B,0,14394.642,2878.9284,0.0
51,39598.93,2,781.0,0.424,0.905,1,9001.46,36,5.38,Branch,Personal Loan,0,0.2444523675088772,3247,0,0,0,A,0,0.0,1080.1752,0.0
66,60257.42,1,649.0,0.504,0.145,0,18924.88,36,7.88,Online,Personal Loan,0,0.2914086843501682,17468,0,0,0,B,0,0.0,2270.9856,0.0
51,43122.01,13,706.0,0.308,0.33,0,11879.52,60,5.0,Online,Personal Loan,1,0.1535983766940604,3934,0,1,1,A,1,7127.712,1425.5424,-5702.1696
67,86307.16,17,830.0,0.295,0.0,2,13207.35,60,5.0,Online,Personal Loan,0,0.0474329996891358,18442,0,0,1,A,0,0.0,1584.882,0.0
35,79942.76,1,694.0,0.484,0.526,0,16981.07,60,6.96,Partner,Auto Refi,0,0.2500715098594785,10137,0,0,0,B,0,0.0,2037.7284,0.0
33,79500.67,2,597.0,0.325,0.644,0,6117.27,60,15.43,Online,Personal Loan,0,0.4925067775627143,14553,0,0,0,A,0,0.0,734.0724,0.0
59,97160.61,18,666.0,0.396,0.515,0,26341.68,36,7.94,Online,Debt Consolidation,0,0.259734308401687,158,0,1,0,A,1,0.0,3161.0016,3161.0016
45,20000.0,21,756.0,0.401,0.837,0,17953.04,36,5.0,Online,Personal Loan,0,0.1080347179164347,18709,0,0,1,A,0,0.0,2154.3648,0.0
62,70015.56,1,731.0,0.164,0.347,0,29753.27,36,5.0,Online,Debt Consolidation,0,0.1047070703972609,9172,0,1,1,A,1,0.0,3570.3923999999997,3570.3923999999997
28,70585.48,13,713.0,0.559,0.264,0,19157.96,36,5.0,Partner,Personal Loan,0,0.1659305508234829,3941,0,0,1,B,1,0.0,2298.9552,2298.9552
25,74847.18,13,758.0,0.508,0.261,0,18732.64,60,5.0,Online,Debt Consolidation,1,0.1118708542376402,2178,0,0,1,A,0,11239.583999999999,2247.9168,0.0
61,130344.4,2,796.0,0.435,0.274,0,20964.52,36,5.0,Branch,Personal Loan,0,0.0401397912009573,7934,0,0,1,B,1,0.0,2515.7424,2515.7424
34,89624.47,15,636.0,0.241,0.207,0,23880.92,36,5.37,Branch,Debt Consolidation,0,0.1656136246409339,9729,0,0,1,A,0,0.0,2865.7103999999995,0.0
52,83040.58,7,753.0,0.402,0.245,0,21160.1,36,5.0,Online,Personal Loan,0,0.0955066980601326,9799,0,0,1,A,0,0.0,2539.2119999999995,0.0
29,54984.21,1,757.0,0.396,0.447,0,16085.11,36,5.0,Online,Auto Refi,0,0.0945238946171974,8614,0,1,1,A,1,0.0,1930.2132,1930.2132
56,42323.04,7,707.0,0.465,0.38,0,16493.65,36,5.0,Online,Debt Consolidation,0,0.1471602758713421,12625,0,0,1,A,0,0.0,1979.238,0.0
52,22112.37,1,661.0,0.558,0.445,0,23852.94,36,10.68,Online,Personal Loan,1,0.4544437405866486,13419,0,0,0,B,0,14311.764,2862.3527999999997,0.0
64,57378.75,19,643.0,0.354,0.74,1,12333.71,36,16.76,Branch,Auto Refi,1,0.5052587810160563,5904,0,1,0,B,0,7400.225999999999,1480.0451999999998,0.0
65,84226.08,24,763.0,0.25,0.442,0,39679.83,36,5.0,Partner,Personal Loan,0,0.111713913141026,15625,0,1,1,A,1,0.0,4761.5796,4761.5796
36,76089.58,11,631.0,0.392,0.55,0,12846.18,36,11.84,Branch,Personal Loan,0,0.3905892336150745,19860,0,0,0,A,0,0.0,1541.5416,0.0
53,80279.0,21,682.0,0.389,0.376,0,17405.41,60,5.25,Partner,Auto Refi,0,0.1825673032501167,7387,0,1,0,B,0,0.0,2088.6492,0.0
35,47850.01,23,717.0,0.37,0.98,2,20232.22,36,16.1,Branch,Auto Refi,1,0.5309299278353014,12771,0,0,0,A,0,12139.332,2427.8664,0.0
48,37945.99,21,693.0,0.183,0.232,0,12185.27,36,5.0,Online,Auto Refi,0,0.156002967993026,2772,0,1,1,A,1,0.0,1462.2324,1462.2324
26,34822.93,19,567.0,0.22,0.077,0,15807.28,60,10.21,Partner,Debt Consolidation,1,0.2856768532090423,16425,0,0,0,A,0,9484.368,1896.8736,0.0
49,110037.8,15,789.0,0.416,0.409,0,13802.71,60,5.0,Online,Debt Consolidation,0,0.0878230506575347,7281,0,0,1,B,1,0.0,1656.3251999999998,1656.3251999999998
68,49538.66,17,776.0,0.38,0.314,1,27310.41,36,5.0,Partner,Personal Loan,0,0.0806086404902719,13929,0,1,1,B,1,0.0,3277.2491999999997,3277.2491999999997
48,49567.13,1,728.0,0.383,0.778,0,19158.0,60,5.0,Online,Auto Refi,1,0.1204444771223484,16608,0,1,1,B,1,11494.8,2298.96,-9195.84
43,84883.39,9,578.0,0.41,0.785,1,21411.45,36,25.0,Online,Debt Consolidation,1,0.8184893988501335,10313,0,0,0,A,0,12846.87,2569.374,0.0
31,72177.8,1,649.0,0.295,0.292,0,8078.91,36,5.87,Online,Auto Refi,0,0.1837394703431667,5254,0,1,0,A,1,0.0,969.4692,969.4692
25,77862.23,10,669.0,0.181,0.278,1,17638.75,60,5.76,Partner,Personal Loan,0,0.1647804937599077,9821,0,1,1,B,1,0.0,2116.65,2116.65
47,39447.76,17,686.0,0.158,0.318,0,2000.0,60,5.0,Online,Personal Loan,0,0.1420233557221314,6723,0,1,1,B,1,0.0,240.0,240.0
42,61140.46,14,825.0,0.259,0.557,0,15999.72,36,5.0,Partner,Personal Loan,0,0.0436418125087572,1989,0,1,1,B,1,0.0,1919.9663999999998,1919.9663999999998
26,69924.84,12,617.0,0.245,0.452,1,11882.95,60,13.96,Branch,Debt Consolidation,0,0.4115921381309158,7047,0,0,0,B,0,0.0,1425.954,0.0
22,75816.05,5,723.0,0.521,0.481,0,13656.78,36,5.0,Online,Auto Refi,0,0.1986672716383168,1363,0,0,0,A,0,0.0,1638.8136,0.0
50,40192.32,20,728.0,0.206,0.468,0,12727.34,60,5.0,Online,Personal Loan,0,0.132097271945836,15269,0,1,1,B,1,0.0,1527.2808,1527.2808
25,64231.31,13,639.0,0.42,0.217,0,15834.54,36,8.1,Online,Auto Refi,0,0.2918153457594578,1368,0,0,0,A,0,0.0,1900.1448,0.0
50,56942.63,4,642.0,0.285,0.721,0,8573.92,36,10.41,Branch,Personal Loan,0,0.3247158454038124,11235,0,1,0,B,0,0.0,1028.8704,0.0
41,52446.45,0,684.0,0.288,0.796,0,13117.6,60,7.03,Branch,Personal Loan,0,0.2344670208196077,17210,0,1,0,A,1,0.0,1574.112,1574.112
32,69372.35,7,649.0,0.348,0.747,0,17076.75,60,11.09,Partner,Auto Refi,1,0.383042773002181,6249,0,1,0,B,0,10246.05,2049.21,0.0
66,75073.36,12,593.0,0.275,0.701,0,12548.28,60,15.48,Online,Debt Consolidation,1,0.4715829159580559,15673,0,0,0,B,0,7528.968,1505.7936,0.0
39,44913.08,16,695.0,0.423,0.455,0,11855.24,60,5.35,Online,Auto Refi,0,0.2033614346711062,4611,0,0,0,B,0,0.0,1422.6288,0.0
21,59685.22,3,718.0,0.175,0.622,1,8753.25,36,5.0,Partner,Personal Loan,0,0.1555173712689558,15708,0,1,1,B,1,0.0,1050.3899999999999,1050.3899999999999
41,59046.98,18,697.0,0.05,0.532,0,12378.74,36,11.27,Branch,Debt Consolidation,1,0.3085942625571855,11220,1,0,0,A,0,7427.244,1485.4488,0.0
67,74355.31,10,674.0,0.206,0.444,0,13953.72,60,5.0,Branch,Debt Consolidation,1,0.1492184686302202,6667,0,1,1,B,1,8372.232,1674.4463999999998,-6697.7856
35,86151.13,2,830.0,0.15,0.14,0,25386.87,36,5.0,Online,Debt Consolidation,0,0.0375518754941229,16557,0,1,1,A,1,0.0,3046.4244,3046.4244
55,68311.65,22,729.0,0.413,0.296,3,9204.58,36,12.42,Online,Auto Refi,0,0.3940433581677964,6019,0,0,0,A,0,0.0,1104.5496,0.0
45,93608.35,0,703.0,0.311,0.653,0,12247.42,60,5.0,Branch,Personal Loan,0,0.1450979764817668,7042,0,1,1,A,1,0.0,1469.6904,1469.6904
51,73916.82,8,797.0,0.17,0.831,1,23254.62,36,5.0,Online,Personal Loan,0,0.1237528720371747,12254,0,1,1,A,1,0.0,2790.5544,2790.5544
22,46045.75,20,778.0,0.058,0.672,1,16062.94,60,5.0,Branch,Auto Refi,1,0.0923714592868024,50,0,1,1,B,1,9637.764,1927.5528,-7710.2112
58,60715.07,0,761.0,0.237,0.555,0,21327.76,36,5.0,Online,Debt Consolidation,0,0.0764024191661224,12172,0,1,1,A,1,0.0,2559.3311999999996,2559.3311999999996
46,53592.0,11,738.0,0.295,0.445,0,13554.64,36,5.0,Online,Debt Consolidation,0,0.0979506267126234,18662,0,1,1,A,1,0.0,1626.5567999999998,1626.5567999999998
37,31169.52,6,725.0,0.393,0.423,1,12865.69,36,5.59,Online,Personal Loan,0,0.1860277821462708,15557,0,1,0,A,1,0.0,1543.8828,1543.8828
46,84124.91,10,756.0,0.278,0.253,1,11747.34,36,5.0,Online,Debt Consolidation,0,0.1259218360734676,12530,0,1,1,B,1,0.0,1409.6807999999999,1409.6807999999999
50,88325.25,3,774.0,0.365,0.142,0,12368.93,36,5.0,Branch,Auto Refi,0,0.0719342233656665,10552,0,1,1,B,1,0.0,1484.2716,1484.2716
57,71925.2,22,580.0,0.448,0.467,0,10527.87,36,18.1,Online,Auto Refi,0,0.5004530624334547,4420,0,0,0,B,0,0.0,1263.3444,0.0
42,75360.39,0,679.0,0.275,0.475,0,21023.19,60,5.0,Branch,Auto Refi,1,0.1437855840965927,7297,0,1,1,B,1,12613.913999999999,2522.7828,-10091.1312
38,34469.28,16,758.0,0.318,0.537,0,29880.58,60,5.0,Branch,Auto Refi,0,0.0935427491310196,7235,0,1,1,A,1,0.0,3585.6696,3585.6696
39,67822.57,24,713.0,0.504,0.468,0,15454.46,60,5.21,Online,Debt Consolidation,0,0.2282247752919686,5951,0,0,0,A,0,0.0,1854.5351999999998,0.0
51,37462.06,2,736.0,0.321,0.825,0,21589.71,36,5.0,Online,Auto Refi,1,0.1131231005519743,76,0,1,1,B,1,12953.826,2590.7652,-10363.0608
66,84854.78,19,624.0,0.239,0.734,0,14728.85,60,11.49,Online,Personal Loan,0,0.3418851193649845,19421,0,0,0,A,0,0.0,1767.462,0.0
41,83278.1,8,616.0,0.209,0.186,0,19873.63,60,6.37,Partner,Debt Consolidation,1,0.221291887513048,15881,0,0,0,A,0,11924.178,2384.8356,0.0
58,76541.61,21,673.0,0.2,0.623,0,5124.4,60,5.18,Online,Auto Refi,0,0.1863460216128509,18456,0,1,0,A,1,0.0,614.9279999999999,614.9279999999999
42,65501.83,2,756.0,0.114,0.462,0,6100.21,60,5.0,Online,Personal Loan,0,0.0836410615672609,10430,0,1,1,B,1,0.0,732.0251999999999,732.0251999999999
37,101964.4,23,655.0,0.198,0.328,0,13929.56,36,5.0,Partner,Debt Consolidation,0,0.1520074365004434,7167,0,1,1,B,1,0.0,1671.5472,1671.5472
23,78023.86,3,665.0,0.357,0.391,0,10530.09,36,6.3,Online,Personal Loan,0,0.2248615687931493,3003,0,1,0,A,1,0.0,1263.6108,1263.6108
62,70833.54,12,790.0,0.39,0.574,0,25192.73,60,5.0,Branch,Debt Consolidation,0,0.0870973232031709,10465,0,1,1,B,1,0.0,3023.1276,3023.1276
37,53164.13,21,708.0,0.362,0.539,0,4807.71,36,5.0,Online,Personal Loan,0,0.1388617085101164,4488,0,1,1,B,1,0.0,576.9252,576.9252
52,94533.84,2,688.0,0.152,0.58,0,14951.21,36,5.0,Online,Debt Consolidation,0,0.1682101835585216,15138,0,1,1,B,1,0.0,1794.1452,1794.1452
63,67974.45,5,722.0,0.28,0.085,0,9725.67,36,5.0,Online,Personal Loan,0,0.1056325570005796,1184,0,1,1,B,1,0.0,1167.0804,1167.0804
36,52338.64,13,812.0,0.296,0.302,1,13726.88,60,5.0,Branch,Auto Refi,0,0.0842605449137744,16063,0,1,1,B,1,0.0,1647.2255999999998,1647.2255999999998
57,43492.61,21,513.0,0.248,0.379,0,42158.8,36,20.63,Online,Personal Loan,1,0.526323745035318,9905,0,0,0,A,0,25295.280000000002,5059.0560000000005,0.0
64,75104.69,1,610.0,0.267,0.229,0,15700.35,36,8.25,Online,Debt Consolidation,0,0.2377276949484155,8254,0,0,0,B,0,0.0,1884.042,0.0
38,71856.16,21,689.0,0.157,0.261,0,18978.73,36,5.0,Branch,Debt Consolidation,0,0.1603880417372353,6923,0,1,1,A,1,0.0,2277.4476,2277.4476
48,49705.78,9,811.0,0.389,0.316,0,4044.66,60,5.0,Online,Personal Loan,0,0.057536908720638,8492,0,1,1,A,1,0.0,485.3592,485.3592
52,70558.34,24,781.0,0.138,0.691,0,11614.11,36,6.18,Branch,Personal Loan,1,0.1843870347728497,2824,1,0,0,B,0,6968.466,1393.6932,0.0
50,56085.87,8,674.0,0.309,0.477,0,20935.37,36,5.55,Online,Debt Consolidation,0,0.1910477148111208,11755,0,1,0,A,1,0.0,2512.2443999999996,2512.2443999999996
48,63152.91,24,562.0,0.302,0.263,0,18165.31,36,14.6,Online,Debt Consolidation,0,0.4604167560405043,2130,0,0,0,A,0,0.0,2179.8372,0.0
41,70019.73,15,614.0,0.279,0.226,0,13066.44,36,22.24,Online,Personal Loan,0,0.6027142084114357,8739,1,0,0,A,0,0.0,1567.9728,0.0
42,71521.05,12,555.0,0.545,0.153,0,17106.65,60,19.45,Online,Auto Refi,1,0.5775458502319577,12793,0,0,0,B,0,10263.99,2052.7980000000002,0.0
64,40683.53,15,746.0,0.274,0.582,0,13564.75,36,5.0,Branch,Personal Loan,0,0.0999191302128417,4677,0,1,1,B,1,0.0,1627.77,1627.77
41,54856.5,18,660.0,0.37,0.878,0,22578.48,36,11.77,Branch,Personal Loan,0,0.3913234577183264,2670,0,1,0,A,1,0.0,2709.4175999999998,2709.4175999999998
64,92803.85,5,673.0,0.247,0.98,0,10183.5,36,9.12,Partner,Auto Refi,0,0.3680209649552608,2841,0,1,0,B,0,0.0,1222.02,0.0
61,63431.82,21,658.0,0.227,0.829,0,8599.14,60,22.97,Online,Personal Loan,1,0.7112612857552727,13959,1,0,0,B,0,5159.4839999999995,1031.8968,0.0
59,63305.01,6,701.0,0.233,0.348,0,15720.52,60,5.0,Branch,Personal Loan,0,0.1569761174369915,9493,0,1,1,B,1,0.0,1886.4624,1886.4624
59,85972.66,7,755.0,0.174,0.944,0,10428.23,36,5.0,Online,Debt Consolidation,0,0.122873646937388,6743,0,1,1,B,1,0.0,1251.3875999999998,1251.3875999999998
28,69598.57,20,685.0,0.369,0.047,0,20695.6,36,5.0,Branch,Personal Loan,0,0.1311476760724915,323,0,1,1,A,1,0.0,2483.4719999999998,2483.4719999999998
55,87605.69,15,661.0,0.411,0.773,0,17884.48,36,11.33,Online,Debt Consolidation,0,0.3867927634399176,571,0,0,0,A,0,0.0,2146.1376,0.0
56,61779.61,22,762.0,0.452,0.426,0,3346.43,60,5.0,Online,Debt Consolidation,0,0.0791844805002839,11667,0,0,1,B,1,0.0,401.5716,401.5716
41,68507.4,1,745.0,0.45,0.338,1,16566.04,60,5.0,Branch,Auto Refi,0,0.11895354666747,1408,0,0,1,B,1,0.0,1987.9248,1987.9248
28,69001.01,18,594.0,0.236,0.845,2,12144.94,60,25.0,Online,Personal Loan,0,0.8123871848866228,19215,0,0,0,A,0,0.0,1457.3928,0.0
68,81877.66,21,748.0,0.408,0.548,0,23537.74,60,5.0,Online,Debt Consolidation,0,0.107711629240963,11513,0,0,1,A,0,0.0,2824.5288,0.0
64,43674.59,12,692.0,0.495,0.802,0,19482.21,60,9.95,Online,Personal Loan,0,0.3968405289512007,197,0,0,0,B,0,0.0,2337.8651999999997,0.0
54,43598.91,1,551.0,0.258,0.456,0,8587.97,36,17.19,Branch,Debt Consolidation,0,0.5852269092073143,7386,0,0,0,A,0,0.0,1030.5564,0.0
51,49016.74,22,717.0,0.05,0.55,0,20997.61,36,5.0,Online,Debt Consolidation,0,0.1285884853738445,10397,0,1,1,B,1,0.0,2519.7132,2519.7132
52,65330.75,6,721.0,0.358,0.403,1,11924.48,36,5.19,Partner,Personal Loan,0,0.1975198830102364,7732,0,1,0,B,0,0.0,1430.9376,0.0
69,96249.47,4,629.0,0.123,0.701,1,19185.33,36,12.89,Online,Personal Loan,0,0.3467850821305933,7016,0,0,0,A,0,0.0,2302.2396000000003,0.0
26,48086.69,15,681.0,0.366,0.43,0,18844.92,60,5.41,Partner,Personal Loan,1,0.189921200343834,17627,0,1,0,A,1,11306.952,2261.3903999999998,-9045.561599999999
67,58748.29,9,599.0,0.133,0.51,0,27149.1,36,9.7,Online,Debt Consolidation,0,0.2674433543930467,8735,0,0,0,B,0,0.0,3257.892,0.0
44,79883.54,4,731.0,0.197,0.976,0,11719.9,36,5.0,Online,Debt Consolidation,0,0.121397660564836,17499,0,1,1,B,1,0.0,1406.388,1406.388
53,79474.56,1,663.0,0.386,0.749,0,3923.22,36,10.36,Online,Personal Loan,0,0.3693201214213324,15664,0,1,0,A,1,0.0,470.78639999999996,470.78639999999996
50,62277.34,6,624.0,0.463,0.291,0,10448.11,36,11.16,Partner,Personal Loan,1,0.3588451472467882,11714,0,0,0,B,0,6268.866,1253.7732,0.0
59,101431.79,16,652.0,0.192,0.657,0,11968.01,36,7.07,Online,Auto Refi,1,0.2128588157529335,15422,0,1,0,A,1,7180.806,1436.1612,-5744.6448
26,60767.72,22,666.0,0.05,0.437,3,7606.08,36,13.68,Online,Personal Loan,0,0.3128652234262144,6863,0,0,0,B,0,0.0,912.7296,0.0
58,93441.73,7,649.0,0.246,0.376,0,15045.69,60,5.75,Online,Debt Consolidation,1,0.1735574534609503,6606,0,1,1,A,1,9027.414,1805.4828,-7221.931200000001
68,43793.4,3,492.0,0.493,0.373,0,11171.26,60,25.0,Online,Personal Loan,1,0.8242658020968796,17055,0,0,0,A,0,6702.756,1340.5511999999999,0.0
36,38967.6,18,750.0,0.414,0.348,0,17140.88,60,5.0,Branch,Personal Loan,0,0.1020351644052916,10345,0,0,1,A,0,0.0,2056.9056,0.0
39,37153.15,12,593.0,0.332,0.148,0,31319.89,36,10.42,Online,Auto Refi,0,0.3210186086009198,14301,0,0,0,B,0,0.0,3758.3867999999998,0.0
61,75463.15,17,670.0,0.372,0.791,0,2000.0,60,9.87,Branch,Personal Loan,1,0.3085480096465322,8268,0,1,0,B,0,1200.0,240.0,0.0
56,71042.21,13,606.0,0.429,0.491,0,18024.0,36,14.77,Partner,Auto Refi,0,0.5099547333380764,4786,0,0,0,A,0,0.0,2162.88,0.0
55,61997.87,7,721.0,0.197,0.361,0,7926.39,36,5.0,Branch,Personal Loan,0,0.1443423033613633,5799,0,1,1,B,1,0.0,951.1668,951.1668
24,37878.22,19,624.0,0.058,0.306,0,22601.93,36,5.0,Online,Debt Consolidation,0,0.1343861077912068,12332,0,0,1,A,0,0.0,2712.2316,0.0
48,59198.51,3,723.0,0.064,0.389,0,11689.27,36,5.0,Online,Debt Consolidation,0,0.1271573700801512,5154,0,1,1,A,1,0.0,1402.7124,1402.7124
51,61737.16,20,743.0,0.43,0.221,0,16634.79,36,5.0,Online,Auto Refi,0,0.102074018472825,8855,0,0,1,B,1,0.0,1996.1748,1996.1748
50,38523.34,22,587.0,0.539,0.678,0,2386.07,36,21.72,Online,Personal Loan,0,0.6544339181192832,19196,0,0,0,B,0,0.0,286.3284,0.0
45,69318.58,23,665.0,0.416,0.577,0,25884.08,60,8.98,Partner,Debt Consolidation,0,0.3271804710234059,6701,0,0,0,A,0,0.0,3106.0896000000002,0.0
29,61649.71,15,748.0,0.315,0.394,1,17234.09,36,5.0,Branch,Auto Refi,0,0.1337441271396425,1673,0,1,1,B,1,0.0,2068.0908,2068.0908
34,96619.19,14,614.0,0.607,0.495,1,22334.75,36,22.72,Partner,Personal Loan,0,0.6884951801395739,5044,0,0,0,B,0,0.0,2680.17,0.0
49,42497.18,10,644.0,0.289,0.532,1,11054.59,36,12.68,Online,Personal Loan,0,0.4355443786327085,881,0,1,0,A,1,0.0,1326.5508,1326.5508
64,62628.27,15,690.0,0.264,0.532,0,8395.31,60,5.0,Online,Debt Consolidation,0,0.1504156906006041,19784,0,1,1,A,1,0.0,1007.4371999999998,1007.4371999999998
65,121916.96,10,661.0,0.327,0.378,0,27751.32,60,6.03,Online,Personal Loan,0,0.1240005274609531,14867,0,1,1,B,1,0.0,3330.1584,3330.1584
69,97869.13,3,618.0,0.316,0.648,0,17475.11,36,12.83,Online,Auto Refi,0,0.3950533924233705,17721,0,0,0,A,0,0.0,2097.0132,0.0
62,62775.2,6,720.0,0.277,0.513,0,21668.59,36,5.0,Branch,Personal Loan,0,0.1431262088393696,7243,0,1,1,A,1,0.0,2600.2308,2600.2308
35,71389.6,14,628.0,0.558,0.673,0,9184.59,36,17.17,Online,Personal Loan,0,0.5168286989886537,5932,0,0,0,B,0,0.0,1102.1508,0.0
35,70762.64,23,638.0,0.395,0.417,0,10301.16,36,9.7,Online,Debt Consolidation,0,0.3226257604655761,11725,0,0,0,A,0,0.0,1236.1391999999998,0.0
54,69417.4,3,747.0,0.393,0.316,0,16733.76,60,5.0,Online,Personal Loan,0,0.0972326044284309,2954,0,1,1,A,1,0.0,2008.0511999999997,2008.0511999999997
60,56750.33,1,830.0,0.324,0.6,0,16283.49,36,5.0,Online,Debt Consolidation,0,0.0447426630771012,9876,0,1,1,B,1,0.0,1954.0187999999998,1954.0187999999998
65,69148.72,22,732.0,0.153,0.517,0,13748.39,36,5.0,Online,Debt Consolidation,0,0.106911601264273,1576,0,1,1,B,1,0.0,1649.8067999999998,1649.8067999999998
22,64126.26,20,748.0,0.238,0.572,0,13293.78,60,5.0,Branch,Debt Consolidation,0,0.0955415422674292,928,0,1,1,A,1,0.0,1595.2536,1595.2536
52,51791.94,24,641.0,0.362,0.525,0,12254.36,36,9.87,Online,Personal Loan,0,0.3287273552364768,4925,0,1,0,A,1,0.0,1470.5232,1470.5232
47,29233.62,9,641.0,0.31,0.651,1,13685.65,36,14.86,Online,Auto Refi,0,0.4736457426845951,15467,0,1,0,B,0,0.0,1642.2779999999998,0.0
50,63542.95,1,625.0,0.21,0.608,1,3267.72,36,14.11,Online,Personal Loan,1,0.4170916737181464,17108,0,0,0,B,0,1960.6319999999998,392.1264,0.0
59,47769.33,19,743.0,0.281,0.729,1,16890.39,60,5.0,Branch,Auto Refi,0,0.1303271220999627,14674,0,1,1,B,1,0.0,2026.8467999999998,2026.8467999999998
65,36788.22,7,659.0,0.303,0.227,2,24582.84,60,12.57,Branch,Debt Consolidation,1,0.4040418472573248,16955,0,0,0,B,0,14749.704,2949.9408,0.0
21,91405.34,7,480.0,0.363,0.068,1,14817.22,36,25.0,Branch,Personal Loan,1,0.6491523109830657,1617,0,0,0,A,0,8890.331999999999,1778.0664,0.0
56,93396.74,8,630.0,0.223,0.116,0,18575.54,60,5.0,Online,Auto Refi,0,0.1494420268802017,61,0,0,1,B,1,0.0,2229.0648,2229.0648
48,61095.72,13,764.0,0.396,0.404,0,21545.51,60,5.0,Branch,Debt Consolidation,1,0.0816478603292824,1311,0,1,1,B,1,12927.305999999999,2585.4611999999997,-10341.844799999999
37,83891.22,21,830.0,0.553,0.405,0,17955.37,60,5.0,Online,Auto Refi,0,0.0968304190640757,3517,0,0,1,A,0,0.0,2154.6443999999997,0.0
34,78528.21,15,770.0,0.162,0.209,1,14824.39,36,5.0,Online,Debt Consolidation,0,0.10525491687733,11636,0,1,1,B,1,0.0,1778.9268,1778.9268
47,61480.75,16,724.0,0.118,0.241,1,9900.02,36,5.0,Online,Debt Consolidation,0,0.1416163427398901,9757,0,1,1,A,1,0.0,1188.0024,1188.0024
39,70929.28,20,765.0,0.524,0.326,0,17747.65,36,5.0,Online,Debt Consolidation,0,0.1086862866532163,15651,0,0,1,B,1,0.0,2129.7180000000003,2129.7180000000003
23,98397.07,0,649.0,0.353,0.481,0,10914.44,60,8.46,Partner,Personal Loan,0,0.3058850233624092,7057,0,1,0,B,0,0.0,1309.7328,0.0
49,64548.41,15,740.0,0.172,0.579,0,9123.87,36,5.0,Branch,Personal Loan,0,0.1085681816107841,12291,0,1,1,B,1,0.0,1094.8644000000002,1094.8644000000002
35,63177.22,1,675.0,0.3,0.61,0,7589.37,36,6.42,Online,Personal Loan,0,0.1972425456352245,4987,0,1,0,A,1,0.0,910.7244,910.7244
28,83542.3,17,713.0,0.312,0.564,0,20307.12,36,5.0,Online,Personal Loan,0,0.1339252166247357,6738,0,1,1,A,1,0.0,2436.8543999999997,2436.8543999999997
64,50919.1,17,654.0,0.488,0.395,1,32198.28,36,14.22,Branch,Personal Loan,1,0.4861225451166018,1050,0,0,0,B,0,19318.967999999997,3863.7935999999995,0.0
34,49088.32,21,636.0,0.47,0.611,1,2000.0,36,18.58,Branch,Debt Consolidation,0,0.5407478216775055,9208,0,0,0,A,0,0.0,240.0,0.0
42,37039.31,6,783.0,0.239,0.369,1,21568.45,36,5.0,Online,Personal Loan,0,0.0994751812986759,2723,0,1,1,A,1,0.0,2588.214,2588.214
60,86738.7,10,738.0,0.443,0.765,0,20396.22,60,5.0,Online,Personal Loan,0,0.0906548526567322,1210,0,0,1,A,0,0.0,2447.5464,0.0
43,57864.71,21,669.0,0.393,0.489,0,14867.37,36,21.34,Partner,Debt Consolidation,0,0.5618674862374665,9059,1,0,0,A,0,0.0,1784.0844,0.0
69,53957.85,1,506.0,0.05,0.452,0,19936.93,36,18.02,Online,Debt Consolidation,1,0.4165460982774757,12259,0,0,0,A,0,11962.158,2392.4316,0.0
21,59693.95,3,651.0,0.242,0.784,1,16736.87,60,13.84,Online,Personal Loan,1,0.4151455974525374,3655,0,1,0,A,1,10042.122,2008.4243999999999,-8033.6975999999995
45,59323.19,9,636.0,0.202,0.545,1,25814.66,36,11.97,Online,Personal Loan,0,0.386266466105428,8109,0,0,0,B,0,0.0,3097.7592,0.0
32,77549.96,10,707.0,0.243,0.635,0,7587.81,60,5.0,Online,Personal Loan,1,0.129186276802343,11419,0,1,1,B,1,4552.686,910.5372,-3642.1488
32,60335.04,5,649.0,0.399,0.663,0,16784.32,60,11.28,Online,Debt Consolidation,1,0.355653103762287,18579,0,1,0,A,1,10070.591999999999,2014.1183999999998,-8056.473599999999
52,67025.02,12,696.0,0.272,0.41,1,16371.14,60,6.03,Online,Personal Loan,0,0.2203220616142785,14812,0,1,0,B,0,0.0,1964.5367999999999,0.0
38,89785.8,12,774.0,0.53,0.671,0,23235.2,36,5.0,Online,Debt Consolidation,0,0.0972805501855197,4238,0,0,1,B,1,0.0,2788.224,2788.224
65,38771.48,7,578.0,0.41,0.963,0,14887.79,60,23.24,Online,Personal Loan,1,0.7304961089017706,12138,0,0,0,B,0,8932.674,1786.5348000000001,0.0
44,63747.93,13,650.0,0.205,0.336,0,13078.28,36,5.0,Partner,Personal Loan,0,0.1599118528519045,2729,0,1,1,B,1,0.0,1569.3936,1569.3936
23,53845.81,3,727.0,0.179,0.536,2,13962.18,60,6.5,Online,Personal Loan,0,0.2141661953069674,7383,0,0,0,A,0,0.0,1675.4615999999999,0.0
64,42505.92,24,616.0,0.388,0.204,0,15544.8,36,9.65,Branch,Debt Consolidation,0,0.300931673460259,2453,0,0,0,B,0,0.0,1865.3759999999997,0.0
34,49089.79,8,610.0,0.363,0.33,0,5230.76,60,11.16,Online,Personal Loan,0,0.3255467827603555,18713,0,0,0,B,0,0.0,627.6912,0.0
39,67978.03,7,729.0,0.379,0.299,0,2000.0,36,5.0,Online,Personal Loan,0,0.1122641623742581,18858,0,1,1,A,1,0.0,240.0,240.0
30,86322.09,16,671.0,0.408,0.639,0,12907.38,60,8.86,Partner,Debt Consolidation,0,0.3300937983428266,18570,0,0,0,A,0,0.0,1548.8855999999998,0.0
68,45016.2,9,754.0,0.296,0.703,1,24741.32,36,5.0,Online,Personal Loan,0,0.1148572038918866,15108,0,1,1,B,1,0.0,2968.9584,2968.9584
24,75193.28,13,565.0,0.118,0.135,1,24660.29,60,13.6,Online,Debt Consolidation,1,0.4097026229274961,11979,0,0,0,B,0,14796.173999999999,2959.2348,0.0
67,103202.77,8,783.0,0.314,0.598,1,27927.91,60,5.0,Partner,Auto Refi,0,0.0564797885351875,4206,0,1,1,B,1,0.0,3351.3491999999997,3351.3491999999997
53,59356.15,9,716.0,0.313,0.535,0,3366.7,36,5.0,Online,Debt Consolidation,1,0.1436706735235953,12132,0,1,1,B,1,2020.0199999999998,404.00399999999996,-1616.0159999999998
65,29635.7,19,648.0,0.276,0.369,0,17370.18,36,6.25,Branch,Personal Loan,0,0.2064362527427045,4380,0,1,0,B,0,0.0,2084.4216,0.0
52,54784.29,8,776.0,0.202,0.49,0,15481.28,36,5.0,Online,Debt Consolidation,0,0.0837334032536002,13482,0,1,1,B,1,0.0,1857.7536,1857.7536
49,44528.02,14,693.0,0.173,0.417,0,29201.34,36,5.0,Online,Personal Loan,1,0.1648851432628711,849,0,1,1,A,1,17520.804,3504.1608,-14016.6432
53,60787.06,7,493.0,0.061,0.365,0,18357.68,36,18.78,Online,Auto Refi,0,0.6815546989395757,8590,0,0,0,B,0,0.0,2202.9216,0.0
47,62034.65,22,727.0,0.378,0.268,0,20317.17,60,5.0,Branch,Personal Loan,0,0.1306268301508037,9080,0,1,1,B,1,0.0,2438.0604,2438.0604
67,50323.95,6,713.0,0.173,0.543,0,11349.06,36,5.0,Branch,Debt Consolidation,1,0.1398924989203545,12298,0,1,1,A,1,6809.436,1361.8872,-5447.5488
43,43128.89,2,590.0,0.347,0.206,0,22969.15,60,11.63,Partner,Personal Loan,0,0.3865067321917814,9355,0,0,0,A,0,0.0,2756.2980000000002,0.0
58,45646.21,3,698.0,0.338,0.347,2,8706.74,36,10.29,Online,Personal Loan,0,0.3192366212589912,6107,0,0,0,A,0,0.0,1044.8088,0.0
36,49156.97,6,664.0,0.289,0.654,2,28032.15,36,25.0,Online,Personal Loan,1,0.7576674491351632,7823,1,0,0,A,0,16819.29,3363.858,0.0
62,62049.39,21,680.0,0.114,0.721,0,24150.29,36,5.0,Online,Personal Loan,0,0.1585239937744966,9909,0,1,1,B,1,0.0,2898.0348,2898.0348
29,93219.03,22,611.0,0.327,0.44,0,17981.83,36,25.0,Branch,Personal Loan,1,0.7979674149446249,10732,1,0,0,B,0,10789.098,2157.8196000000003,0.0
57,82239.34,14,702.0,0.292,0.326,0,20679.87,36,5.0,Online,Personal Loan,0,0.1424457291778953,12586,0,1,1,B,1,0.0,2481.5843999999997,2481.5843999999997
26,68540.78,15,676.0,0.376,0.452,0,20223.73,36,6.18,Online,Personal Loan,0,0.2301258574665445,15728,0,1,0,B,0,0.0,2426.8476,0.0
47,58880.23,12,675.0,0.438,0.378,0,19541.45,60,6.54,Branch,Auto Refi,0,0.227720041564487,15314,0,0,0,B,0,0.0,2344.974,0.0
34,82549.14,18,724.0,0.335,0.484,0,26825.15,60,13.52,Online,Auto Refi,0,0.4104974803904065,9496,1,0,0,B,0,0.0,3219.018,0.0
65,107286.5,21,730.0,0.588,0.326,0,10338.48,36,5.0,Online,Personal Loan,0,0.1465843247986919,16067,0,0,1,A,0,0.0,1240.6175999999998,0.0
33,48564.7,24,558.0,0.181,0.392,0,15253.37,36,13.96,Online,Auto Refi,1,0.5027532874660141,15132,0,0,0,B,0,9152.022,1830.4044000000001,0.0
43,42387.12,0,830.0,0.269,0.505,0,23790.29,60,5.0,Branch,Personal Loan,0,0.0379806166011896,13627,0,1,1,A,1,0.0,2854.8348,2854.8348
27,49407.68,11,585.0,0.291,0.698,0,15586.13,36,16.73,Online,Personal Loan,0,0.4847797801801662,9844,0,0,0,A,0,0.0,1870.3355999999999,0.0
43,69526.45,5,660.0,0.4,0.175,0,20656.28,36,5.54,Online,Personal Loan,0,0.1843989969531692,5981,0,1,0,B,0,0.0,2478.7535999999996,0.0
66,64731.6,13,645.0,0.327,0.98,0,16325.37,36,13.8,Online,Debt Consolidation,0,0.3864090935870422,7525,0,1,0,A,1,0.0,1959.0444,1959.0444
26,68175.08,22,635.0,0.555,0.477,0,12287.16,36,25.0,Online,Debt Consolidation,1,0.8417277453818821,10996,1,0,0,B,0,7372.295999999999,1474.4592,0.0
34,81713.91,2,657.0,0.233,0.261,1,17284.88,36,7.45,Online,Personal Loan,1,0.2314671810092576,18724,0,1,0,A,1,10370.928,2074.1856000000002,-8296.7424
67,77683.34,7,490.0,0.256,0.496,1,15979.57,36,25.0,Online,Personal Loan,1,0.7439346163771777,14252,0,0,0,B,0,9587.742,1917.5484,0.0
66,72506.92,24,644.0,0.195,0.752,0,18913.02,36,8.79,Partner,Personal Loan,0,0.3230149126168206,13527,0,1,0,A,1,0.0,2269.5624,2269.5624
27,68611.28,2,722.0,0.312,0.509,0,19132.69,36,5.0,Partner,Auto Refi,0,0.1353741142939004,9899,0,1,1,B,1,0.0,2295.9228,2295.9228
68,61961.0,20,690.0,0.232,0.346,0,14610.66,60,5.0,Online,Personal Loan,0,0.1407529717767787,14380,0,1,1,B,1,0.0,1753.2792,1753.2792
51,79895.73,11,717.0,0.204,0.718,1,2000.0,60,5.77,Online,Debt Consolidation,0,0.166717540995279,4482,0,1,1,B,1,0.0,240.0,240.0
34,60664.15,2,646.0,0.333,0.363,1,8191.62,60,11.5,Online,Auto Refi,0,0.3674836140944236,14162,0,1,0,B,0,0.0,982.9943999999999,0.0
39,36198.04,9,759.0,0.215,0.415,0,19099.0,60,5.0,Branch,Auto Refi,0,0.0979131439220574,13507,0,1,1,B,1,0.0,2291.88,2291.88
67,55815.98,12,672.0,0.153,0.15,0,7793.91,60,11.88,Online,Personal Loan,0,0.3107399160711749,10279,1,0,0,A,0,0.0,935.2692,0.0
69,51973.19,23,698.0,0.407,0.27,0,17195.32,60,5.0,Branch,Debt Consolidation,0,0.155315835187197,3508,0,0,1,A,0,0.0,2063.4384,0.0
63,67897.69,23,697.0,0.183,0.429,0,14250.74,36,5.0,Online,Personal Loan,0,0.1611425425404129,6694,0,1,1,A,1,0.0,1710.0888,1710.0888
41,57508.73,10,649.0,0.055,0.446,0,12781.21,60,5.0,Online,Debt Consolidation,0,0.1344410434667221,9643,0,1,1,B,1,0.0,1533.7451999999998,1533.7451999999998
55,27429.44,3,712.0,0.363,0.492,0,10309.93,36,5.0,Online,Personal Loan,1,0.1551895817207882,11246,0,1,1,A,1,6185.958,1237.1915999999999,-4948.7663999999995
48,27552.62,7,728.0,0.219,0.705,0,17343.27,60,5.0,Branch,Personal Loan,0,0.1205703683417853,16198,0,1,1,B,1,0.0,2081.1924,2081.1924
43,45602.84,1,545.0,0.327,0.476,2,24044.25,36,25.0,Partner,Debt Consolidation,0,0.7666642708484955,9925,0,0,0,B,0,0.0,2885.31,0.0
65,60150.42,8,722.0,0.122,0.583,1,17316.44,60,5.0,Branch,Debt Consolidation,0,0.1375849494692496,513,0,1,1,A,1,0.0,2077.9727999999996,2077.9727999999996
47,66649.92,14,649.0,0.174,0.64,0,13576.38,36,6.87,Online,Debt Consolidation,0,0.2375783400805593,4354,0,1,0,A,1,0.0,1629.1655999999998,1629.1655999999998
48,95707.51,5,721.0,0.19,0.268,1,13745.12,60,5.0,Online,Personal Loan,0,0.1569094751055715,17526,0,1,1,B,1,0.0,1649.4144000000001,1649.4144000000001
58,89400.44,18,806.0,0.51,0.722,0,14589.52,60,10.61,Online,Personal Loan,0,0.2514304761959307,19123,1,0,0,A,0,0.0,1750.7424,0.0
39,80260.21,13,747.0,0.369,0.488,0,13561.29,36,5.0,Online,Personal Loan,0,0.0995898425098277,3659,0,1,1,B,1,0.0,1627.3548,1627.3548
65,79665.14,0,527.0,0.377,0.801,1,8286.76,60,25.0,Online,Auto Refi,1,0.8249204960381928,3239,0,0,0,B,0,4972.056,994.4112,0.0
45,74559.56,4,688.0,0.416,0.544,0,27563.56,36,6.54,Branch,Auto Refi,1,0.2680291812716575,14296,0,0,0,B,0,16538.136,3307.6272,0.0
32,67711.89,23,789.0,0.455,0.722,0,11618.76,36,5.0,Online,Auto Refi,0,0.078619309664384,16112,0,0,1,B,1,0.0,1394.2512,1394.2512
54,79850.81,13,613.0,0.522,0.567,0,17662.69,36,16.88,Online,Debt Consolidation,1,0.5694148941739362,2156,0,0,0,B,0,10597.614,2119.5227999999997,0.0
38,65023.19,14,680.0,0.332,0.345,1,18622.32,36,7.82,Branch,Auto Refi,0,0.2664464642618904,4779,0,1,0,A,1,0.0,2234.6784,2234.6784
66,44439.55,1,659.0,0.355,0.612,0,15523.65,36,8.86,Online,Debt Consolidation,0,0.2801657908070644,9635,0,1,0,A,1,0.0,1862.838,1862.838
28,60521.94,11,628.0,0.402,0.847,0,20546.15,36,15.79,Online,Personal Loan,1,0.5217054931525947,13523,0,0,0,B,0,12327.69,2465.538,0.0
45,72411.54,15,677.0,0.464,0.712,0,11146.36,36,10.07,Branch,Debt Consolidation,1,0.2938506401111544,7156,0,0,0,B,0,6687.816,1337.5632,0.0
69,104386.47,22,579.0,0.356,0.487,0,23706.53,60,16.4,Online,Personal Loan,0,0.4720434573879911,11466,0,0,0,A,0,0.0,2844.7835999999998,0.0
60,63882.42,1,590.0,0.337,0.7,0,22696.23,36,17.22,Partner,Auto Refi,1,0.504330275853302,6871,0,0,0,A,0,13617.738,2723.5476,0.0
61,99506.17,13,673.0,0.236,0.186,0,14375.23,60,5.0,Online,Personal Loan,0,0.1508008577011998,7091,0,1,1,B,1,0.0,1725.0276,1725.0276
61,81542.0,12,656.0,0.351,0.341,0,16072.36,36,20.26,Partner,Auto Refi,0,0.5487940637878733,11401,1,0,0,A,0,0.0,1928.6832,0.0
41,45780.68,1,720.0,0.301,0.0,1,13252.04,36,5.0,Online,Auto Refi,0,0.1149106767160891,4029,0,1,1,B,1,0.0,1590.2448,1590.2448
59,95393.48,8,643.0,0.241,0.149,1,18681.54,60,7.93,Online,Personal Loan,0,0.258533076207374,8493,0,1,0,A,1,0.0,2241.7848,2241.7848
31,79642.39,6,669.0,0.476,0.826,0,14759.08,36,12.35,Branch,Debt Consolidation,0,0.5171533043822865,15743,0,0,0,B,0,0.0,1771.0896,0.0
43,81606.49,15,648.0,0.197,0.609,2,23754.29,36,16.07,Online,Auto Refi,0,0.5276551023948814,10423,0,0,0,A,0,0.0,2850.5148,0.0
40,77100.63,18,756.0,0.291,0.542,0,17481.93,36,5.0,Branch,Personal Loan,0,0.0952988614177915,17478,0,1,1,B,1,0.0,2097.8316,2097.8316
25,51141.48,17,810.0,0.333,0.0,0,21699.77,36,5.0,Branch,Auto Refi,0,0.0427939697928735,2762,0,1,1,A,1,0.0,2603.9724,2603.9724
49,90884.75,9,685.0,0.248,0.257,0,17135.85,60,5.0,Partner,Debt Consolidation,0,0.1557360188010929,9687,0,1,1,A,1,0.0,2056.3019999999997,2056.3019999999997
36,60069.48,14,754.0,0.301,0.373,1,17872.36,60,5.0,Partner,Personal Loan,0,0.1343250879188229,5881,0,1,1,B,1,0.0,2144.6832,2144.6832
65,76362.89,10,745.0,0.312,0.123,0,8745.06,36,5.0,Online,Personal Loan,0,0.082312112946031,6880,0,1,1,A,1,0.0,1049.4071999999999,1049.4071999999999
31,75088.04,6,622.0,0.05,0.593,0,8726.14,60,6.87,Online,Debt Consolidation,0,0.2146532428927822,11041,0,0,0,B,0,0.0,1047.1368,0.0
28,60664.82,12,588.0,0.435,0.517,0,18816.51,60,17.41,Online,Debt Consolidation,1,0.5148027834876275,15768,0,0,0,A,0,11289.905999999999,2257.9811999999997,0.0
36,65687.26,13,702.0,0.526,0.295,1,6808.07,36,8.67,Branch,Debt Consolidation,0,0.3288038903335974,4125,0,0,0,B,0,0.0,816.9684,0.0
46,72097.88,6,648.0,0.549,0.463,1,15638.48,60,17.11,Online,Personal Loan,0,0.579975641773702,16079,0,0,0,A,0,0.0,1876.6175999999998,0.0
56,71385.63,2,611.0,0.237,0.541,2,4269.73,60,20.56,Online,Personal Loan,1,0.5264869452157882,11123,0,0,0,B,0,2561.8379999999997,512.3675999999999,0.0
50,46355.14,5,603.0,0.467,0.698,0,29328.55,36,18.43,Online,Auto Refi,1,0.5672158790115874,7065,0,0,0,A,0,17597.129999999997,3519.426,0.0
30,107830.95,17,727.0,0.05,0.365,0,18640.59,60,5.0,Online,Debt Consolidation,0,0.1040004674546439,14043,0,1,1,B,1,0.0,2236.8708,2236.8708
68,49847.5,14,759.0,0.374,0.398,0,10454.18,36,5.0,Partner,Auto Refi,0,0.1024653204432629,8241,0,1,1,A,1,0.0,1254.5016,1254.5016
42,61535.86,23,692.0,0.401,0.294,0,16298.45,36,5.0,Branch,Personal Loan,0,0.1622625686271567,1080,0,0,1,B,1,0.0,1955.814,1955.814
62,72364.98,18,704.0,0.44,0.468,1,28631.09,36,8.61,Online,Auto Refi,1,0.3901889337707797,4861,0,0,0,B,0,17178.654,3435.7308,0.0
24,68781.78,17,635.0,0.102,0.329,2,20731.9,60,12.31,Online,Auto Refi,1,0.3470042044459908,3155,0,0,0,B,0,12439.140000000001,2487.828,0.0
29,47995.4,10,652.0,0.159,0.635,0,12926.79,36,6.33,Online,Personal Loan,1,0.2348221285905516,16489,0,1,0,A,1,7756.0740000000005,1551.2148,-6204.859200000001
26,60421.99,20,696.0,0.324,0.566,0,26173.9,60,5.0,Branch,Personal Loan,0,0.1558433517936326,17537,0,1,1,B,1,0.0,3140.868,3140.868
52,63834.78,8,830.0,0.263,0.107,0,11357.33,60,5.0,Online,Personal Loan,0,0.0340967266791937,13579,0,1,1,A,1,0.0,1362.8796,1362.8796
42,58541.12,21,789.0,0.103,0.553,0,16211.34,36,5.0,Online,Auto Refi,0,0.0725543271279976,11578,0,1,1,B,1,0.0,1945.3608,1945.3608
56,80712.57,23,750.0,0.306,0.403,1,13432.8,60,5.0,Online,Debt Consolidation,0,0.1324177438210251,18054,0,1,1,A,1,0.0,1611.936,1611.936
32,54101.34,16,740.0,0.404,0.675,0,16267.14,60,5.0,Branch,Personal Loan,0,0.1018158752817396,16863,0,0,1,B,1,0.0,1952.0567999999998,1952.0567999999998
64,55599.89,21,643.0,0.313,0.147,1,11546.4,36,9.17,Online,Auto Refi,0,0.2927724597319359,11601,0,1,0,A,1,0.0,1385.568,1385.568
39,75175.55,6,769.0,0.137,0.495,0,6293.31,60,5.0,Online,Auto Refi,0,0.0746573033928243,19692,0,1,1,A,1,0.0,755.1972000000001,755.1972000000001
66,55976.53,11,694.0,0.318,0.295,0,23231.85,36,5.0,Branch,Personal Loan,0,0.1443175726159021,14873,0,1,1,B,1,0.0,2787.8219999999997,2787.8219999999997
50,104087.83,5,612.0,0.397,0.148,0,16850.4,36,9.63,Partner,Auto Refi,1,0.323205147063461,1583,0,0,0,A,0,10110.24,2022.048,0.0
24,59272.85,18,740.0,0.296,0.39,0,22310.07,60,5.0,Online,Debt Consolidation,0,0.0974310224393422,11791,0,1,1,A,1,0.0,2677.2084,2677.2084
30,40121.66,9,604.0,0.241,0.044,1,25385.83,60,10.78,Online,Personal Loan,1,0.3372390675109579,6256,0,0,0,B,0,15231.498,3046.2996000000003,0.0
39,64644.27,24,584.0,0.588,0.723,0,19608.59,60,23.45,Online,Auto Refi,1,0.7623732721046211,11797,0,0,0,A,0,11765.154,2353.0308,0.0
60,69230.37,16,653.0,0.301,0.599,0,14748.22,36,8.34,Online,Personal Loan,0,0.2923190845501997,16423,0,1,0,A,1,0.0,1769.7864,1769.7864
22,57381.28,4,762.0,0.379,0.587,0,4669.69,60,5.0,Online,Personal Loan,0,0.0903337525465055,18462,0,1,1,A,1,0.0,560.3627999999999,560.3627999999999
68,93382.66,13,666.0,0.274,0.213,0,12913.37,60,5.0,Branch,Personal Loan,0,0.1380374198639964,13192,0,1,1,B,1,0.0,1549.6044,1549.6044
38,52803.27,24,612.0,0.58,0.352,0,23877.21,36,15.73,Online,Personal Loan,1,0.5862444869927385,8761,0,0,0,A,0,14326.326,2865.2652,0.0
34,20000.0,19,639.0,0.143,0.746,0,14930.64,36,8.29,Online,Debt Consolidation,0,0.2743934742419908,7378,0,0,0,B,0,0.0,1791.6768,0.0
27,79029.5,17,760.0,0.341,0.682,0,24712.78,36,5.0,Online,Debt Consolidation,0,0.0899686641946101,16956,0,1,1,A,1,0.0,2965.5335999999998,2965.5335999999998
43,86923.67,14,710.0,0.367,0.421,0,10295.61,60,5.0,Branch,Personal Loan,0,0.1469176208976745,18006,0,1,1,A,1,0.0,1235.4732000000001,1235.4732000000001
36,52797.55,7,738.0,0.491,0.285,1,10022.26,36,5.0,Branch,Personal Loan,1,0.1444539544961616,8439,0,0,1,A,0,6013.356,1202.6712,0.0
32,43170.55,0,783.0,0.372,0.0,0,14923.18,60,5.0,Branch,Personal Loan,0,0.0569312108508515,1517,0,1,1,B,1,0.0,1790.7816,1790.7816
58,66006.85,12,650.0,0.225,0.378,0,10178.02,36,5.41,Branch,Debt Consolidation,0,0.1831806882508955,3471,0,1,0,A,1,0.0,1221.3624,1221.3624
49,44672.1,14,772.0,0.359,0.338,0,16365.9,60,7.4,Branch,Debt Consolidation,0,0.1843324302166562,1814,1,0,0,A,0,0.0,1963.908,0.0
62,44112.71,6,600.0,0.154,0.923,0,21969.78,36,14.71,Partner,Debt Consolidation,1,0.5475893675901584,11275,0,0,0,B,0,13181.867999999999,2636.3736,0.0
66,47268.67,10,658.0,0.368,0.499,1,15754.34,36,12.45,Online,Auto Refi,1,0.3916471240659494,6801,0,1,0,A,1,9452.604,1890.5208,-7562.083199999999
23,117914.03,12,699.0,0.58,0.581,0,11372.44,60,8.61,Online,Auto Refi,1,0.4945612641342554,5296,0,0,0,B,0,6823.464,1364.6928,0.0
32,71748.49,21,718.0,0.511,0.686,1,17425.14,60,10.74,Branch,Personal Loan,1,0.3455427912843339,3606,0,0,0,B,0,10455.083999999999,2091.0168,0.0
64,70578.13,20,620.0,0.38,0.23,1,2000.0,36,13.94,Online,Auto Refi,0,0.4091551729023482,8733,0,0,0,A,0,0.0,240.0,0.0
44,47505.77,10,698.0,0.322,0.714,0,12964.68,36,5.66,Branch,Debt Consolidation,0,0.1620762631764847,12,0,1,1,B,1,0.0,1555.7616,1555.7616
63,65961.69,14,692.0,0.536,0.305,0,10332.38,36,6.07,Branch,Auto Refi,0,0.2572930608982166,2742,0,0,0,A,0,0.0,1239.8855999999998,0.0
24,55789.96,11,631.0,0.307,0.348,1,13969.18,36,12.48,Online,Debt Consolidation,0,0.4009905547087962,7455,0,0,0,B,0,0.0,1676.3016,0.0
66,97772.59,7,635.0,0.329,0.219,0,19454.24,60,6.96,Online,Auto Refi,0,0.2024493338455843,5649,0,0,0,B,0,0.0,2334.5088,0.0
57,63618.12,13,653.0,0.241,0.402,0,18413.92,36,5.6,Branch,Debt Consolidation,0,0.1819612206837041,10721,0,1,0,A,1,0.0,2209.6703999999995,2209.6703999999995
37,71453.72,23,601.0,0.334,0.498,0,23392.99,60,13.44,Online,Personal Loan,0,0.4238609700303177,547,0,0,0,B,0,0.0,2807.1588,0.0
68,87045.54,13,719.0,0.175,0.627,0,22089.81,60,5.0,Online,Auto Refi,0,0.1272424112410433,2318,0,1,1,B,1,0.0,2650.7772,2650.7772
40,77960.55,20,695.0,0.315,0.587,0,23995.44,60,5.0,Online,Personal Loan,1,0.152590829933602,10000,0,1,1,B,1,14397.264,2879.4527999999996,-11517.8112
27,45852.03,18,682.0,0.234,0.308,1,2000.0,60,5.8,Online,Personal Loan,0,0.1739712090180754,12502,0,1,1,B,1,0.0,240.0,240.0
69,38602.67,18,702.0,0.269,0.652,0,25934.57,60,5.0,Partner,Debt Consolidation,0,0.1462896700994706,19811,0,1,1,B,1,0.0,3112.1484,3112.1484
61,60830.98,13,589.0,0.377,0.609,0,6467.09,60,17.08,Partner,Auto Refi,0,0.5647038451336878,187,0,0,0,A,0,0.0,776.0508,0.0
44,55739.96,22,577.0,0.249,0.395,0,19457.21,60,13.26,Online,Debt Consolidation,0,0.4207557868960588,11846,0,0,0,B,0,0.0,2334.8651999999997,0.0
23,69576.5,0,696.0,0.36,0.586,0,32774.86,60,5.41,Online,Personal Loan,0,0.174007023535767,11342,0,1,1,A,1,0.0,3932.9832,3932.9832
32,76459.39,24,592.0,0.21,0.374,0,10859.08,36,10.51,Online,Debt Consolidation,0,0.3426596264029585,17390,0,0,0,B,0,0.0,1303.0896,0.0
69,48051.85,6,671.0,0.335,0.19,2,24795.91,60,11.42,Online,Auto Refi,0,0.3547114619247211,10079,0,0,0,A,0,0.0,2975.5092,0.0
26,84706.21,12,697.0,0.319,0.425,1,14790.99,36,6.81,Partner,Personal Loan,0,0.2322878204138191,14262,0,1,0,A,1,0.0,1774.9188,1774.9188
56,53181.39,13,713.0,0.176,0.583,0,11280.06,36,5.0,Online,Personal Loan,0,0.1417358888436789,16382,0,1,1,B,1,0.0,1353.6072,1353.6072
44,69233.31,11,627.0,0.372,0.18,0,24415.33,36,7.99,Online,Personal Loan,0,0.271692925467912,8313,0,0,0,B,0,0.0,2929.8396000000002,0.0
43,55497.62,4,706.0,0.395,0.511,0,12562.59,60,5.0,Online,Auto Refi,0,0.1637717944867607,19744,0,1,1,B,1,0.0,1507.5108,1507.5108
45,64151.23,17,708.0,0.441,0.656,1,11645.83,60,10.17,Online,Debt Consolidation,1,0.2968163769805197,8620,0,0,0,A,0,6987.498,1397.4995999999999,0.0
57,84722.17,23,616.0,0.387,0.474,0,27145.89,36,12.57,Online,Personal Loan,0,0.4551369416093633,6212,0,0,0,B,0,0.0,3257.5067999999997,0.0
38,81648.06,15,703.0,0.235,0.485,0,14027.56,60,5.0,Partner,Personal Loan,0,0.1586128909404323,4591,0,1,1,A,1,0.0,1683.3072,1683.3072
25,60684.71,7,737.0,0.257,0.457,0,17259.72,60,5.0,Online,Personal Loan,0,0.1160981821602073,13748,0,1,1,A,1,0.0,2071.1664,2071.1664
51,72636.39,12,604.0,0.364,0.448,0,24094.91,36,13.11,Branch,Personal Loan,1,0.440868472504445,999,0,0,0,A,0,14456.946,2891.3892,0.0
31,53517.14,3,724.0,0.268,0.216,0,22013.18,36,5.0,Online,Personal Loan,0,0.1344566382611653,6158,0,1,1,B,1,0.0,2641.5816,2641.5816
22,39145.41,15,771.0,0.375,0.437,1,23032.48,36,5.0,Online,Personal Loan,0,0.1188892219840961,14557,0,1,1,B,1,0.0,2763.8976,2763.8976
69,58275.62,10,707.0,0.469,0.564,2,20877.0,60,14.48,Online,Personal Loan,0,0.3803584564338924,10476,0,0,0,A,0,0.0,2505.24,0.0
22,79539.84,8,749.0,0.435,0.666,1,23654.1,36,6.23,Branch,Personal Loan,0,0.2480881241869068,1006,0,0,0,A,0,0.0,2838.4919999999997,0.0
37,71025.07,15,659.0,0.344,0.515,1,9077.95,36,11.96,Branch,Debt Consolidation,0,0.3603618840541605,19540,0,1,0,B,0,0.0,1089.354,0.0
36,47414.28,12,624.0,0.233,0.596,0,2726.72,36,9.92,Branch,Personal Loan,0,0.3377733997154698,6150,0,0,0,A,0,0.0,327.2064,0.0
22,52287.85,19,708.0,0.356,0.277,1,12907.45,60,5.26,Online,Debt Consolidation,0,0.1763917345788111,311,0,1,1,B,1,0.0,1548.894,1548.894
58,47417.03,10,624.0,0.494,0.23,0,14066.66,36,11.18,Online,Auto Refi,0,0.4192839844029118,3887,0,0,0,A,0,0.0,1687.9992,0.0
60,95065.49,22,673.0,0.469,0.297,0,5598.94,36,6.55,Branch,Personal Loan,1,0.2176781032948747,15084,0,0,0,B,0,3359.3639999999996,671.8728,0.0
28,73986.6,16,739.0,0.19,0.283,0,23014.83,36,5.0,Online,Personal Loan,0,0.0884767254402028,6697,0,1,1,A,1,0.0,2761.7796000000003,2761.7796000000003
31,73493.13,20,721.0,0.195,0.403,0,4428.69,60,5.0,Online,Debt Consolidation,0,0.1429639599085595,8646,0,1,1,B,1,0.0,531.4427999999999,531.4427999999999
21,46876.58,8,768.0,0.395,0.34,0,10379.21,36,5.0,Online,Auto Refi,0,0.0804412656061616,19552,0,1,1,A,1,0.0,1245.5051999999998,1245.5051999999998
60,55404.92,12,665.0,0.441,0.471,0,13389.54,36,8.38,Online,Personal Loan,0,0.2932398839793093,19164,0,0,0,B,0,0.0,1606.7448,0.0
51,96775.38,19,670.0,0.287,0.334,1,12819.2,36,7.85,Online,Personal Loan,0,0.276250584177326,17738,0,1,0,B,0,0.0,1538.304,0.0
46,66565.65,3,593.0,0.267,0.627,0,8227.88,36,14.46,Branch,Personal Loan,0,0.4439879712139669,12349,0,0,0,A,0,0.0,987.3455999999999,0.0
59,54159.07,20,703.0,0.315,0.552,1,12355.37,36,7.31,Online,Auto Refi,0,0.2318473464309121,6644,0,1,0,A,1,0.0,1482.6444000000001,1482.6444000000001
59,63589.89,1,644.0,0.486,0.113,1,12836.94,36,12.04,Branch,Debt Consolidation,1,0.3858126259375146,16811,0,0,0,B,0,7702.164,1540.4328,0.0
54,49320.08,21,583.0,0.487,0.475,0,15583.15,60,18.58,Online,Personal Loan,0,0.5610281307432593,11969,0,0,0,A,0,0.0,1869.9779999999998,0.0
64,67520.8,13,695.0,0.441,0.72,0,8666.17,36,7.87,Branch,Auto Refi,0,0.2475521590295201,3637,0,0,0,B,0,0.0,1039.9404,0.0
59,57965.9,17,680.0,0.182,0.745,1,31352.91,36,9.02,Branch,Debt Consolidation,0,0.3271717076742877,14310,0,1,0,A,1,0.0,3762.3491999999997,3762.3491999999997
29,68367.06,10,699.0,0.194,0.477,0,19672.48,36,5.0,Online,Personal Loan,0,0.1525207923377605,17267,0,1,1,B,1,0.0,2360.6976,2360.6976
62,40971.37,21,674.0,0.288,0.553,0,26110.54,36,5.82,Online,Auto Refi,0,0.2105250763249796,2549,0,1,0,B,0,0.0,3133.2648,0.0
21,82650.93,2,576.0,0.307,0.253,0,6568.01,60,12.89,Branch,Personal Loan,0,0.4455323230471999,18531,0,0,0,B,0,0.0,788.1612,0.0
62,104787.15,7,710.0,0.135,0.64,0,15902.7,36,5.0,Partner,Personal Loan,0,0.1538052457346009,10492,0,1,1,B,1,0.0,1908.324,1908.324
30,51490.55,0,824.0,0.192,0.412,0,10889.13,60,5.0,Online,Auto Refi,0,0.0650996437715365,8677,0,1,1,B,1,0.0,1306.6955999999998,1306.6955999999998
56,76731.74,18,654.0,0.476,0.318,0,9517.35,60,8.62,Online,Debt Consolidation,0,0.3105024941065738,18973,0,0,0,B,0,0.0,1142.082,0.0
33,86443.32,16,628.0,0.294,0.385,0,15867.83,60,8.51,Partner,Debt Consolidation,0,0.307064729448415,14014,0,0,0,A,0,0.0,1904.1396,0.0
33,111245.67,6,647.0,0.156,0.171,0,8235.84,36,5.0,Branch,Debt Consolidation,0,0.1944807013565435,13386,0,1,0,A,1,0.0,988.3008,988.3008
46,36076.06,5,602.0,0.387,0.525,0,16394.14,36,14.76,Partner,Debt Consolidation,0,0.5075632476984058,5298,0,0,0,A,0,0.0,1967.2967999999998,0.0
41,59165.25,21,742.0,0.223,0.486,0,15414.68,36,5.0,Online,Personal Loan,0,0.097780431060558,14124,0,1,1,B,1,0.0,1849.7616,1849.7616
45,67533.92,22,569.0,0.38,0.786,1,19829.94,36,25.0,Online,Auto Refi,1,0.8296268510833263,13007,0,0,0,B,0,11897.963999999998,2379.5928,0.0
31,84155.43,10,675.0,0.418,0.29,0,28220.22,60,5.55,Online,Personal Loan,0,0.1679861574793457,5597,0,0,1,B,1,0.0,3386.4264,3386.4264
35,53749.65,20,764.0,0.209,0.542,0,7841.83,36,5.0,Online,Personal Loan,0,0.0720571961194467,7295,0,1,1,B,1,0.0,941.0196,941.0196
27,86160.58,14,655.0,0.243,0.288,0,9720.96,60,5.0,Partner,Personal Loan,0,0.1426148029677924,12285,0,1,1,A,1,0.0,1166.5151999999998,1166.5151999999998
63,51252.86,11,645.0,0.278,0.279,0,22195.94,60,5.83,Online,Personal Loan,0,0.199350364568419,18375,0,1,0,A,1,0.0,2663.5128,2663.5128
48,60403.96,8,693.0,0.244,0.733,0,19842.68,36,5.08,Branch,Debt Consolidation,1,0.1511401697365506,33,0,1,1,B,1,11905.608,2381.1216,-9524.4864
49,42313.05,13,571.0,0.143,0.484,0,7788.98,60,12.67,Online,Auto Refi,1,0.4149799225848558,12193,0,0,0,A,0,4673.388,934.6775999999999,0.0
23,62010.23,2,757.0,0.474,0.099,0,17010.12,36,5.0,Online,Personal Loan,0,0.0824849356992181,12683,0,0,1,A,0,0.0,2041.2143999999998,0.0
46,69366.79,17,702.0,0.253,0.74,0,30692.25,60,5.0,Online,Debt Consolidation,0,0.1589899688381105,14285,0,1,1,B,1,0.0,3683.0699999999997,3683.0699999999997
62,94460.8,0,585.0,0.369,0.384,0,17902.1,36,14.7,Online,Auto Refi,0,0.4263927394274072,5094,0,0,0,A,0,0.0,2148.252,0.0
33,80864.95,8,666.0,0.362,0.449,1,8902.66,60,25.0,Online,Auto Refi,1,0.7561164206120126,9224,1,0,0,B,0,5341.596,1068.3192,0.0
29,93541.28,4,716.0,0.461,0.436,0,27060.6,36,16.65,Online,Debt Consolidation,0,0.4766148873007172,19688,1,0,0,A,0,0.0,3247.2719999999995,0.0
32,61947.8,6,641.0,0.408,0.317,1,17230.55,60,13.12,Online,Personal Loan,0,0.416890318857786,15007,0,0,0,B,0,0.0,2067.6659999999997,0.0
66,55049.46,14,587.0,0.115,0.729,0,20973.03,36,13.11,Online,Debt Consolidation,1,0.4059493902260823,4097,0,0,0,B,0,12583.818,2516.7635999999998,0.0
24,67488.19,23,704.0,0.431,0.648,0,15229.35,36,6.34,Online,Personal Loan,0,0.2430180193031495,8763,0,0,0,B,0,0.0,1827.522,0.0
43,42854.88,5,618.0,0.067,0.255,0,7508.34,60,5.0,Online,Personal Loan,0,0.1282294507351812,18879,0,0,1,B,1,0.0,901.0008,901.0008
56,46690.13,19,595.0,0.288,0.208,0,12394.26,36,9.97,Online,Debt Consolidation,0,0.3117997502391711,16946,0,0,0,A,0,0.0,1487.3111999999999,0.0
27,68917.9,23,721.0,0.163,0.489,0,17109.76,36,5.0,Online,Debt Consolidation,0,0.1433824689041309,1346,0,1,1,B,1,0.0,2053.1711999999998,2053.1711999999998
33,40504.47,7,641.0,0.241,0.362,0,11449.0,36,6.26,Branch,Debt Consolidation,1,0.2283787422145788,7036,0,1,0,B,0,6869.4,1373.8799999999999,0.0
44,70886.87,8,706.0,0.46,0.49,0,5523.32,36,5.25,Branch,Personal Loan,0,0.1896760695822323,11283,0,0,0,B,0,0.0,662.7983999999999,0.0
31,87573.46,12,572.0,0.213,0.255,1,11153.16,36,16.28,Online,Personal Loan,1,0.490227181816411,1633,0,0,0,A,0,6691.896,1338.3791999999999,0.0
61,58329.8,1,603.0,0.209,0.365,0,3304.09,36,9.32,Online,Personal Loan,0,0.2908455070657461,6953,0,0,0,B,0,0.0,396.4908,0.0
35,36206.04,23,639.0,0.42,0.77,1,7151.35,36,19.0,Branch,Debt Consolidation,1,0.6090764262318684,4940,0,0,0,A,0,4290.81,858.162,0.0
50,82344.66,17,675.0,0.428,0.345,0,19208.58,36,6.16,Partner,Personal Loan,0,0.2495340642792203,12425,0,0,0,B,0,0.0,2305.0296000000003,0.0
58,41021.53,24,706.0,0.382,0.621,0,14633.42,36,5.17,Branch,Personal Loan,0,0.1974779642548396,10584,0,1,0,A,1,0.0,1756.0104,1756.0104
49,65789.98,20,612.0,0.18,0.303,0,3935.46,36,7.25,Online,Auto Refi,0,0.2268750423846907,4343,0,0,0,A,0,0.0,472.2552,0.0
24,36257.32,3,605.0,0.303,0.67,0,18119.83,60,25.0,Online,Debt Consolidation,1,0.7821943668506893,6612,1,0,0,B,0,10871.898000000001,2174.3796,0.0
30,37150.3,2,675.0,0.262,0.575,0,14879.27,36,5.5,Branch,Auto Refi,0,0.1800257820081253,18958,0,1,0,A,1,0.0,1785.5124,1785.5124
67,32868.65,8,646.0,0.205,0.677,0,9515.34,36,8.06,Online,Debt Consolidation,0,0.238298502206926,13430,0,1,0,B,0,0.0,1141.8408,0.0
25,78513.19,16,702.0,0.181,0.628,0,13530.23,36,5.0,Branch,Personal Loan,0,0.1577553678284519,11611,0,1,1,B,1,0.0,1623.6275999999998,1623.6275999999998
68,51507.7,4,618.0,0.352,0.487,0,9200.07,36,11.7,Online,Personal Loan,0,0.3447558985628464,19870,0,0,0,B,0,0.0,1104.0084,0.0
39,78162.7,5,631.0,0.534,0.34,0,11711.63,36,12.43,Branch,Personal Loan,0,0.4555497046540214,2971,0,0,0,A,0,0.0,1405.3955999999998,0.0
65,90962.86,24,584.0,0.274,0.728,0,15946.51,36,16.81,Branch,Auto Refi,0,0.6001637512967557,11217,0,0,0,A,0,0.0,1913.5811999999999,0.0
45,67272.22,10,646.0,0.491,0.452,0,7519.05,36,25.0,Online,Personal Loan,1,0.8029161854020448,6748,1,0,0,B,0,4511.43,902.286,0.0
46,40324.01,14,665.0,0.3,0.259,0,4510.73,36,5.0,Branch,Debt Consolidation,0,0.1530070307749762,14619,0,1,1,B,1,0.0,541.2875999999999,541.2875999999999
24,71269.0,7,691.0,0.287,0.092,0,10677.49,60,11.86,Partner,Auto Refi,0,0.2780099635850489,7483,1,0,0,A,0,0.0,1281.2988,0.0
62,66996.99,7,735.0,0.187,0.26,0,14389.44,60,5.0,Online,Personal Loan,0,0.0947213812269353,4890,0,1,1,B,1,0.0,1726.7328,1726.7328
58,67331.3,5,621.0,0.227,0.608,1,10405.2,60,14.91,Branch,Debt Consolidation,0,0.4852951681141621,10148,0,0,0,B,0,0.0,1248.624,0.0
27,46421.77,19,480.0,0.399,0.336,0,12757.26,36,25.0,Online,Personal Loan,1,0.8098029626748517,9522,0,0,0,B,0,7654.356,1530.8712,0.0
28,65221.13,20,646.0,0.24,0.18,0,15155.28,60,5.0,Online,Auto Refi,0,0.1510202927514103,18634,0,1,1,A,1,0.0,1818.6336000000001,1818.6336000000001
50,58397.8,10,736.0,0.079,0.433,0,8537.6,60,5.0,Online,Personal Loan,0,0.0919418235329901,16095,0,1,1,A,1,0.0,1024.512,1024.512
38,36795.17,16,558.0,0.417,0.194,0,18578.53,36,16.77,Branch,Debt Consolidation,1,0.4911891381717732,10957,0,0,0,A,0,11147.117999999999,2229.4235999999996,0.0
38,53814.18,6,647.0,0.359,0.483,0,13847.94,36,8.78,Branch,Personal Loan,0,0.3141809807679685,15023,0,1,0,B,0,0.0,1661.7528,0.0
21,53274.9,1,663.0,0.388,0.553,0,19124.74,60,8.39,Online,Personal Loan,1,0.2962696315565092,6772,0,1,0,B,0,11474.844000000001,2294.9688,0.0
60,40073.39,24,673.0,0.396,0.98,0,8032.47,36,12.09,Branch,Auto Refi,0,0.3803339048493944,19261,0,1,0,B,0,0.0,963.8964,0.0
59,45163.89,13,651.0,0.401,0.277,0,14410.83,36,7.19,Online,Auto Refi,1,0.2241797116131163,11067,0,0,0,A,0,8646.498,1729.2995999999998,0.0
22,74848.54,6,763.0,0.343,0.387,1,18370.21,36,5.0,Online,Personal Loan,0,0.1069274508124832,5177,0,1,1,B,1,0.0,2204.4251999999997,2204.4251999999997
56,53134.43,18,591.0,0.377,0.516,0,7872.28,60,15.79,Online,Personal Loan,0,0.4587929120472094,11327,0,0,0,B,0,0.0,944.6736,0.0
65,70452.2,4,684.0,0.247,0.548,0,26702.0,36,5.0,Branch,Personal Loan,1,0.1601315839243318,17786,0,1,1,B,1,16021.199999999999,3204.24,-12816.96
49,90698.54,1,751.0,0.29,0.503,0,2000.0,60,5.0,Online,Auto Refi,0,0.0816473679713912,4360,0,1,1,B,1,0.0,240.0,240.0
33,65854.07,22,730.0,0.35,0.098,1,11720.7,60,5.0,Online,Personal Loan,0,0.1496149781414337,18876,0,1,1,A,1,0.0,1406.484,1406.484
47,73201.48,21,650.0,0.255,0.252,0,15408.56,60,5.0,Partner,Auto Refi,0,0.1541158102520772,3668,0,1,1,A,1,0.0,1849.0271999999998,1849.0271999999998
53,57304.87,5,589.0,0.278,0.567,0,3716.43,60,14.45,Online,Auto Refi,1,0.4333626410219919,11186,0,0,0,B,0,2229.8579999999997,445.97159999999997,0.0
44,46293.88,19,668.0,0.25,0.97,0,21373.16,36,9.6,Online,Personal Loan,1,0.3267120334008623,516,0,1,0,A,1,12823.895999999999,2564.7792,-10259.1168
24,65654.32,5,824.0,0.206,0.72,1,14904.09,36,5.0,Online,Personal Loan,1,0.0874662069044387,14184,0,1,1,A,1,8942.454,1788.4908,-7153.9632
29,36830.05,6,713.0,0.376,0.67,1,26515.25,60,8.53,Online,Debt Consolidation,0,0.3131488400041614,9099,0,1,0,B,0,0.0,3181.83,0.0
68,76098.59,7,682.0,0.265,0.602,1,15056.38,60,8.9,Branch,Personal Loan,0,0.2875439552677023,321,0,1,0,B,0,0.0,1806.7656,0.0
50,71387.86,21,755.0,0.463,0.431,0,10595.38,60,5.0,Online,Auto Refi,0,0.112275633167407,17849,0,0,1,A,0,0.0,1271.4455999999998,0.0
64,77501.72,16,724.0,0.194,0.264,0,20411.93,36,5.0,Online,Auto Refi,0,0.1237583926398139,19841,0,1,1,B,1,0.0,2449.4316,2449.4316
35,24797.45,19,751.0,0.302,0.19,0,9147.85,60,5.0,Online,Personal Loan,0,0.0844277086980341,14195,0,1,1,A,1,0.0,1097.742,1097.742
32,103706.91,10,686.0,0.269,0.47,0,6153.05,36,5.0,Branch,Personal Loan,0,0.160999396427978,8234,0,1,1,B,1,0.0,738.366,738.366
60,70684.79,5,587.0,0.229,0.354,0,13706.16,60,11.21,Branch,Personal Loan,0,0.4101874319531841,17154,0,0,0,A,0,0.0,1644.7392,0.0
50,47136.68,6,670.0,0.318,0.354,0,16629.18,36,5.0,Online,Personal Loan,0,0.160305917867829,2955,0,1,1,B,1,0.0,1995.5016,1995.5016
39,31072.76,8,695.0,0.165,0.711,0,3385.05,36,5.0,Online,Debt Consolidation,0,0.1461559403822061,8713,0,1,1,A,1,0.0,406.206,406.206
40,61042.51,20,763.0,0.438,0.196,0,7823.37,60,5.0,Online,Personal Loan,0,0.0665437010752085,13444,0,0,1,A,0,0.0,938.8044,0.0
35,55451.93,14,696.0,0.236,0.637,1,12006.12,36,7.38,Branch,Personal Loan,0,0.2351641770079139,844,0,1,0,A,1,0.0,1440.7344,1440.7344
53,77510.49,23,570.0,0.151,0.367,0,15447.55,60,11.71,Online,Debt Consolidation,1,0.4104615996110687,15177,0,0,0,B,0,9268.529999999999,1853.706,0.0
58,68876.02,22,686.0,0.13,0.438,0,21616.78,36,5.0,Online,Personal Loan,0,0.1411520652401567,8256,0,1,1,A,1,0.0,2594.0135999999998,2594.0135999999998
48,21452.1,13,647.0,0.398,0.39,0,5897.53,36,8.63,Online,Debt Consolidation,0,0.3243907902218448,10213,0,1,0,A,1,0.0,707.7035999999999,707.7035999999999
50,43578.63,2,617.0,0.361,0.341,0,10474.51,36,10.47,Online,Personal Loan,0,0.3222065667227936,1284,0,0,0,B,0,0.0,1256.9412,0.0
41,67223.01,10,719.0,0.213,0.597,0,16143.39,60,5.0,Branch,Personal Loan,1,0.1401151102160788,9213,0,1,1,B,1,9686.034,1937.2068,-7748.8272
49,69243.58,3,620.0,0.194,0.0,0,13145.69,36,5.0,Online,Debt Consolidation,0,0.1427058598973828,8922,0,0,1,A,0,0.0,1577.4828,0.0
50,48702.43,9,791.0,0.511,0.377,0,2000.0,36,5.0,Online,Personal Loan,0,0.0679003526674702,5105,0,0,1,A,0,0.0,240.0,0.0
39,97712.84,2,755.0,0.344,0.45,1,13463.06,36,5.0,Partner,Personal Loan,0,0.1387743682262431,19733,0,1,1,B,1,0.0,1615.5672,1615.5672
25,75822.08,22,716.0,0.096,0.49,0,10746.98,36,5.0,Online,Debt Consolidation,0,0.1234711945774216,2147,0,1,1,B,1,0.0,1289.6375999999998,1289.6375999999998
62,79660.83,11,685.0,0.39,0.73,2,20988.4,60,17.31,Online,Personal Loan,1,0.5356153797009661,2880,0,0,0,B,0,12593.04,2518.608,0.0
64,61604.77,2,621.0,0.29,0.54,0,5726.61,36,10.77,Online,Personal Loan,0,0.3250798003707689,9801,0,0,0,B,0,0.0,687.1931999999999,0.0
35,38856.36,0,663.0,0.303,0.129,0,10708.43,36,5.0,Online,Personal Loan,1,0.1373908010879375,15545,0,1,1,B,1,6425.058,1285.0116,-5140.0464
60,74112.95,4,692.0,0.288,0.624,0,15754.1,60,5.0,Branch,Auto Refi,0,0.1584041475421289,5410,0,1,1,A,1,0.0,1890.492,1890.492
51,50202.07,13,743.0,0.061,0.676,0,16768.3,36,8.22,Online,Debt Consolidation,0,0.2150689901935044,16534,1,0,0,B,0,0.0,2012.196,0.0
54,90137.27,23,605.0,0.348,0.459,1,4577.02,60,17.75,Partner,Personal Loan,0,0.5967819343956089,5059,0,0,0,A,0,0.0,549.2424000000001,0.0
35,118518.01,20,739.0,0.336,0.621,0,20534.75,60,5.0,Online,Personal Loan,0,0.1213290117990659,14718,0,1,1,A,1,0.0,2464.17,2464.17
52,38412.0,23,623.0,0.366,0.56,2,15123.27,36,22.07,Branch,Debt Consolidation,1,0.672898560707068,11215,0,0,0,A,0,9073.962,1814.7924,0.0
32,59634.5,20,607.0,0.473,0.527,0,16723.88,60,16.02,Branch,Auto Refi,1,0.5081832199586553,815,0,0,0,B,0,10034.328,2006.8656,0.0
54,63852.4,11,727.0,0.48,0.58,2,2211.23,36,12.56,Online,Personal Loan,0,0.3776745683080962,12554,0,0,0,A,0,0.0,265.3476,0.0
27,36737.9,14,745.0,0.25,0.407,0,9153.88,36,5.0,Online,Personal Loan,0,0.0929150217771857,1261,0,1,1,A,1,0.0,1098.4655999999998,1098.4655999999998
67,48717.65,5,735.0,0.473,0.379,1,20325.17,36,5.59,Partner,Auto Refi,1,0.1327965839685191,1455,0,0,1,B,1,12195.101999999999,2439.0204,-9756.0816
30,58933.65,20,514.0,0.172,0.375,1,16217.32,36,23.57,Online,Debt Consolidation,0,0.6442047475800631,15939,0,0,0,A,0,0.0,1946.0783999999999,0.0
26,43660.64,10,706.0,0.252,0.757,2,11344.86,36,12.18,Branch,Auto Refi,0,0.3480494768416303,4524,0,0,0,A,0,0.0,1361.3832,0.0
34,76657.66,18,676.0,0.303,0.294,0,25362.23,36,5.0,Branch,Auto Refi,0,0.1471008461887825,14904,0,1,1,B,1,0.0,3043.4676,3043.4676
24,96454.92,9,628.0,0.201,0.341,0,20678.74,36,6.55,Online,Auto Refi,0,0.2377677519977588,850,0,0,0,A,0,0.0,2481.4488,0.0
38,57254.01,23,738.0,0.285,0.571,1,7851.1,36,5.0,Branch,Personal Loan,0,0.1437818858816237,18225,0,1,1,A,1,0.0,942.1320000000001,942.1320000000001
31,71851.93,11,571.0,0.324,0.709,1,27390.28,36,24.03,Online,Debt Consolidation,1,0.6510621956522131,11098,0,0,0,A,0,16434.167999999998,3286.8336,0.0
39,40641.62,4,794.0,0.287,0.385,0,6461.18,36,5.0,Branch,Debt Consolidation,0,0.0768470458153113,1778,0,1,1,B,1,0.0,775.3416,775.3416
37,93837.46,11,745.0,0.275,0.727,1,12228.68,60,5.0,Partner,Personal Loan,0,0.1282479271866425,7587,0,1,1,B,1,0.0,1467.4415999999999,1467.4415999999999
48,37648.92,10,810.0,0.204,0.49,0,22618.54,60,5.0,Online,Debt Consolidation,0,0.0669876012520364,808,0,1,1,B,1,0.0,2714.2248,2714.2248
60,78821.55,17,656.0,0.302,0.248,2,15725.62,36,13.12,Branch,Personal Loan,0,0.4200889635113247,18043,0,0,0,A,0,0.0,1887.0744,0.0
39,20000.0,24,657.0,0.159,0.493,0,7297.6,36,5.0,Branch,Auto Refi,0,0.1741817763461325,13105,0,1,1,A,1,0.0,875.712,875.712
21,84044.69,9,737.0,0.178,0.189,0,28370.28,60,5.0,Online,Personal Loan,0,0.0824283920701232,19903,0,1,1,B,1,0.0,3404.4336,3404.4336
62,84986.4,13,528.0,0.162,0.58,1,15491.31,36,24.1,Branch,Personal Loan,1,0.6700840578632774,15614,0,0,0,A,0,9294.786,1858.9571999999998,0.0
57,57462.67,6,772.0,0.302,0.506,0,13880.95,60,5.0,Online,Personal Loan,0,0.0798202015469977,1338,0,1,1,A,1,0.0,1665.714,1665.714
41,80999.55,24,663.0,0.304,0.315,0,25553.99,36,5.06,Branch,Personal Loan,1,0.1623451266104523,1218,0,1,1,B,1,15332.394,3066.4788,-12265.9152
35,49492.88,22,678.0,0.233,0.337,0,11273.49,36,5.0,Online,Auto Refi,0,0.1517610221843264,19873,0,1,1,B,1,0.0,1352.8188,1352.8188
41,90546.03,12,697.0,0.321,0.67,0,17335.87,36,5.37,Partner,Auto Refi,0,0.1531323711065748,2251,0,1,1,A,1,0.0,2080.3044,2080.3044
48,51073.34,2,669.0,0.335,0.107,0,19796.97,60,5.0,Online,Debt Consolidation,1,0.1550457376329682,16020,0,1,1,A,1,11878.182,2375.6364,-9502.545600000001
38,29693.79,24,665.0,0.156,0.563,0,22691.63,60,5.0,Online,Auto Refi,0,0.1690465998110798,2417,0,1,1,A,1,0.0,2722.9956,2722.9956
42,33702.5,3,791.0,0.387,0.621,1,21263.9,36,5.0,Online,Personal Loan,0,0.1025229153419198,5718,0,1,1,B,1,0.0,2551.668,2551.668
53,81940.15,4,662.0,0.122,0.419,1,2782.28,60,6.65,Online,Personal Loan,1,0.1894621866255697,6167,0,1,0,B,0,1669.3680000000002,333.8736,0.0
33,53902.81,19,692.0,0.279,0.766,0,17005.65,60,5.94,Online,Personal Loan,1,0.1878243836879327,11280,0,1,0,B,0,10203.390000000001,2040.678,0.0
41,102624.98,23,580.0,0.414,0.633,1,18102.79,36,23.98,Online,Personal Loan,0,0.6362282743886791,15518,0,0,0,B,0,0.0,2172.3348,0.0
50,81278.71,15,729.0,0.298,0.403,1,14802.56,60,5.0,Branch,Personal Loan,0,0.1651975532862467,18857,0,1,1,A,1,0.0,1776.3072,1776.3072
47,74911.41,19,802.0,0.217,0.135,0,19915.71,60,5.0,Partner,Personal Loan,0,0.0681145340898931,9714,0,1,1,B,1,0.0,2389.8851999999997,2389.8851999999997
38,67097.73,5,548.0,0.342,0.668,0,19270.53,36,21.83,Online,Personal Loan,0,0.5997207459690725,12682,0,0,0,B,0,0.0,2312.4635999999996,0.0
60,87328.49,16,589.0,0.653,0.355,1,6346.93,60,24.79,Online,Personal Loan,1,0.7892182135369404,13296,0,0,0,B,0,3808.158,761.6316,0.0
69,66405.21,2,719.0,0.346,0.48,1,11937.31,60,5.83,Partner,Personal Loan,0,0.1958233177628506,3498,0,1,0,B,0,0.0,1432.4771999999998,0.0
47,25007.99,24,695.0,0.414,0.31,1,9591.49,36,7.49,Online,Auto Refi,0,0.2518684883105068,6511,0,0,0,B,0,0.0,1150.9787999999999,0.0
50,93216.53,1,623.0,0.368,0.589,0,27420.15,36,12.72,Online,Debt Consolidation,0,0.4188328359196155,1913,0,0,0,A,0,0.0,3290.418,0.0
28,78566.11,14,746.0,0.089,0.444,0,20140.96,36,5.0,Online,Personal Loan,0,0.0841897002101206,3817,0,1,1,A,1,0.0,2416.9152,2416.9152
57,56792.07,16,806.0,0.354,0.483,0,3232.7,60,5.0,Partner,Auto Refi,0,0.063432574405811,3704,0,1,1,B,1,0.0,387.924,387.924
63,89790.91,12,736.0,0.335,0.388,0,22269.59,60,5.0,Online,Personal Loan,0,0.1036846248443799,19668,0,1,1,A,1,0.0,2672.3507999999997,2672.3507999999997
56,64542.76,14,712.0,0.589,0.428,0,7477.21,60,6.24,Online,Auto Refi,0,0.2695381749062711,2581,0,0,0,B,0,0.0,897.2651999999999,0.0
23,59484.75,20,678.0,0.31,0.221,0,11824.27,36,5.0,Partner,Auto Refi,0,0.1468950337130715,4331,0,1,1,B,1,0.0,1418.9124,1418.9124
44,43251.16,23,765.0,0.22,0.544,0,9605.01,36,7.63,Online,Debt Consolidation,0,0.1902740055601801,15494,1,0,0,A,0,0.0,1152.6012,0.0
64,106229.77,23,652.0,0.326,0.392,1,25065.26,60,11.03,Branch,Auto Refi,1,0.3285625405257777,12827,0,1,0,A,1,15039.155999999999,3007.8311999999996,-12031.324799999999
24,73184.99,12,607.0,0.05,0.496,1,17175.3,36,11.54,Online,Personal Loan,0,0.3372686352148515,9921,0,0,0,B,0,0.0,2061.036,0.0
56,84185.48,6,685.0,0.523,0.193,0,4327.28,36,5.5,Online,Debt Consolidation,1,0.2388584323272742,2064,0,0,0,B,0,2596.368,519.2736,0.0
46,98551.32,13,725.0,0.556,0.681,0,9828.02,36,6.78,Branch,Personal Loan,0,0.2220253822247736,12847,0,0,0,B,0,0.0,1179.3624,0.0
43,57889.02,18,606.0,0.162,0.576,0,13417.49,36,10.21,Branch,Auto Refi,1,0.3430261022193332,10817,0,0,0,A,0,8050.494,1610.0988,0.0
40,47623.26,8,662.0,0.298,0.219,1,20437.4,60,7.77,Online,Personal Loan,0,0.2620531836216382,11535,0,1,0,B,0,0.0,2452.4880000000003,0.0
68,62230.71,20,697.0,0.063,0.315,0,11713.82,60,5.0,Online,Auto Refi,1,0.1317075888157849,3492,0,1,1,B,1,7028.2919999999995,1405.6583999999998,-5622.633599999999
28,70369.54,2,818.0,0.312,0.593,0,11994.95,36,5.0,Online,Auto Refi,0,0.0731987258084575,16711,0,1,1,B,1,0.0,1439.394,1439.394
36,65058.01,24,609.0,0.171,0.696,0,22509.54,60,11.39,Online,Personal Loan,1,0.3672049603730182,9951,0,0,0,A,0,13505.724,2701.1448,0.0
23,43958.19,24,599.0,0.431,0.456,0,19053.98,36,15.31,Online,Auto Refi,0,0.4927558749132006,14241,0,0,0,B,0,0.0,2286.4775999999997,0.0
43,86734.85,13,656.0,0.314,0.015,0,22348.5,36,5.0,Online,Personal Loan,0,0.1273279521034167,7221,0,1,1,B,1,0.0,2681.8199999999997,2681.8199999999997
59,109272.22,1,765.0,0.428,0.396,0,25712.88,36,5.0,Branch,Personal Loan,0,0.0828462167520299,10354,0,0,1,A,0,0.0,3085.5456,0.0
60,43980.19,21,689.0,0.285,0.262,0,19556.08,36,5.0,Branch,Debt Consolidation,0,0.1531658700525343,1269,0,1,1,B,1,0.0,2346.7296,2346.7296
44,50633.5,20,685.0,0.543,0.153,0,10838.72,60,5.45,Online,Auto Refi,0,0.2693594979551251,11329,0,0,0,B,0,0.0,1300.6463999999999,0.0
61,81599.58,7,658.0,0.193,0.481,0,13923.07,60,5.15,Online,Debt Consolidation,0,0.1702742740338961,9139,0,1,1,A,1,0.0,1670.7684,1670.7684
33,71156.11,5,623.0,0.117,0.674,0,8362.23,36,8.68,Partner,Personal Loan,0,0.2773736943102688,17265,0,0,0,B,0,0.0,1003.4676,0.0
42,67141.16,24,723.0,0.261,0.36,0,15193.78,36,5.0,Online,Personal Loan,0,0.1372800500439185,8345,0,1,1,A,1,0.0,1823.2536,1823.2536
34,37021.85,18,724.0,0.37,0.581,1,12101.32,60,20.46,Online,Debt Consolidation,0,0.5239875930358985,15958,1,0,0,A,0,0.0,1452.1583999999998,0.0
22,55352.53,5,603.0,0.616,0.616,0,15775.13,60,20.73,Partner,Personal Loan,1,0.6154777762814322,19972,0,0,0,B,0,9465.078,1893.0155999999997,0.0
33,67675.68,16,603.0,0.439,0.461,0,9186.63,36,15.09,Branch,Personal Loan,1,0.4530913438839823,9156,0,0,0,B,0,5511.977999999999,1102.3955999999998,0.0
42,51238.18,15,639.0,0.135,0.0,0,9845.05,60,5.0,Branch,Auto Refi,0,0.1294108935887542,11116,0,0,1,B,1,0.0,1181.406,1181.406
43,29925.2,16,641.0,0.22,0.417,0,26154.94,60,6.39,Partner,Personal Loan,0,0.2439221610285668,14750,0,1,0,B,0,0.0,3138.5928,0.0
44,64867.81,8,650.0,0.05,0.222,0,16142.44,60,5.0,Online,Auto Refi,0,0.13020042538423,14499,0,1,1,A,1,0.0,1937.0928,1937.0928
57,81640.82,18,564.0,0.48,0.408,1,8913.82,60,24.59,Branch,Debt Consolidation,1,0.6409844599975157,11785,0,0,0,B,0,5348.2919999999995,1069.6584,0.0
24,95450.66,23,830.0,0.248,0.082,0,6729.89,60,5.0,Online,Auto Refi,0,0.0668992923700845,18173,0,1,1,A,1,0.0,807.5868,807.5868
36,52860.86,9,723.0,0.316,0.367,1,12854.66,60,5.0,Online,Auto Refi,0,0.1559401345028775,9825,0,1,1,B,1,0.0,1542.5592,1542.5592
60,66784.18,20,618.0,0.187,0.362,0,18851.89,60,7.39,Branch,Debt Consolidation,1,0.2231492657968247,9455,0,0,0,B,0,11311.134,2262.2268,0.0
36,60457.92,20,636.0,0.189,0.0,0,19867.0,36,5.0,Online,Auto Refi,0,0.1383445999881969,6454,0,0,1,B,1,0.0,2384.04,2384.04
66,47724.66,19,590.0,0.308,0.638,0,22329.59,60,15.88,Online,Debt Consolidation,0,0.4953629491467364,11244,0,0,0,A,0,0.0,2679.5508,0.0
49,91461.71,18,587.0,0.214,0.544,0,14455.5,36,13.09,Branch,Auto Refi,1,0.4540442927967146,1314,0,0,0,B,0,8673.3,1734.6599999999999,0.0
56,25270.38,10,735.0,0.315,0.0,0,22851.64,60,5.0,Online,Personal Loan,0,0.0754644418648846,3994,0,1,1,B,1,0.0,2742.1967999999997,2742.1967999999997
40,63345.27,14,640.0,0.392,0.673,0,14815.29,36,12.23,Online,Auto Refi,1,0.3927284973752551,3418,0,1,0,B,0,8889.174,1777.8348,0.0
42,88626.34,3,738.0,0.461,0.55,0,26398.19,36,5.0,Online,Personal Loan,0,0.0994600418920246,19647,0,0,1,B,1,0.0,3167.7828,3167.7828
23,46283.22,6,773.0,0.452,0.703,0,18352.62,60,5.0,Branch,Personal Loan,0,0.0767067997646961,6282,0,0,1,A,0,0.0,2202.3143999999998,0.0
57,73494.61,5,576.0,0.36,0.406,0,6001.16,60,15.87,Online,Personal Loan,0,0.4652634221660155,16110,0,0,0,B,0,0.0,720.1392,0.0
64,51591.27,11,683.0,0.39,0.305,0,14208.0,60,5.0,Online,Personal Loan,1,0.1563816109903966,14110,0,1,1,A,1,8524.8,1704.96,-6819.839999999999
52,53473.98,12,675.0,0.523,0.454,0,20796.01,60,8.72,Online,Personal Loan,1,0.3437279776433628,14277,0,0,0,A,0,12477.605999999998,2495.5211999999997,0.0
61,86590.36,8,662.0,0.207,0.135,0,10476.42,36,5.0,Online,Debt Consolidation,0,0.154816430017382,4218,0,1,1,A,1,0.0,1257.1704,1257.1704
26,47460.86,2,654.0,0.185,0.463,0,18009.49,36,5.21,Online,Debt Consolidation,0,0.1796695144880848,8516,0,1,1,A,1,0.0,2161.1388,2161.1388
57,72101.13,13,766.0,0.239,0.299,0,11741.17,60,5.0,Partner,Personal Loan,0,0.0765121575174377,14558,0,1,1,A,1,0.0,1408.9404,1408.9404
58,61165.76,6,605.0,0.307,0.736,0,31031.59,36,15.21,Partner,Personal Loan,1,0.582670375552346,2668,0,0,0,A,0,18618.953999999998,3723.7907999999998,0.0
32,75514.51,4,790.0,0.366,0.435,0,3456.71,60,5.0,Partner,Personal Loan,1,0.0723063902926325,1868,0,1,1,B,1,2074.026,414.8052,-1659.2207999999998
24,75382.98,10,714.0,0.318,0.389,1,33866.61,36,5.06,Online,Personal Loan,0,0.182188406109097,11247,0,1,0,A,1,0.0,4063.9932,4063.9932
43,72503.52,24,708.0,0.486,0.64,1,10398.79,60,10.84,Online,Personal Loan,0,0.3448845223115827,4438,0,0,0,A,0,0.0,1247.8548,0.0
26,87289.45,2,688.0,0.489,0.635,0,24289.09,60,22.83,Online,Auto Refi,1,0.6475986876128947,891,1,0,0,A,0,14573.454,2914.6908,0.0
41,34360.3,14,664.0,0.38,0.437,1,13546.06,36,11.33,Online,Personal Loan,0,0.3671959915819411,3762,0,1,0,B,0,0.0,1625.5271999999998,0.0
48,71121.59,9,704.0,0.213,0.558,0,12062.69,60,5.0,Online,Personal Loan,0,0.1500773355727209,6720,0,1,1,B,1,0.0,1447.5228,1447.5228
37,44204.71,9,751.0,0.356,0.309,0,13338.07,36,5.0,Branch,Auto Refi,0,0.0927131713218238,15050,0,1,1,A,1,0.0,1600.5683999999999,1600.5683999999999
43,95870.26,22,659.0,0.481,0.349,1,14889.46,36,12.9,Online,Debt Consolidation,1,0.4325048269404198,10654,0,0,0,B,0,8933.676,1786.7351999999998,0.0
30,60580.53,11,591.0,0.391,0.675,1,16825.45,60,22.85,Branch,Personal Loan,1,0.6433740853606423,2268,0,0,0,A,0,10095.27,2019.054,0.0
41,42394.53,20,708.0,0.322,0.466,0,15224.05,36,5.0,Branch,Auto Refi,0,0.135663973031284,18772,0,1,1,A,1,0.0,1826.8859999999997,1826.8859999999997
67,77422.03,3,745.0,0.55,0.51,1,13573.79,36,7.07,Online,Auto Refi,0,0.2597940921810215,6309,0,0,0,B,0,0.0,1628.8548,0.0
43,44377.46,1,639.0,0.326,0.34,0,12183.06,36,7.62,Online,Personal Loan,1,0.2254747700491574,14583,0,0,0,A,0,7309.835999999999,1461.9671999999998,0.0
49,71256.09,15,791.0,0.27,0.689,0,9630.81,36,5.0,Branch,Auto Refi,0,0.0740719608145294,9975,0,1,1,B,1,0.0,1155.6971999999998,1155.6971999999998
46,85057.46,4,774.0,0.055,0.597,0,14304.82,36,5.0,Branch,Personal Loan,0,0.0733689016260266,10899,0,1,1,B,1,0.0,1716.5783999999999,1716.5783999999999
66,64045.13,3,612.0,0.261,0.625,1,17599.35,36,17.06,Branch,Personal Loan,0,0.5191431923737665,5356,0,0,0,A,0,0.0,2111.9219999999996,0.0
40,77082.96,21,816.0,0.425,0.509,1,7306.45,36,5.0,Online,Personal Loan,0,0.0997572759808963,18270,0,0,1,A,0,0.0,876.774,0.0
40,69317.03,13,687.0,0.246,0.211,0,14846.05,36,5.0,Online,Debt Consolidation,0,0.1486107225395908,5315,0,1,1,B,1,0.0,1781.5259999999998,1781.5259999999998
21,84240.15,15,800.0,0.352,0.485,0,13233.16,60,5.0,Partner,Auto Refi,0,0.0778241427522575,7660,0,1,1,A,1,0.0,1587.9792,1587.9792
59,58216.45,18,604.0,0.343,0.438,0,12260.25,36,12.58,Online,Personal Loan,1,0.414769781131238,9893,0,0,0,A,0,7356.15,1471.23,0.0
57,95930.76,3,615.0,0.481,0.676,0,14003.5,60,17.12,Branch,Personal Loan,0,0.5130664132391168,13621,0,0,0,A,0,0.0,1680.4199999999998,0.0
47,60447.56,11,635.0,0.156,0.636,0,12657.64,60,7.88,Online,Personal Loan,0,0.2844740460208755,12213,0,0,0,B,0,0.0,1518.9168,0.0
39,43335.21,15,629.0,0.242,0.767,2,25289.19,36,21.23,Online,Personal Loan,0,0.6476224167322541,11013,0,0,0,B,0,0.0,3034.7027999999996,0.0
49,78327.94,20,711.0,0.353,0.805,0,20389.1,36,5.81,Online,Personal Loan,1,0.1991162360703671,14541,0,1,0,A,1,12233.46,2446.6919999999996,-9786.768
50,32176.39,4,637.0,0.162,0.544,0,17998.02,36,6.91,Online,Debt Consolidation,0,0.2604552626642608,342,0,0,0,B,0,0.0,2159.7624,0.0
23,56049.68,19,783.0,0.192,0.496,0,23767.8,36,5.0,Online,Personal Loan,1,0.0742546123864368,11675,0,1,1,B,1,14260.679999999998,2852.136,-11408.543999999998
27,45505.88,20,761.0,0.301,0.843,0,6368.41,60,5.0,Online,Personal Loan,0,0.0789972908820012,8451,0,1,1,B,1,0.0,764.2092,764.2092
29,57343.49,1,579.0,0.339,0.636,0,8375.38,36,17.86,Online,Debt Consolidation,0,0.5497237721157683,3512,0,0,0,B,0,0.0,1005.0455999999999,0.0
63,76672.68,19,626.0,0.268,0.18,0,4705.01,60,6.39,Branch,Debt Consolidation,0,0.2312679629307391,11341,0,0,0,B,0,0.0,564.6012,0.0
28,89627.05,13,623.0,0.181,0.352,0,13570.51,60,6.77,Partner,Debt Consolidation,0,0.2254844771354469,2007,0,0,0,A,0,0.0,1628.4612,0.0
35,64095.11,9,830.0,0.453,0.292,0,16115.52,60,5.0,Online,Debt Consolidation,0,0.0391491604316983,10307,0,0,1,A,0,0.0,1933.8624,0.0
22,61905.63,24,710.0,0.182,0.497,0,3523.98,60,5.0,Online,Debt Consolidation,0,0.1259070876249971,17260,0,1,1,A,1,0.0,422.8776,422.8776
46,80852.99,1,667.0,0.415,0.626,1,13971.7,36,13.87,Partner,Auto Refi,0,0.389902425791417,7054,0,0,0,B,0,0.0,1676.604,0.0
45,66758.0,9,682.0,0.082,0.547,2,22867.77,60,9.16,Online,Auto Refi,0,0.3063176390565419,3548,0,0,0,B,0,0.0,2744.1324,0.0
67,57297.92,3,642.0,0.362,0.941,1,21271.93,36,19.4,Branch,Personal Loan,0,0.6395953186193816,6102,0,1,0,A,1,0.0,2552.6316,2552.6316
61,39297.56,14,664.0,0.402,0.324,0,26402.01,36,6.52,Online,Debt Consolidation,0,0.2367284552172964,18704,0,0,0,B,0,0.0,3168.2411999999995,0.0
69,50399.47,5,674.0,0.52,0.723,1,22476.8,36,16.42,Online,Personal Loan,0,0.4308952778555928,3965,0,0,0,A,0,0.0,2697.216,0.0
43,77053.11,15,693.0,0.52,0.246,0,21796.9,60,5.22,Branch,Debt Consolidation,0,0.1856196338923163,15440,0,0,0,A,0,0.0,2615.628,0.0
50,61249.84,21,734.0,0.299,0.335,0,21161.18,60,5.0,Branch,Personal Loan,0,0.099150012461735,19159,0,1,1,A,1,0.0,2539.3415999999997,2539.3415999999997
48,106168.88,14,621.0,0.252,0.542,0,13981.89,60,10.07,Online,Debt Consolidation,0,0.323080616924529,9495,0,0,0,B,0,0.0,1677.8267999999998,0.0
65,49712.23,8,612.0,0.394,0.571,0,2000.0,60,14.32,Online,Personal Loan,0,0.3695315814967703,10758,0,0,0,B,0,0.0,240.0,0.0
26,57587.61,9,760.0,0.117,0.26,0,8713.81,60,5.0,Online,Auto Refi,0,0.0670620174896854,9819,0,1,1,A,1,0.0,1045.6571999999999,1045.6571999999999
58,31166.9,4,648.0,0.276,0.612,1,13641.9,36,12.96,Online,Debt Consolidation,1,0.4283282697473004,5305,0,1,0,A,1,8185.139999999999,1637.0279999999998,-6548.111999999999
38,65628.08,12,672.0,0.29,0.419,0,21397.87,60,5.0,Online,Debt Consolidation,0,0.1532870323905463,14850,0,1,1,A,1,0.0,2567.7443999999996,2567.7443999999996
30,105341.35,7,773.0,0.374,0.495,0,8305.35,60,5.0,Online,Personal Loan,0,0.081269533288184,15987,0,1,1,A,1,0.0,996.642,996.642
28,78943.74,2,555.0,0.241,0.293,0,24592.59,60,14.37,Online,Personal Loan,0,0.4821884724575118,18903,0,0,0,B,0,0.0,2951.1108,0.0
24,28152.36,19,720.0,0.235,0.252,0,19393.65,36,5.0,Online,Personal Loan,0,0.1275725637476864,10827,0,1,1,B,1,0.0,2327.2380000000003,2327.2380000000003
47,65686.9,5,830.0,0.401,0.3,0,25351.88,36,5.0,Partner,Auto Refi,0,0.0427167371736425,16129,0,0,1,A,0,0.0,3042.2256,0.0
37,71673.95,21,599.0,0.171,0.572,0,18437.16,60,11.1,Online,Personal Loan,0,0.3896099748372221,5865,0,0,0,A,0,0.0,2212.4592,0.0
51,70463.01,8,719.0,0.097,0.594,0,12950.54,36,5.0,Online,Personal Loan,0,0.1269980550643733,2753,0,1,1,B,1,0.0,1554.0648,1554.0648
68,48985.94,20,694.0,0.332,0.391,0,17993.9,36,5.0,Online,Personal Loan,0,0.1437331128859669,14423,0,1,1,B,1,0.0,2159.268,2159.268
53,33959.03,16,810.0,0.452,0.658,0,15695.52,36,5.0,Branch,Personal Loan,0,0.0731260589324257,740,0,0,1,A,0,0.0,1883.4624,0.0
69,84017.72,10,701.0,0.216,0.319,0,11342.08,36,5.0,Online,Auto Refi,1,0.1403244731505039,4352,0,1,1,A,1,6805.248,1361.0495999999998,-5444.198399999999
36,77466.86,22,616.0,0.611,0.501,0,12166.82,36,25.0,Branch,Auto Refi,1,0.8082274121359083,8726,1,0,0,A,0,7300.092,1460.0184,0.0
21,86729.83,8,612.0,0.399,0.3,0,24116.8,36,11.33,Partner,Personal Loan,1,0.4140683357295097,6899,0,0,0,B,0,14470.08,2894.0159999999996,0.0
39,63712.12,0,752.0,0.291,0.597,1,16261.62,60,15.56,Online,Personal Loan,0,0.3315625804889303,4853,1,0,0,B,0,0.0,1951.3944000000001,0.0
21,57022.28,23,641.0,0.05,0.206,0,25808.89,36,5.0,Online,Personal Loan,1,0.1274447625431401,11607,0,1,1,B,1,15485.333999999999,3097.0667999999996,-12388.267199999998
54,57803.74,20,630.0,0.129,0.681,1,24952.86,36,12.68,Partner,Auto Refi,0,0.4266384204125902,4428,0,0,0,A,0,0.0,2994.3432,0.0
37,44277.45,4,571.0,0.307,0.56,0,9019.45,60,17.11,Online,Debt Consolidation,0,0.5308824258609874,14536,0,0,0,A,0,0.0,1082.334,0.0
42,41405.1,9,783.0,0.43,0.553,0,14776.33,36,5.0,Online,Personal Loan,0,0.0819685563211095,15620,0,0,1,B,1,0.0,1773.1596,1773.1596
56,53334.49,15,660.0,0.4,0.361,0,15185.45,60,21.11,Partner,Personal Loan,0,0.5750215737820179,13464,1,0,0,B,0,0.0,1822.2540000000001,0.0
24,53707.07,8,636.0,0.05,0.1,0,2000.0,60,5.0,Branch,Auto Refi,0,0.1037953368342712,2448,0,0,1,A,0,0.0,240.0,0.0
52,85824.25,0,755.0,0.293,0.551,0,22641.28,36,5.0,Online,Personal Loan,0,0.0890841848818785,4155,0,1,1,B,1,0.0,2716.9536,2716.9536
21,54294.64,6,542.0,0.126,0.235,0,19914.64,36,12.8,Online,Personal Loan,0,0.3386715855492534,18100,0,0,0,B,0,0.0,2389.7567999999997,0.0
34,56066.17,14,584.0,0.41,0.2,1,26777.3,60,18.53,Branch,Debt Consolidation,1,0.5593400377880955,2071,0,0,0,A,0,16066.38,3213.276,0.0
67,84831.15,11,678.0,0.152,0.351,0,10020.65,36,5.0,Online,Personal Loan,0,0.1393204958511594,14313,0,1,1,B,1,0.0,1202.4779999999998,1202.4779999999998
41,70130.67,22,677.0,0.291,0.39,2,7895.6,36,12.08,Online,Debt Consolidation,0,0.3796831963702804,16096,0,0,0,A,0,0.0,947.472,0.0
29,92911.04,18,650.0,0.436,0.906,1,3444.75,60,19.65,Partner,Auto Refi,0,0.690919655015877,10951,0,0,0,A,0,0.0,413.37,0.0
45,35056.25,23,646.0,0.133,0.485,0,19354.52,60,5.27,Partner,Debt Consolidation,0,0.169991206794968,18622,0,1,1,A,1,0.0,2322.5424,2322.5424
64,93696.09,14,661.0,0.305,0.42,0,11846.36,36,6.01,Online,Personal Loan,0,0.1944329839963779,13436,0,1,0,A,1,0.0,1421.5632,1421.5632
62,69609.41,12,682.0,0.487,0.441,0,13100.02,60,7.27,Online,Debt Consolidation,0,0.278436354996598,13303,0,0,0,A,0,0.0,1572.0024,0.0
40,55135.12,4,773.0,0.256,0.152,0,18788.45,36,5.0,Branch,Personal Loan,0,0.0712624944200454,14374,0,1,1,A,1,0.0,2254.614,2254.614
43,50677.74,8,595.0,0.396,0.209,0,20230.83,36,12.11,Online,Debt Consolidation,0,0.3728097028998871,15005,0,0,0,A,0,0.0,2427.6996,0.0
21,47998.98,5,656.0,0.386,0.078,0,6340.89,36,5.0,Online,Auto Refi,0,0.1435721909506487,5790,0,1,1,B,1,0.0,760.9068,760.9068
52,66518.1,7,707.0,0.347,0.636,0,19916.58,36,5.0,Partner,Personal Loan,0,0.1561123816284567,882,0,1,1,A,1,0.0,2389.9896000000003,2389.9896000000003
56,88860.79,2,705.0,0.341,0.31,0,13445.99,36,5.0,Online,Personal Loan,0,0.1472812253812026,7846,0,1,1,A,1,0.0,1613.5187999999998,1613.5187999999998
48,62135.02,15,577.0,0.247,0.467,0,12189.69,60,14.06,Online,Debt Consolidation,1,0.4152176271092461,5543,0,0,0,B,0,7313.814,1462.7628,0.0
68,58367.52,3,755.0,0.362,0.1,0,14734.75,36,5.0,Online,Auto Refi,0,0.0740671017020713,9502,0,1,1,B,1,0.0,1768.1699999999998,1768.1699999999998
57,80748.93,10,582.0,0.485,0.705,0,15877.28,36,21.43,Partner,Auto Refi,1,0.5769805154817551,18413,0,0,0,B,0,9526.368,1905.2736,0.0
43,93576.53,5,666.0,0.302,0.492,0,13365.5,36,6.15,Branch,Debt Consolidation,0,0.2127519713630852,9842,0,1,0,A,1,0.0,1603.86,1603.86
52,67841.21,16,660.0,0.418,0.98,1,18298.65,36,19.0,Online,Personal Loan,1,0.7034365791326318,16997,0,0,0,B,0,10979.19,2195.838,0.0
65,53823.84,10,652.0,0.36,0.495,2,13820.94,36,17.76,Online,Debt Consolidation,0,0.5167112188369503,159,0,0,0,A,0,0.0,1658.5128,0.0
30,98037.91,24,625.0,0.331,0.72,0,17646.78,60,13.12,Branch,Debt Consolidation,1,0.4666326384296131,9866,0,0,0,A,0,10588.068,2117.6135999999997,0.0
38,70253.01,9,766.0,0.371,0.473,1,17313.95,36,14.14,Online,Personal Loan,1,0.2675842724650658,5259,1,0,0,A,0,10388.37,2077.674,0.0
21,79275.69,18,712.0,0.203,0.523,0,25345.49,60,12.6,Branch,Personal Loan,1,0.4176456767424599,5709,1,0,0,A,0,15207.294,3041.4588,0.0
53,89957.0,17,722.0,0.423,0.621,0,23427.73,60,5.0,Online,Debt Consolidation,0,0.1559074392846337,13762,0,0,1,B,1,0.0,2811.3275999999996,2811.3275999999996
27,82205.55,8,651.0,0.375,0.316,0,14549.75,60,7.14,Online,Personal Loan,1,0.228718347642473,3858,0,1,0,B,0,8729.85,1745.97,0.0
26,73820.25,2,629.0,0.286,0.314,1,19722.69,36,11.85,Online,Personal Loan,1,0.3662061735590494,11931,0,0,0,A,0,11833.614,2366.7227999999996,0.0
30,71779.13,22,569.0,0.278,0.621,1,25926.36,36,22.42,Branch,Personal Loan,0,0.6941089498249688,4371,0,0,0,A,0,0.0,3111.1632,0.0
58,59992.58,12,620.0,0.275,0.202,1,23806.24,60,11.37,Partner,Personal Loan,0,0.3703894450847751,15598,0,0,0,A,0,0.0,2856.7488000000003,0.0
38,68944.53,2,734.0,0.168,0.484,0,2000.0,36,5.0,Partner,Auto Refi,0,0.1034748253884719,8168,0,1,1,B,1,0.0,240.0,240.0
42,60705.02,11,722.0,0.57,0.51,0,4023.6,60,5.78,Online,Personal Loan,0,0.1696750306505115,18652,0,0,1,A,0,0.0,482.832,0.0
45,73391.24,24,646.0,0.304,0.502,2,8828.93,36,17.33,Online,Debt Consolidation,1,0.6050244282431858,4467,0,0,0,A,0,5297.358,1059.4716,0.0
30,94653.72,8,669.0,0.464,0.628,0,8262.43,60,9.99,Online,Auto Refi,0,0.2976413468885931,11804,0,0,0,B,0,0.0,991.4916,0.0
31,52312.73,24,660.0,0.202,0.786,0,10429.89,36,7.7,Online,Debt Consolidation,0,0.2690707997192027,14106,0,1,0,B,0,0.0,1251.5867999999998,0.0
54,58138.93,21,713.0,0.229,0.638,0,12965.12,36,5.0,Online,Personal Loan,0,0.1460282650362021,6234,0,1,1,A,1,0.0,1555.8144,1555.8144
48,99381.31,6,560.0,0.179,0.781,0,2000.0,36,18.34,Branch,Debt Consolidation,1,0.6126720678412726,8585,0,0,0,B,0,1200.0,240.0,0.0
65,41125.86,8,649.0,0.367,0.788,0,5114.7,36,11.95,Partner,Debt Consolidation,0,0.3942184674049255,13997,0,1,0,B,0,0.0,613.764,0.0
69,39132.55,6,638.0,0.265,0.746,0,24167.85,36,10.63,Online,Auto Refi,0,0.3173118432693126,5620,0,0,0,A,0,0.0,2900.142,0.0
61,44210.46,18,653.0,0.523,0.54,0,16611.99,36,11.99,Online,Debt Consolidation,0,0.4423214055794292,2223,0,0,0,B,0,0.0,1993.4388000000001,0.0
31,89055.97,20,709.0,0.385,0.35,0,15130.97,36,5.0,Branch,Auto Refi,0,0.1448928548645029,5766,0,1,1,A,1,0.0,1815.7163999999998,1815.7163999999998
59,68914.0,17,620.0,0.426,0.499,0,27581.0,36,13.2,Online,Auto Refi,0,0.5210438820748317,16364,0,0,0,B,0,0.0,3309.72,0.0
48,64338.68,18,598.0,0.36,0.73,1,13348.61,36,21.99,Online,Debt Consolidation,0,0.6597504936555993,17914,0,0,0,A,0,0.0,1601.8332,0.0
24,71656.81,19,665.0,0.369,0.521,1,14516.25,36,11.89,Online,Auto Refi,0,0.3490385943200361,8266,0,1,0,A,1,0.0,1741.95,1741.95
69,69284.39,17,668.0,0.457,0.223,0,21169.31,60,6.13,Online,Auto Refi,0,0.206763805096963,6195,0,0,0,A,0,0.0,2540.3172,0.0
55,43731.12,19,763.0,0.284,0.602,1,10835.09,36,5.0,Branch,Auto Refi,0,0.1039489435695845,3705,0,1,1,B,1,0.0,1300.2108,1300.2108
25,59964.49,17,657.0,0.422,0.538,0,3348.0,60,9.51,Online,Personal Loan,0,0.2755007459438685,5244,0,0,0,A,0,0.0,401.76,0.0
66,97278.91,19,808.0,0.278,0.35,0,17412.6,60,5.0,Online,Personal Loan,0,0.0538660292853584,16445,0,1,1,B,1,0.0,2089.5119999999997,2089.5119999999997
65,52053.36,1,784.0,0.225,0.539,0,16697.06,36,5.0,Online,Debt Consolidation,0,0.0675041398523466,12632,0,1,1,A,1,0.0,2003.6472,2003.6472
29,46233.42,7,797.0,0.324,0.217,0,22413.54,60,5.0,Partner,Debt Consolidation,0,0.0694990497637527,6112,0,1,1,A,1,0.0,2689.6248,2689.6248
62,87902.78,24,766.0,0.399,0.69,0,2000.0,36,5.0,Partner,Auto Refi,0,0.0916110481451605,11493,0,1,1,B,1,0.0,240.0,240.0
54,33913.57,8,732.0,0.214,0.558,0,14225.17,36,5.0,Online,Auto Refi,0,0.1117229120343673,3750,0,1,1,A,1,0.0,1707.0203999999999,1707.0203999999999
57,49818.6,12,682.0,0.506,0.0,0,12413.65,36,5.0,Online,Debt Consolidation,0,0.1585778710948586,125,0,0,1,A,0,0.0,1489.638,0.0
38,63844.71,20,556.0,0.313,0.58,0,8132.6,60,19.29,Partner,Debt Consolidation,0,0.5959110135830491,9560,0,0,0,B,0,0.0,975.912,0.0
63,62316.64,13,623.0,0.28,0.0,0,18599.34,36,5.38,Branch,Debt Consolidation,1,0.1555619482309624,13063,0,0,1,A,0,11159.604,2231.9208,0.0
30,20000.0,23,676.0,0.226,0.405,0,14926.8,36,5.0,Partner,Personal Loan,0,0.1609728088543277,14756,0,1,1,A,1,0.0,1791.216,1791.216
32,55272.25,14,788.0,0.221,0.504,0,22932.28,36,5.0,Online,Auto Refi,1,0.0772176888670947,14671,0,1,1,A,1,13759.367999999999,2751.8736,-11007.4944
62,43065.46,12,631.0,0.363,0.536,0,14803.35,36,11.05,Online,Auto Refi,1,0.3741205131165351,7033,0,0,0,A,0,8882.01,1776.402,0.0
59,72653.83,12,596.0,0.127,0.405,0,2000.0,36,8.89,Partner,Personal Loan,0,0.3347586956625656,18058,0,0,0,B,0,0.0,240.0,0.0
47,107398.49,23,643.0,0.482,0.657,0,7333.21,36,13.58,Online,Personal Loan,0,0.4088497378405595,13177,0,0,0,B,0,0.0,879.9852,0.0
46,50315.35,1,752.0,0.338,0.221,0,2000.0,60,5.0,Online,Personal Loan,0,0.0707713715578869,15129,0,1,1,A,1,0.0,240.0,240.0
46,33452.79,14,660.0,0.524,0.252,0,12493.33,60,8.22,Online,Personal Loan,0,0.300624802973565,1702,0,0,0,B,0,0.0,1499.1996,0.0
31,55175.52,24,626.0,0.351,0.223,0,11600.92,36,8.15,Partner,Debt Consolidation,0,0.2900037055350117,17925,0,0,0,A,0,0.0,1392.1104,0.0
36,85565.04,12,768.0,0.301,0.228,2,15163.82,36,5.0,Partner,Debt Consolidation,0,0.1066655011264629,14902,0,0,1,B,1,0.0,1819.6583999999998,1819.6583999999998
68,73425.78,23,508.0,0.214,0.524,0,17836.36,60,22.11,Online,Debt Consolidation,1,0.5816366416488656,5961,0,0,0,A,0,10701.816,2140.3632,0.0
25,53522.28,13,689.0,0.306,0.433,1,12276.77,60,7.35,Online,Debt Consolidation,0,0.2295879370052436,18289,0,1,0,A,1,0.0,1473.2124,1473.2124
46,63338.69,23,647.0,0.144,0.641,0,24712.23,60,6.61,Online,Personal Loan,0,0.2000397433580454,3505,0,1,0,A,1,0.0,2965.4676,2965.4676
60,48372.48,5,593.0,0.179,0.359,2,15908.09,60,19.31,Branch,Personal Loan,1,0.6861723229677316,5747,0,0,0,A,0,9544.854,1908.9708,0.0
44,63295.17,1,707.0,0.382,0.731,1,2000.0,60,9.88,Online,Personal Loan,1,0.2774414153116729,4115,0,1,0,A,1,1200.0,240.0,-960.0
34,68354.07,4,670.0,0.363,0.651,0,18623.69,36,22.46,Branch,Personal Loan,1,0.6067163993691108,6419,1,0,0,A,0,11174.213999999998,2234.8428,0.0
52,66424.86,18,663.0,0.405,0.664,0,12161.12,36,9.84,Online,Personal Loan,0,0.3136791342445376,4141,0,0,0,B,0,0.0,1459.3344,0.0
63,51518.95,23,818.0,0.288,0.351,0,2000.0,36,5.0,Online,Auto Refi,0,0.0730553781094801,11278,0,1,1,A,1,0.0,240.0,240.0
31,25095.07,13,730.0,0.176,0.442,1,16398.13,36,5.0,Online,Personal Loan,1,0.1583785554124557,1821,0,1,1,B,1,9838.878,1967.7756,-7871.102400000001
46,54853.02,7,586.0,0.377,0.475,0,2000.0,36,15.88,Online,Personal Loan,1,0.44772577994433,18930,0,0,0,A,0,1200.0,240.0,0.0
58,20000.0,15,701.0,0.162,0.762,0,15289.9,36,5.0,Branch,Debt Consolidation,0,0.1647328727554946,11641,0,1,1,B,1,0.0,1834.7879999999998,1834.7879999999998
65,57995.83,20,704.0,0.361,0.648,0,16211.89,60,5.26,Partner,Personal Loan,0,0.1861955609367676,6285,0,1,0,B,0,0.0,1945.4268,0.0
26,56507.51,8,604.0,0.335,0.582,0,18297.86,60,14.14,Branch,Personal Loan,0,0.4357870713436371,15223,0,0,0,B,0,0.0,2195.7432,0.0
32,51816.18,4,692.0,0.528,0.345,0,17792.54,60,6.27,Partner,Personal Loan,0,0.2743725369659293,2911,0,0,0,A,0,0.0,2135.1048,0.0
25,97370.42,16,773.0,0.431,0.039,1,13445.31,36,5.0,Online,Personal Loan,0,0.0970582309150743,18838,0,0,1,A,0,0.0,1613.4371999999998,0.0
31,76587.51,15,661.0,0.405,0.183,0,17361.28,60,5.66,Online,Personal Loan,1,0.1715241759066571,1927,0,0,1,B,1,10416.767999999998,2083.3536,-8333.414399999998
60,66856.54,19,672.0,0.214,0.49,1,19466.95,60,7.95,Online,Debt Consolidation,0,0.2769936782138921,16572,0,1,0,A,1,0.0,2336.034,2336.034
67,38861.32,20,698.0,0.389,0.458,1,3938.7,60,8.21,Branch,Personal Loan,1,0.2626883238287459,18607,0,1,0,B,0,2363.22,472.64399999999995,0.0
67,32991.07,13,661.0,0.203,0.51,1,21422.32,36,8.94,Online,Personal Loan,0,0.2981477271147141,14794,0,1,0,A,1,0.0,2570.6784,2570.6784
38,114906.05,14,735.0,0.284,0.683,0,30373.83,60,5.0,Branch,Personal Loan,0,0.0876613335360486,2831,0,1,1,B,1,0.0,3644.8596000000002,3644.8596000000002
32,76670.41,3,512.0,0.05,0.085,0,13390.01,36,12.97,Online,Auto Refi,0,0.378877115242899,9660,0,0,0,B,0,0.0,1606.8011999999999,0.0
40,59655.73,6,821.0,0.354,0.458,0,11099.37,36,5.0,Online,Debt Consolidation,0,0.0800207187964366,7181,0,1,1,A,1,0.0,1331.9244,1331.9244
39,81935.58,6,740.0,0.365,0.311,0,11251.57,60,5.0,Partner,Auto Refi,0,0.0971194491649544,14575,0,1,1,B,1,0.0,1350.1884,1350.1884
45,52212.98,16,706.0,0.197,0.034,0,17645.91,60,5.0,Online,Personal Loan,0,0.1178939774297224,2813,0,1,1,A,1,0.0,2117.5092,2117.5092
65,42698.07,2,663.0,0.433,0.172,0,7619.19,36,5.75,Online,Personal Loan,1,0.1737918551422577,655,0,0,1,B,1,4571.513999999999,914.3027999999999,-3657.2111999999993
43,25546.32,22,610.0,0.325,0.024,1,13485.14,36,11.57,Branch,Auto Refi,0,0.320635103583371,8617,0,0,0,B,0,0.0,1618.2168,0.0
33,38801.59,22,770.0,0.297,0.375,0,17523.49,60,5.0,Online,Personal Loan,0,0.067758374729082,18007,0,1,1,A,1,0.0,2102.8188,2102.8188
68,107510.73,5,709.0,0.289,0.933,0,31302.88,36,6.05,Partner,Debt Consolidation,0,0.170928609796941,14098,0,1,1,A,1,0.0,3756.3456,3756.3456
29,93325.44,13,643.0,0.342,0.298,0,9237.07,36,7.18,Online,Personal Loan,0,0.2520959529699048,9318,0,1,0,A,1,0.0,1108.4484,1108.4484
60,62746.8,5,640.0,0.517,0.499,0,19955.82,36,12.82,Online,Personal Loan,0,0.479066552456741,17758,0,0,0,B,0,0.0,2394.6983999999998,0.0
51,73390.77,22,698.0,0.05,0.09,0,21581.97,36,5.0,Online,Personal Loan,0,0.1115202494714954,1917,0,1,1,A,1,0.0,2589.8364,2589.8364
53,79141.0,2,623.0,0.545,0.354,1,8773.04,36,18.7,Partner,Personal Loan,1,0.5789639911830836,5720,0,0,0,B,0,5263.8240000000005,1052.7648000000002,0.0
63,58360.39,14,779.0,0.201,0.339,0,16568.34,60,5.0,Branch,Personal Loan,0,0.0779034796315243,5867,0,1,1,B,1,0.0,1988.2007999999998,1988.2007999999998
45,39031.86,24,622.0,0.431,0.018,1,10157.43,60,12.35,Online,Personal Loan,1,0.5707228013737516,4118,0,0,0,A,0,6094.458,1218.8916,0.0
60,88875.01,17,676.0,0.293,0.682,0,24276.85,36,6.81,Partner,Personal Loan,0,0.2152581353384991,2752,0,1,0,A,1,0.0,2913.2219999999998,2913.2219999999998
29,45121.72,20,788.0,0.154,0.738,2,10577.61,60,5.0,Partner,Debt Consolidation,1,0.1067511962067548,12036,0,0,1,B,1,6346.566,1269.3132,-5077.2528
55,22330.44,7,661.0,0.346,0.512,0,18901.52,60,7.53,Online,Auto Refi,1,0.2565038488313536,17185,0,1,0,B,0,11340.912,2268.1824,0.0
50,77927.07,23,648.0,0.315,0.446,1,15600.86,36,11.85,Partner,Personal Loan,1,0.3940872733541029,994,0,1,0,A,1,9360.516,1872.1032,-7488.4128
25,77994.16,16,676.0,0.173,0.0,0,3010.55,60,5.0,Online,Auto Refi,0,0.1162531345471011,18922,0,1,1,A,1,0.0,361.266,361.266
29,99111.29,3,534.0,0.544,0.525,0,26561.23,36,25.0,Online,Personal Loan,1,0.8164780338880846,16068,0,0,0,A,0,15936.738,3187.3476,0.0
23,73978.44,3,654.0,0.316,0.72,0,18387.96,36,9.69,Partner,Debt Consolidation,0,0.2952290748325728,10700,0,1,0,A,1,0.0,2206.5552,2206.5552
33,34548.05,6,773.0,0.367,0.569,0,22630.82,36,5.0,Online,Auto Refi,0,0.0824127823758858,17766,0,1,1,A,1,0.0,2715.6983999999998,2715.6983999999998
25,88506.75,14,643.0,0.435,0.689,0,25965.94,36,12.91,Online,Personal Loan,1,0.4500367412482921,8604,0,0,0,B,0,15579.563999999998,3115.9127999999996,0.0
39,92063.17,10,756.0,0.195,0.339,0,12532.86,36,5.0,Online,Personal Loan,0,0.0888504937986698,12628,0,1,1,B,1,0.0,1503.9432,1503.9432
40,67669.11,1,674.0,0.24,0.537,0,3524.81,36,5.01,Partner,Debt Consolidation,0,0.1501951798320433,15212,0,1,1,B,1,0.0,422.9772,422.9772
49,48639.85,14,514.0,0.215,0.757,0,8907.86,36,24.08,Partner,Auto Refi,1,0.6433402197292606,539,0,0,0,B,0,5344.716,1068.9432,0.0
39,82336.31,22,820.0,0.235,0.568,0,10750.1,60,5.0,Branch,Personal Loan,0,0.0803847244603127,8759,0,1,1,A,1,0.0,1290.012,1290.012
35,67079.07,16,759.0,0.365,0.524,0,14056.05,36,5.0,Online,Personal Loan,0,0.0995898425098277,5343,0,1,1,A,1,0.0,1686.7259999999999,1686.7259999999999
57,73595.52,9,647.0,0.461,0.537,0,9021.63,60,11.27,Online,Personal Loan,0,0.3402196375138736,10271,0,0,0,A,0,0.0,1082.5955999999999,0.0
69,48004.0,17,722.0,0.225,0.099,1,12367.97,60,5.0,Branch,Personal Loan,0,0.1293924356400986,14745,0,1,1,B,1,0.0,1484.1563999999998,1484.1563999999998
57,66132.57,6,814.0,0.35,0.849,1,8878.87,36,12.49,Branch,Personal Loan,0,0.4119878069744048,1322,1,0,0,B,0,0.0,1065.4644,0.0
62,77254.12,18,668.0,0.446,0.326,1,17631.6,60,10.91,Branch,Personal Loan,1,0.2970296174464912,8605,0,0,0,A,0,10578.96,2115.792,0.0
50,68939.97,17,667.0,0.392,0.174,1,22581.12,36,8.52,Branch,Personal Loan,0,0.3181713887642033,15454,0,1,0,A,1,0.0,2709.7344,2709.7344
41,85547.51,17,686.0,0.473,0.413,1,13450.12,60,24.85,Online,Personal Loan,0,0.7438011540211709,9126,1,0,0,B,0,0.0,1614.0144,0.0
61,80988.34,21,660.0,0.121,0.684,2,11242.89,36,13.89,Online,Personal Loan,1,0.3948871546438586,7418,0,0,0,B,0,6745.7339999999995,1349.1468,0.0
68,72218.44,14,602.0,0.35,0.3,0,9126.12,36,11.38,Partner,Personal Loan,1,0.3923162649311141,17660,0,0,0,A,0,5475.6720000000005,1095.1344000000001,0.0
57,93617.57,18,663.0,0.394,0.541,0,19706.39,60,8.42,Online,Debt Consolidation,0,0.3038324483284533,7905,0,1,0,A,1,0.0,2364.7668,2364.7668
51,61351.81,19,724.0,0.288,0.494,0,24511.67,36,5.0,Online,Personal Loan,0,0.1439694848739646,5058,0,1,1,B,1,0.0,2941.4003999999995,2941.4003999999995
51,57744.52,0,733.0,0.269,0.332,0,11672.51,36,5.0,Branch,Personal Loan,0,0.0958886591021776,14442,0,1,1,A,1,0.0,1400.7012,1400.7012
25,89041.46,19,723.0,0.3,0.637,1,25201.72,36,6.1,Online,Debt Consolidation,1,0.2249015486540312,1145,0,1,0,A,1,15121.032,3024.2064,-12096.8256
41,67677.1,16,692.0,0.365,0.443,1,13855.16,36,8.18,Partner,Auto Refi,0,0.279281488342514,2703,0,1,0,A,1,0.0,1662.6191999999999,1662.6191999999999
46,75980.45,24,767.0,0.303,0.493,1,32544.34,36,5.0,Partner,Debt Consolidation,0,0.1418960080452923,6182,0,1,1,B,1,0.0,3905.3208,3905.3208
26,72737.45,16,480.0,0.295,0.869,0,6345.99,60,25.0,Branch,Personal Loan,0,0.8791354125613791,16718,0,0,0,B,0,0.0,761.5187999999999,0.0
53,42888.64,18,690.0,0.37,0.484,1,17179.09,36,8.86,Online,Personal Loan,0,0.3267477502658475,8554,0,1,0,B,0,0.0,2061.4908,0.0
40,85508.01,21,673.0,0.22,0.506,0,16375.34,36,5.0,Online,Personal Loan,0,0.1483417663825799,17489,0,1,1,B,1,0.0,1965.0408,1965.0408
26,35326.33,16,736.0,0.3,0.405,0,17765.79,60,5.0,Online,Debt Consolidation,0,0.0962602943421002,691,0,1,1,B,1,0.0,2131.8948,2131.8948
30,61351.6,15,763.0,0.342,0.782,0,12899.91,60,5.0,Online,Auto Refi,0,0.0792232861249983,5990,0,1,1,B,1,0.0,1547.9892,1547.9892
52,31088.53,20,652.0,0.323,0.304,0,9856.82,36,6.14,Online,Personal Loan,0,0.216533469266593,17955,0,1,0,B,0,0.0,1182.8183999999999,0.0
26,69266.36,6,706.0,0.4,0.128,0,8370.3,60,5.0,Online,Debt Consolidation,0,0.1584412261647087,8879,0,1,1,A,1,0.0,1004.4359999999999,1004.4359999999999
67,97834.62,7,630.0,0.224,0.35,0,16014.72,60,6.87,Online,Auto Refi,0,0.2024343676486209,1818,0,0,0,A,0,0.0,1921.7663999999997,0.0
60,77233.01,17,595.0,0.099,0.33,0,7172.76,60,7.76,Online,Debt Consolidation,0,0.2452993002051589,16899,0,0,0,A,0,0.0,860.7312,0.0
55,96833.48,6,754.0,0.324,0.98,1,24004.83,36,6.72,Online,Debt Consolidation,0,0.2772098813693328,16367,0,1,0,A,1,0.0,2880.5796,2880.5796
24,27952.38,23,646.0,0.195,0.561,0,15491.64,36,6.85,Branch,Personal Loan,0,0.2256985790826152,16791,0,1,0,A,1,0.0,1858.9968,1858.9968
32,52927.72,7,738.0,0.396,0.496,0,19578.43,36,5.0,Online,Auto Refi,0,0.1017794352921015,2117,0,1,1,A,1,0.0,2349.4116,2349.4116
41,34216.54,11,727.0,0.33,0.628,0,12024.78,36,5.0,Online,Personal Loan,0,0.1218962651304774,16556,0,1,1,A,1,0.0,1442.9736,1442.9736
24,59356.47,22,732.0,0.27,0.461,0,11016.1,36,5.0,Online,Auto Refi,0,0.1031630214144129,13883,0,1,1,B,1,0.0,1321.932,1321.932
22,43600.04,17,593.0,0.329,0.462,3,13723.01,36,25.0,Branch,Debt Consolidation,1,0.7522255641091434,23,0,0,0,B,0,8233.806,1646.7612,0.0
63,63159.12,22,736.0,0.155,0.422,0,8590.62,36,5.0,Partner,Personal Loan,0,0.1202250466926595,9892,0,1,1,A,1,0.0,1030.8744000000002,1030.8744000000002
28,96155.93,3,585.0,0.274,0.54,1,11122.1,36,19.45,Branch,Personal Loan,0,0.6466548639256121,16336,0,0,0,A,0,0.0,1334.652,0.0
41,72560.99,17,586.0,0.281,0.208,0,19234.96,60,10.73,Online,Debt Consolidation,0,0.3674531576475194,2855,0,0,0,B,0,0.0,2308.1951999999997,0.0
37,41399.75,6,752.0,0.315,0.673,0,16952.9,60,5.0,Online,Personal Loan,0,0.0901110546784197,12630,0,1,1,A,1,0.0,2034.3480000000002,2034.3480000000002
42,68386.45,15,706.0,0.268,0.084,0,14962.98,60,5.0,Online,Debt Consolidation,0,0.1263490826821232,7004,0,1,1,A,1,0.0,1795.5575999999999,1795.5575999999999
47,57529.9,11,722.0,0.404,0.435,0,10260.24,36,5.0,Online,Personal Loan,1,0.1494739037546064,16257,0,0,1,B,1,6156.143999999999,1231.2287999999999,-4924.9151999999995
62,88873.18,16,817.0,0.247,0.636,0,11010.08,60,5.0,Online,Auto Refi,0,0.0722237707915916,6641,0,1,1,A,1,0.0,1321.2096,1321.2096
44,98590.64,7,601.0,0.377,0.378,0,25752.57,60,13.02,Online,Auto Refi,0,0.4317531654180681,18553,0,0,0,B,0,0.0,3090.3084,0.0
36,82540.93,13,686.0,0.196,0.052,0,11577.48,36,5.0,Online,Auto Refi,0,0.1241765803830974,11273,0,1,1,A,1,0.0,1389.2975999999999,1389.2975999999999
27,48059.49,18,662.0,0.05,0.133,0,2000.0,60,5.0,Online,Debt Consolidation,0,0.1107166205331,19248,0,1,1,B,1,0.0,240.0,240.0
49,49345.84,13,647.0,0.292,0.246,0,12436.79,60,5.61,Branch,Debt Consolidation,0,0.2102479036554164,15646,0,1,0,B,0,0.0,1492.4148,0.0
63,65900.13,5,729.0,0.361,0.485,0,8317.04,36,5.0,Online,Personal Loan,0,0.1300125930603189,15473,0,1,1,B,1,0.0,998.0448000000001,998.0448000000001
57,64909.54,21,567.0,0.388,0.357,0,23615.23,60,16.93,Online,Personal Loan,0,0.5171426710920863,1614,0,0,0,A,0,0.0,2833.8275999999996,0.0
39,93821.77,7,798.0,0.221,0.16,0,6505.2,60,5.0,Online,Personal Loan,0,0.0671429115602193,8464,0,1,1,B,1,0.0,780.6239999999999,780.6239999999999
69,75165.7,7,675.0,0.393,0.357,1,18735.01,60,9.58,Online,Personal Loan,0,0.2958340648410811,4544,0,1,0,A,1,0.0,2248.2011999999995,2248.2011999999995
21,79917.11,19,677.0,0.192,0.302,0,26761.26,36,5.0,Partner,Personal Loan,0,0.1715584163288536,4300,0,1,1,A,1,0.0,3211.3511999999996,3211.3511999999996
38,64372.53,4,720.0,0.339,0.813,1,25242.11,60,8.59,Branch,Personal Loan,1,0.3365259145267839,11956,0,1,0,A,1,15145.266,3029.0532,-12116.2128
50,48418.39,5,671.0,0.49,0.791,1,21697.74,36,25.0,Online,Personal Loan,1,0.8866252757304155,9555,1,0,0,A,0,13018.644,2603.7288000000003,0.0
61,48872.92,12,717.0,0.412,0.483,0,7535.69,60,5.0,Online,Auto Refi,0,0.150177492996365,3516,0,0,1,B,1,0.0,904.2828,904.2828
62,53213.21,8,737.0,0.371,0.773,0,22516.28,60,5.0,Partner,Personal Loan,0,0.1166301004061129,8607,0,1,1,B,1,0.0,2701.9536,2701.9536
48,56100.71,24,705.0,0.224,0.388,1,9420.83,36,5.0,Partner,Auto Refi,0,0.1728747061296161,3284,0,1,1,A,1,0.0,1130.4995999999999,1130.4995999999999
65,86739.33,16,699.0,0.277,0.058,1,12182.92,36,5.0,Online,Auto Refi,1,0.1138435470902496,13897,0,1,1,A,1,7309.7519999999995,1461.9504,-5847.8016
21,84329.68,20,653.0,0.247,0.727,0,21305.29,60,8.63,Online,Personal Loan,0,0.3148190194498512,19670,0,1,0,B,0,0.0,2556.6348,0.0
27,106338.16,20,697.0,0.367,0.357,0,2886.85,36,5.0,Online,Debt Consolidation,0,0.1593283969403517,4075,0,1,1,A,1,0.0,346.42199999999997,346.42199999999997
22,20000.0,7,579.0,0.317,0.254,1,8922.8,36,17.69,Online,Personal Loan,1,0.5316393245352479,8612,0,0,0,B,0,5353.679999999999,1070.7359999999999,0.0
46,71279.11,17,726.0,0.309,0.337,0,25656.03,60,5.0,Online,Personal Loan,0,0.1114187697242944,401,0,1,1,A,1,0.0,3078.7236,3078.7236
37,78136.4,20,750.0,0.124,0.667,0,20699.81,60,5.0,Online,Auto Refi,1,0.0851991626059205,11553,0,1,1,A,1,12419.886,2483.9772000000003,-9935.908800000001
41,73616.7,10,691.0,0.338,0.473,1,19570.82,36,8.1,Online,Debt Consolidation,0,0.2753230961055475,2677,0,1,0,B,0,0.0,2348.4984,0.0
49,84684.6,8,651.0,0.375,0.374,0,22133.49,36,7.62,Partner,Personal Loan,0,0.2660814971170531,5076,0,1,0,A,1,0.0,2656.0188000000003,2656.0188000000003
33,68286.25,4,694.0,0.263,0.656,1,13552.85,60,8.28,Online,Debt Consolidation,1,0.2730617582981402,405,0,1,0,B,0,8131.71,1626.3419999999999,0.0
23,61777.41,14,734.0,0.195,0.436,0,20177.25,60,5.0,Online,Personal Loan,0,0.0945829347047955,9280,0,1,1,A,1,0.0,2421.27,2421.27
58,52626.63,18,789.0,0.35,0.388,0,27379.43,36,5.0,Online,Personal Loan,0,0.0961666915625106,19003,0,1,1,A,1,0.0,3285.5316,3285.5316
67,57021.41,6,661.0,0.289,0.461,1,23512.1,60,10.05,Partner,Personal Loan,0,0.318422008957395,970,0,1,0,A,1,0.0,2821.4519999999998,2821.4519999999998
52,76798.63,13,660.0,0.343,0.713,0,16694.69,36,23.85,Online,Debt Consolidation,1,0.6348268406134226,17749,1,0,0,B,0,10016.813999999998,2003.3627999999999,0.0
60,59101.41,21,822.0,0.174,0.812,0,20102.47,36,5.0,Partner,Personal Loan,0,0.0947588100811317,3145,0,1,1,A,1,0.0,2412.2964,2412.2964
49,70116.92,9,662.0,0.098,0.412,2,13915.67,60,10.15,Branch,Personal Loan,0,0.3202134466568879,16714,0,0,0,A,0,0.0,1669.8804,0.0
22,42884.1,11,708.0,0.417,0.546,0,12134.62,36,5.0,Online,Personal Loan,0,0.1556816451379598,7589,0,0,1,A,0,0.0,1456.1544000000001,0.0
36,70134.2,6,757.0,0.248,0.402,1,29294.03,36,5.0,Online,Debt Consolidation,0,0.1362049266810322,313,0,1,1,A,1,0.0,3515.2835999999998,3515.2835999999998
69,67486.61,6,583.0,0.312,0.311,0,18336.78,60,12.86,Branch,Personal Loan,1,0.4364095997473606,4762,0,0,0,B,0,11002.068,2200.4136,0.0
33,51179.65,11,781.0,0.415,0.291,0,9465.83,60,5.0,Online,Personal Loan,0,0.0686227677541329,9642,0,0,1,B,1,0.0,1135.8996,1135.8996
48,106446.02,17,698.0,0.369,0.742,0,15955.8,36,6.63,Online,Personal Loan,0,0.224701474646211,4188,0,1,0,A,1,0.0,1914.696,1914.696
29,102488.69,17,796.0,0.424,0.553,0,18882.66,36,5.0,Online,Personal Loan,1,0.0908903163248061,18590,0,0,1,B,1,11329.596,2265.9192,-9063.6768
32,90567.86,10,770.0,0.405,0.588,0,19570.71,36,5.0,Online,Personal Loan,0,0.0779541928126782,18482,0,0,1,A,0,0.0,2348.4851999999996,0.0
22,60481.76,20,767.0,0.259,0.329,1,12393.93,36,5.0,Online,Auto Refi,0,0.1001646495456874,14384,0,1,1,A,1,0.0,1487.2716,1487.2716
40,68770.23,24,687.0,0.33,0.755,0,7560.43,36,7.05,Online,Personal Loan,1,0.2270451691095628,5362,0,1,0,A,1,4536.258,907.2516,-3629.0063999999998
24,57144.03,21,650.0,0.303,0.782,0,7353.61,36,10.48,Branch,Debt Consolidation,0,0.3060156327405156,6518,0,1,0,B,0,0.0,882.4331999999999,0.0
25,47515.36,1,744.0,0.34,0.389,0,17924.99,36,5.0,Online,Debt Consolidation,1,0.0923724400163133,3298,0,1,1,B,1,10754.994,2150.9988000000003,-8603.995200000001
69,91524.85,14,684.0,0.594,0.2,0,19820.17,36,6.77,Branch,Auto Refi,0,0.2535034473743465,17150,0,0,0,B,0,0.0,2378.4203999999995,0.0
44,92097.37,10,591.0,0.204,0.339,0,16049.22,36,10.16,Online,Debt Consolidation,0,0.3300571732297321,8157,0,0,0,B,0,0.0,1925.9063999999998,0.0
43,80414.75,20,677.0,0.345,0.323,1,7411.08,60,8.16,Online,Personal Loan,0,0.255104533488999,11032,0,1,0,B,0,0.0,889.3295999999999,0.0
53,45669.81,13,746.0,0.45,0.65,0,10882.89,60,5.0,Branch,Auto Refi,0,0.1069487968765291,13023,0,0,1,B,1,0.0,1305.9468,1305.9468
55,106265.96,3,679.0,0.32,0.548,0,23643.81,36,5.82,Online,Personal Loan,1,0.2111631830849467,9803,0,1,0,B,0,14186.286,2837.2572,0.0
28,47207.62,11,698.0,0.35,0.945,1,14694.6,60,12.6,Online,Personal Loan,0,0.4222699787382417,15148,0,1,0,B,0,0.0,1763.352,0.0
43,47744.69,1,630.0,0.4,0.517,0,17332.58,36,11.75,Partner,Personal Loan,0,0.386720195958056,13348,0,0,0,B,0,0.0,2079.9096,0.0
54,58400.26,11,600.0,0.345,0.38,0,29591.78,60,12.37,Online,Debt Consolidation,0,0.4980481735719884,7407,0,0,0,A,0,0.0,3551.0135999999998,0.0
53,27659.14,7,679.0,0.305,0.412,0,9404.51,36,5.0,Branch,Personal Loan,1,0.1638446055412672,9211,0,1,1,B,1,5642.706,1128.5412,-4514.1648000000005
50,60766.13,23,638.0,0.288,0.415,0,4738.74,36,7.71,Online,Personal Loan,1,0.2791297940888496,12159,0,0,0,B,0,2843.2439999999997,568.6487999999999,0.0
60,77953.77,12,650.0,0.25,0.336,0,10989.3,60,5.4,Online,Debt Consolidation,0,0.1702989029763726,2500,0,1,1,B,1,0.0,1318.716,1318.716
60,84382.57,16,735.0,0.212,0.433,0,20742.33,36,5.0,Online,Debt Consolidation,0,0.0968078018339397,643,0,1,1,B,1,0.0,2489.0796,2489.0796
32,87840.72,4,648.0,0.392,0.432,0,23895.17,60,8.79,Branch,Debt Consolidation,1,0.3138827847300184,5585,0,1,0,B,0,14337.101999999999,2867.4203999999995,0.0
52,108079.13,1,591.0,0.219,0.287,0,10912.13,60,9.94,Online,Debt Consolidation,1,0.3818131221151159,1588,0,0,0,B,0,6547.277999999999,1309.4555999999998,0.0
67,53955.89,17,669.0,0.38,0.717,1,11132.23,60,13.96,Branch,Debt Consolidation,1,0.3957840869025285,15169,0,1,0,B,0,6679.338,1335.8675999999998,0.0
30,68953.38,20,706.0,0.441,0.403,0,8728.03,36,5.0,Online,Auto Refi,0,0.1641120786936023,8361,0,0,1,B,1,0.0,1047.3636000000001,1047.3636000000001
61,45983.66,6,669.0,0.34,0.61,0,9029.02,36,7.56,Online,Personal Loan,1,0.2380143382861953,10154,0,1,0,B,0,5417.412,1083.4824,0.0
50,44485.52,2,656.0,0.237,0.0,1,10881.08,36,5.42,Branch,Personal Loan,0,0.1639989179483908,15940,0,1,1,B,1,0.0,1305.7296,1305.7296
24,73126.71,15,668.0,0.522,0.275,0,20401.09,60,7.69,Online,Personal Loan,0,0.2521664004866817,11704,0,0,0,B,0,0.0,2448.1308,0.0
40,75830.6,1,678.0,0.247,0.051,0,12772.11,60,5.0,Online,Auto Refi,0,0.1214093618123354,14974,0,1,1,A,1,0.0,1532.6532,1532.6532
55,63456.99,6,715.0,0.177,0.254,0,2000.0,60,8.88,Online,Debt Consolidation,0,0.2632348550308499,312,1,0,0,A,0,0.0,240.0,0.0
50,20000.0,0,674.0,0.451,0.271,1,23590.21,36,24.17,Online,Personal Loan,1,0.7565236795493283,15544,1,0,0,B,0,14154.125999999998,2830.8251999999998,0.0
39,70020.27,23,711.0,0.05,0.174,0,9798.02,36,5.0,Branch,Personal Loan,0,0.1238001368515873,16855,0,1,1,B,1,0.0,1175.7624,1175.7624
47,56688.7,18,661.0,0.362,0.335,0,16021.01,60,6.18,Online,Auto Refi,0,0.2261833314926268,17238,0,1,0,A,1,0.0,1922.5212,1922.5212
60,62336.66,9,640.0,0.293,0.251,1,18250.37,60,10.12,Branch,Auto Refi,0,0.2912163611760342,7081,0,1,0,B,0,0.0,2190.0443999999998,0.0
68,76922.04,21,694.0,0.294,0.425,0,2000.0,60,5.0,Online,Personal Loan,1,0.1220174514149143,5999,0,1,1,A,1,1200.0,240.0,-960.0
40,94561.9,18,667.0,0.05,0.371,0,12205.16,36,5.0,Online,Auto Refi,0,0.1322094426476652,9242,0,1,1,A,1,0.0,1464.6191999999999,1464.6191999999999
26,76246.44,1,778.0,0.442,0.447,0,10495.91,60,5.0,Branch,Personal Loan,0,0.0867240841519132,5922,0,0,1,A,0,0.0,1259.5092,0.0
69,63031.03,3,729.0,0.05,0.314,0,9198.27,60,5.0,Online,Personal Loan,0,0.094067398971446,6017,0,1,1,A,1,0.0,1103.7924,1103.7924
27,60837.75,11,661.0,0.292,0.593,0,11637.23,36,7.34,Online,Auto Refi,0,0.2261241703607346,8129,0,1,0,A,1,0.0,1396.4676,1396.4676
62,86378.3,3,691.0,0.252,0.383,0,27744.47,60,5.0,Online,Personal Loan,0,0.1947402061405717,12009,0,1,0,B,0,0.0,3329.3364,0.0
47,65307.24,7,718.0,0.44,0.41,0,3441.48,60,5.0,Online,Personal Loan,0,0.1206179496763874,11087,0,0,1,A,0,0.0,412.9776,0.0
65,99283.28,13,630.0,0.445,0.0,0,22341.84,36,7.35,Online,Personal Loan,0,0.1865968678031241,4391,0,0,0,B,0,0.0,2681.0208,0.0
45,30214.45,8,528.0,0.466,0.528,0,17319.86,60,25.0,Online,Debt Consolidation,1,0.7670518379608334,8868,0,0,0,B,0,10391.916,2078.3832,0.0
45,79296.18,22,674.0,0.215,0.241,1,16163.56,60,5.61,Online,Auto Refi,0,0.1787581363336937,18160,0,1,1,A,1,0.0,1939.6272,1939.6272
40,23556.51,22,695.0,0.36,0.478,0,10047.68,36,5.0,Online,Personal Loan,0,0.1538852064684458,7159,0,1,1,A,1,0.0,1205.7216,1205.7216
67,55612.04,2,653.0,0.485,0.295,1,15111.47,36,13.04,Online,Auto Refi,0,0.4239861662530442,8196,0,0,0,B,0,0.0,1813.3763999999999,0.0
65,32611.59,3,653.0,0.345,0.419,0,6797.18,36,7.33,Partner,Personal Loan,0,0.2300851125486888,17000,0,1,0,A,1,0.0,815.6616,815.6616
64,64769.42,24,639.0,0.301,0.686,0,29584.38,60,10.6,Online,Personal Loan,1,0.3122614976846435,538,0,0,0,A,0,17750.628,3550.1256,0.0
38,90180.24,17,689.0,0.21,0.832,0,18026.78,36,5.71,Branch,Auto Refi,1,0.2062099277786507,13490,0,1,0,B,0,10816.068,2163.2135999999996,0.0
65,79138.67,20,691.0,0.183,0.605,0,22153.87,36,5.0,Branch,Personal Loan,0,0.1385728418845207,4867,0,1,1,B,1,0.0,2658.4644,2658.4644
29,100834.0,13,671.0,0.339,0.546,0,12938.87,60,6.77,Online,Auto Refi,1,0.2284194434427189,10773,0,1,0,A,1,7763.322,1552.6644000000001,-6210.6576000000005
26,85276.55,19,619.0,0.052,0.534,0,8702.24,36,6.67,Online,Auto Refi,0,0.2036222112858389,16629,0,0,0,B,0,0.0,1044.2687999999998,0.0
68,85543.56,6,793.0,0.415,0.589,0,17284.56,36,5.0,Online,Personal Loan,0,0.0799963801186768,14565,0,0,1,A,0,0.0,2074.1472,0.0
55,59224.47,2,656.0,0.296,0.429,0,11927.36,60,6.39,Online,Personal Loan,0,0.2323408387770136,13010,0,1,0,A,1,0.0,1431.2832,1431.2832
52,41342.15,18,753.0,0.469,0.583,1,15950.08,60,5.7,Partner,Debt Consolidation,0,0.1615606153264229,2797,0,0,1,A,0,0.0,1914.0095999999999,0.0
63,82473.64,17,535.0,0.229,0.623,0,2438.45,36,20.43,Partner,Personal Loan,0,0.638354020748832,15876,0,0,0,B,0,0.0,292.614,0.0
59,96383.47,19,567.0,0.439,0.46,0,27432.08,36,19.31,Online,Personal Loan,0,0.612384228511049,1451,0,0,0,B,0,0.0,3291.8496,0.0
37,60944.51,4,730.0,0.307,0.424,0,19134.34,60,5.0,Online,Auto Refi,0,0.1202435319794324,15270,0,1,1,B,1,0.0,2296.1208,2296.1208
53,41543.27,22,715.0,0.426,0.483,0,16060.57,36,5.0,Partner,Auto Refi,0,0.1712135577015005,11482,0,0,1,B,1,0.0,1927.2684,1927.2684
54,85941.5,4,614.0,0.559,0.27,1,26705.31,36,19.01,Partner,Auto Refi,1,0.7183482710588777,8680,0,0,0,B,0,16023.186,3204.6372,0.0
46,68709.94,24,699.0,0.234,0.904,0,16454.57,36,5.84,Partner,Auto Refi,0,0.2613612218532119,13602,0,1,0,A,1,0.0,1974.5484,1974.5484
35,44172.15,3,720.0,0.307,0.331,1,15849.31,36,5.0,Partner,Personal Loan,0,0.161305318942316,18844,0,1,1,A,1,0.0,1901.9171999999999,1901.9171999999999
41,69844.77,7,733.0,0.226,0.629,1,16158.42,60,5.0,Partner,Personal Loan,0,0.1356803957768283,16568,0,1,1,A,1,0.0,1939.0104,1939.0104
25,57300.35,15,571.0,0.458,0.633,0,11443.79,60,21.27,Branch,Auto Refi,1,0.5651605303817082,3765,0,0,0,A,0,6866.274,1373.2548000000002,0.0
34,83682.85,19,663.0,0.267,0.701,0,6665.06,36,7.72,Online,Auto Refi,0,0.2669355570682727,16214,0,1,0,B,0,0.0,799.8072,0.0
30,83041.74,24,758.0,0.427,0.054,1,25236.41,60,5.0,Branch,Personal Loan,0,0.1296638589322072,13815,0,0,1,A,0,0.0,3028.3692,0.0
60,40647.53,2,631.0,0.312,0.236,0,10993.42,60,7.13,Online,Personal Loan,0,0.2199513873052083,1447,0,0,0,B,0,0.0,1319.2104,0.0
51,71347.45,20,648.0,0.382,0.504,0,7840.87,36,9.33,Online,Personal Loan,0,0.323751265816049,11305,0,1,0,A,1,0.0,940.9043999999999,940.9043999999999
62,84527.2,24,679.0,0.183,0.237,2,22586.32,36,8.29,Branch,Debt Consolidation,0,0.3353670821668649,3483,0,0,0,B,0,0.0,2710.3584,0.0
37,20000.0,18,769.0,0.119,0.274,0,23954.69,60,5.0,Partner,Personal Loan,0,0.0700124081331872,10272,0,1,1,B,1,0.0,2874.5627999999997,2874.5627999999997
66,55544.46,18,617.0,0.249,0.604,1,16164.45,36,15.86,Online,Auto Refi,0,0.4473794236242807,15353,0,0,0,A,0,0.0,1939.734,0.0
62,61391.05,21,789.0,0.326,0.379,1,27030.12,36,5.0,Online,Personal Loan,0,0.1212591856562217,19525,0,1,1,A,1,0.0,3243.6144,3243.6144
49,44358.85,24,716.0,0.345,0.589,2,19420.23,36,11.13,Partner,Auto Refi,0,0.4055613874566422,3406,0,0,0,A,0,0.0,2330.4276,0.0
43,73722.49,21,635.0,0.23,0.158,0,15282.84,60,5.0,Online,Personal Loan,0,0.1514759166177007,15596,0,0,1,A,0,0.0,1833.9407999999999,0.0
27,34483.17,11,649.0,0.419,0.804,1,14511.22,60,18.15,Branch,Personal Loan,0,0.6503055717324424,6602,0,0,0,B,0,0.0,1741.3464,0.0
43,63994.59,16,537.0,0.496,0.503,1,17204.8,36,25.0,Online,Debt Consolidation,1,0.7777063669249495,7748,0,0,0,A,0,10322.88,2064.576,0.0
25,49429.57,21,811.0,0.285,0.318,2,19582.92,60,5.0,Online,Personal Loan,0,0.084475106399277,473,0,0,1,A,0,0.0,2349.9503999999997,0.0
27,48334.11,3,564.0,0.45,0.359,1,9790.24,36,23.52,Partner,Auto Refi,1,0.6860886892260625,16854,0,0,0,B,0,5874.143999999999,1174.8288,0.0
36,86597.4,24,679.0,0.217,0.559,0,19151.1,36,5.0,Online,Personal Loan,0,0.1573680506836905,15141,0,1,1,A,1,0.0,2298.1319999999996,2298.1319999999996
27,86207.71,14,759.0,0.306,0.152,0,9228.97,60,5.0,Online,Personal Loan,0,0.0841582000102038,12011,0,1,1,A,1,0.0,1107.4763999999998,1107.4763999999998
50,63388.65,7,686.0,0.246,0.36,0,3743.23,60,5.0,Online,Auto Refi,0,0.1250448859509481,14595,0,1,1,A,1,0.0,449.1876,449.1876
60,58742.69,1,598.0,0.337,0.167,0,2243.81,36,10.13,Online,Personal Loan,1,0.2743260667615598,16712,0,0,0,A,0,1346.2859999999998,269.2572,0.0
40,75193.88,20,639.0,0.219,0.731,0,15295.81,36,9.47,Online,Personal Loan,0,0.3206721485854474,15209,0,0,0,A,0,0.0,1835.4971999999998,0.0
58,77505.72,6,577.0,0.496,0.259,0,10196.88,36,16.93,Branch,Auto Refi,1,0.4924279227906555,7713,0,0,0,B,0,6118.128,1223.6255999999998,0.0
26,85495.05,24,710.0,0.381,0.525,0,20549.05,36,5.0,Online,Debt Consolidation,0,0.1748368720002444,14197,0,1,1,A,1,0.0,2465.886,2465.886
33,68326.74,7,751.0,0.395,0.064,0,10797.44,36,5.0,Online,Personal Loan,0,0.0742316973144931,3869,0,1,1,A,1,0.0,1295.6928,1295.6928
57,56356.43,6,633.0,0.333,0.408,0,18760.07,36,8.99,Online,Personal Loan,0,0.3147379890512212,3865,0,0,0,A,0,0.0,2251.2084,0.0
68,85616.45,15,692.0,0.256,0.372,0,2970.34,36,5.0,Online,Auto Refi,0,0.1361265561526629,3417,0,1,1,A,1,0.0,356.4408,356.4408
25,76111.92,5,737.0,0.278,0.441,0,17900.85,60,5.0,Branch,Personal Loan,0,0.1030912447058108,1200,0,1,1,A,1,0.0,2148.102,2148.102
30,38688.56,24,552.0,0.278,0.394,0,17535.01,36,16.85,Online,Personal Loan,1,0.5470133043312442,12162,0,0,0,B,0,10521.006,2104.2011999999995,0.0
67,51416.24,21,633.0,0.309,0.611,0,14011.42,60,10.65,Online,Auto Refi,1,0.3331922593785457,5834,0,0,0,A,0,8406.851999999999,1681.3704,0.0
49,79622.48,20,641.0,0.227,0.37,1,17046.93,36,10.06,Online,Auto Refi,0,0.3232983993489063,12747,0,1,0,B,0,0.0,2045.6316,0.0
60,68547.73,13,741.0,0.321,0.527,1,11322.6,60,16.68,Partner,Debt Consolidation,0,0.4238103908220944,17709,1,0,0,B,0,0.0,1358.712,0.0
39,61646.41,23,706.0,0.399,0.706,1,21249.67,36,10.08,Online,Debt Consolidation,0,0.3000918128565538,3898,0,1,0,A,1,0.0,2549.9603999999995,2549.9603999999995
30,68327.29,23,657.0,0.339,0.7,0,17526.68,36,9.58,Branch,Personal Loan,0,0.2932335878643285,12300,0,1,0,A,1,0.0,2103.2016,2103.2016
32,97868.88,21,640.0,0.681,0.232,0,9843.92,36,13.17,Online,Personal Loan,1,0.5996747953611575,12302,0,0,0,A,0,5906.352,1181.2703999999999,0.0
21,83712.83,5,660.0,0.196,0.432,0,9793.84,36,5.0,Online,Personal Loan,1,0.1582953622923314,15683,0,1,1,A,1,5876.304,1175.2608,-4701.0432
53,51200.9,9,681.0,0.264,0.582,2,17922.16,60,13.33,Partner,Auto Refi,1,0.4133810025374943,6374,0,0,0,B,0,10753.296,2150.6592,0.0
50,63710.78,8,814.0,0.595,0.387,0,23215.56,60,5.0,Online,Personal Loan,0,0.0826461975675506,18689,0,0,1,A,0,0.0,2785.8672,0.0
45,49439.86,13,574.0,0.607,0.354,1,19255.72,36,25.0,Online,Auto Refi,0,0.8088036354486222,1234,0,0,0,A,0,0.0,2310.6864,0.0
59,62530.45,24,660.0,0.205,0.106,0,24177.57,36,5.0,Partner,Personal Loan,0,0.264644978601832,1565,0,1,0,A,1,0.0,2901.3084,2901.3084
68,73240.65,11,698.0,0.438,0.433,0,15252.62,36,5.15,Partner,Auto Refi,0,0.1771410348129107,11431,0,0,1,A,0,0.0,1830.3144,0.0
38,52957.7,9,589.0,0.217,0.0,0,20333.69,36,7.23,Partner,Debt Consolidation,0,0.2871388833986627,14888,0,0,0,A,0,0.0,2440.0427999999997,0.0
22,62072.39,23,830.0,0.195,0.328,1,9001.1,36,5.0,Online,Personal Loan,0,0.0687456624135143,387,0,1,1,A,1,0.0,1080.132,1080.132
29,61330.96,17,614.0,0.206,0.502,0,14951.9,36,9.48,Online,Auto Refi,0,0.3140129564324368,5679,0,0,0,B,0,0.0,1794.2279999999998,0.0
53,90361.38,18,652.0,0.323,0.495,0,7595.49,36,7.81,Online,Auto Refi,0,0.2754398539290264,3340,0,1,0,B,0,0.0,911.4588,0.0
21,90220.18,23,728.0,0.436,0.459,0,20722.74,36,5.0,Online,Auto Refi,0,0.1469207587317653,10796,0,0,1,A,0,0.0,2486.7288000000003,0.0
61,29788.63,1,735.0,0.159,0.231,0,8960.05,36,6.48,Online,Personal Loan,0,0.1536964773368628,9559,1,0,1,A,0,0.0,1075.206,0.0
33,55993.03,5,643.0,0.249,0.506,0,5126.63,36,7.47,Online,Personal Loan,1,0.2237068137578064,15992,0,1,0,A,1,3075.978,615.1956,-2460.7824
28,52963.92,20,612.0,0.291,0.261,2,19953.7,60,18.23,Online,Debt Consolidation,0,0.5021091132355896,15574,0,0,0,B,0,0.0,2394.444,0.0
60,50230.28,11,632.0,0.24,0.382,2,20622.49,60,16.2,Branch,Personal Loan,0,0.5206044938963581,3167,0,0,0,A,0,0.0,2474.6988,0.0
47,80915.49,11,693.0,0.314,0.4,0,12064.89,36,5.0,Online,Personal Loan,0,0.1500773355727209,4362,0,1,1,B,1,0.0,1447.7867999999999,1447.7867999999999
67,61684.24,4,536.0,0.24,0.289,0,15714.77,36,16.56,Online,Debt Consolidation,0,0.4717433936929691,13905,0,0,0,A,0,0.0,1885.7724,0.0
25,42053.72,17,743.0,0.341,0.48,0,16640.83,36,5.0,Online,Debt Consolidation,0,0.1010290035230189,19493,0,1,1,A,1,0.0,1996.8996000000002,1996.8996000000002
39,80898.78,22,711.0,0.452,0.405,0,21458.93,36,5.0,Branch,Personal Loan,0,0.1515255172291774,5042,0,0,1,A,0,0.0,2575.0715999999998,0.0
59,63609.76,10,592.0,0.373,0.408,0,23073.45,60,14.24,Branch,Personal Loan,1,0.4377313250868141,3761,0,0,0,A,0,13844.07,2768.814,0.0
33,56706.93,16,742.0,0.345,0.605,0,25727.45,36,5.0,Branch,Debt Consolidation,0,0.0909043754152046,10605,0,1,1,B,1,0.0,3087.294,3087.294
30,52322.24,18,652.0,0.109,0.65,0,6443.8,36,5.76,Online,Personal Loan,0,0.143973223008363,13767,0,1,1,B,1,0.0,773.256,773.256
44,82003.65,12,609.0,0.459,0.363,1,6932.85,36,18.56,Online,Personal Loan,0,0.4811141539780366,13327,0,0,0,A,0,0.0,831.942,0.0
47,69353.2,16,609.0,0.378,0.399,0,4748.76,36,12.33,Online,Auto Refi,0,0.4283852781587314,17877,0,0,0,A,0,0.0,569.8512,0.0
43,63229.08,3,741.0,0.448,0.804,0,15456.3,36,5.0,Online,Auto Refi,0,0.1066520162605349,6973,0,0,1,B,1,0.0,1854.7559999999999,1854.7559999999999
34,76853.05,8,592.0,0.49,0.535,0,15928.5,60,18.32,Online,Debt Consolidation,1,0.5469449983754245,10391,0,0,0,B,0,9557.1,1911.4199999999998,0.0
56,90242.41,17,659.0,0.392,0.456,0,24765.62,60,7.97,Online,Auto Refi,1,0.2758170061666363,17605,0,1,0,B,0,14859.372,2971.8743999999997,0.0
61,125261.75,1,641.0,0.172,0.438,0,28692.0,36,5.84,Branch,Personal Loan,0,0.0961384651131066,19813,0,1,1,B,1,0.0,3443.04,3443.04
23,48387.39,3,678.0,0.341,0.469,0,29134.38,60,5.6,Online,Personal Loan,0,0.1819177068225184,3096,0,1,0,A,1,0.0,3496.1256,3496.1256
41,51706.71,15,734.0,0.433,0.405,0,10284.94,36,5.0,Online,Auto Refi,0,0.1098507447770184,19186,0,0,1,B,1,0.0,1234.1928,1234.1928
50,85660.86,8,662.0,0.424,0.501,0,10654.48,60,8.68,Partner,Auto Refi,0,0.3357797873330285,12924,0,0,0,A,0,0.0,1278.5375999999999,0.0
67,60545.5,22,614.0,0.323,0.421,1,2000.0,36,15.66,Online,Debt Consolidation,1,0.4590102809033639,12130,0,0,0,B,0,1200.0,240.0,0.0
59,37968.71,20,704.0,0.145,0.657,0,15510.43,36,5.0,Branch,Personal Loan,0,0.1497941289710331,2433,0,1,1,B,1,0.0,1861.2516,1861.2516
21,71234.29,13,592.0,0.185,0.51,0,18521.93,60,11.51,Online,Auto Refi,1,0.3866471715953481,15170,0,0,0,B,0,11113.158,2222.6316,0.0
37,85276.38,23,727.0,0.46,0.575,0,22684.94,60,5.0,Online,Auto Refi,0,0.1249022963819972,10852,0,0,1,B,1,0.0,2722.1928,2722.1928
33,83846.58,14,658.0,0.347,0.42,0,16385.2,36,6.98,Online,Debt Consolidation,0,0.229594545925426,3997,0,1,0,B,0,0.0,1966.224,0.0
25,20000.0,23,629.0,0.425,0.234,0,21827.07,60,9.3,Branch,Personal Loan,0,0.3271902271000849,16797,0,0,0,A,0,0.0,2619.2484,0.0
50,65952.39,0,603.0,0.251,0.33,0,2000.0,36,9.73,Online,Auto Refi,0,0.3078004007228978,13126,0,0,0,A,0,0.0,240.0,0.0
62,71162.28,4,695.0,0.41,0.411,0,4656.51,36,5.0,Online,Auto Refi,0,0.1861953059422261,18801,0,0,0,B,0,0.0,558.7812,0.0
30,57971.51,10,699.0,0.231,0.398,0,16753.23,36,5.0,Branch,Personal Loan,0,0.1591024614040493,4445,0,1,1,B,1,0.0,2010.3875999999998,2010.3875999999998
67,86124.13,3,733.0,0.329,0.527,0,15557.01,36,5.0,Online,Personal Loan,0,0.094595263153137,12099,0,1,1,A,1,0.0,1866.8411999999998,1866.8411999999998
47,40865.38,5,670.0,0.278,0.469,0,2347.68,36,5.35,Online,Auto Refi,0,0.1761024106368817,1873,0,1,1,B,1,0.0,281.72159999999997,281.72159999999997
61,58734.6,16,658.0,0.209,0.336,0,12746.61,60,5.0,Online,Personal Loan,1,0.1568007373178353,16671,0,1,1,B,1,7647.966,1529.5932,-6118.3728
42,80148.09,9,611.0,0.603,0.562,0,12140.3,60,18.85,Online,Auto Refi,0,0.6627976214065242,5636,0,0,0,A,0,0.0,1456.8359999999998,0.0
30,86655.33,6,734.0,0.247,0.581,0,21077.67,60,5.0,Branch,Personal Loan,0,0.1025879591091301,14723,0,1,1,B,1,0.0,2529.3203999999996,2529.3203999999996
34,29053.12,6,516.0,0.448,0.335,0,9628.32,36,25.0,Online,Personal Loan,1,0.7390868329723906,2812,1,0,0,B,0,5776.991999999999,1155.3983999999998,0.0
33,40306.61,16,761.0,0.471,0.523,0,11299.98,60,5.0,Online,Debt Consolidation,0,0.1002180865004704,12894,0,0,1,A,0,0.0,1355.9976,0.0
51,73895.01,20,539.0,0.212,0.097,0,20984.07,36,13.35,Branch,Debt Consolidation,1,0.4055666357148171,5420,0,0,0,A,0,12590.442,2518.0884,0.0
45,81419.46,2,646.0,0.583,0.753,0,14134.06,60,16.57,Online,Debt Consolidation,0,0.5494737240569342,1478,0,0,0,A,0,0.0,1696.0872,0.0
64,83853.82,5,722.0,0.094,0.279,0,23222.06,36,5.0,Online,Personal Loan,0,0.1132250416159463,9568,0,1,1,B,1,0.0,2786.6472,2786.6472
61,63933.7,10,656.0,0.41,0.78,0,12517.67,60,11.96,Online,Debt Consolidation,0,0.3958760183976152,1782,0,0,0,A,0,0.0,1502.1204,0.0
34,48535.2,21,659.0,0.322,0.251,0,24329.66,60,5.09,Online,Auto Refi,0,0.1591022983895633,12134,0,1,1,A,1,0.0,2919.5591999999997,2919.5591999999997
40,110519.09,0,714.0,0.561,0.594,0,21962.33,36,20.9,Branch,Auto Refi,1,0.6715560860799558,4621,1,0,0,A,0,13177.398000000001,2635.4796,0.0
38,87251.97,3,564.0,0.244,0.367,0,22415.58,36,14.33,Online,Personal Loan,0,0.4349041970498548,13089,0,0,0,A,0,0.0,2689.8696,0.0
49,40044.75,5,603.0,0.401,0.761,0,9933.18,36,17.83,Online,Auto Refi,0,0.5771782621768251,8571,0,0,0,A,0,0.0,1191.9816,0.0
67,104082.36,5,751.0,0.24,0.666,1,2000.0,60,5.0,Online,Auto Refi,0,0.1021504105079135,934,0,1,1,A,1,0.0,240.0,240.0
25,69223.27,9,600.0,0.472,0.385,0,17342.63,36,15.19,Partner,Auto Refi,0,0.4789756815207894,14196,0,0,0,B,0,0.0,2081.1156,0.0
33,50700.35,5,648.0,0.365,0.563,2,18546.64,36,19.19,Online,Personal Loan,1,0.5512272266958292,8958,0,0,0,B,0,11127.983999999999,2225.5968,0.0
40,101035.95,22,691.0,0.319,0.217,0,9284.51,36,5.0,Partner,Auto Refi,0,0.1438228504039659,15714,0,1,1,A,1,0.0,1114.1412,1114.1412
49,73775.47,21,662.0,0.209,0.147,1,4315.66,36,5.74,Online,Personal Loan,0,0.1825726210586914,1400,0,1,0,A,1,0.0,517.8792,517.8792
48,72677.36,1,598.0,0.347,0.0,0,13979.38,60,22.9,Branch,Auto Refi,0,0.4913987623912587,677,1,0,0,A,0,0.0,1677.5256,0.0
58,69626.52,21,598.0,0.319,0.223,0,11546.4,60,10.4,Online,Debt Consolidation,0,0.3319965420911526,8431,0,0,0,B,0,0.0,1385.568,0.0
53,49509.47,0,639.0,0.266,0.817,0,21315.02,60,11.32,Online,Personal Loan,0,0.3933681457666207,17592,0,0,0,B,0,0.0,2557.8024,0.0
46,78588.77,20,830.0,0.486,0.502,0,23039.0,60,5.0,Partner,Debt Consolidation,0,0.0633920887728849,19729,0,0,1,B,1,0.0,2764.68,2764.68
49,88948.47,3,712.0,0.404,0.576,0,22295.52,60,5.0,Online,Auto Refi,0,0.1549998159888592,10010,0,0,1,B,1,0.0,2675.4624,2675.4624
33,73508.21,21,572.0,0.407,0.58,0,17113.47,60,19.44,Partner,Debt Consolidation,1,0.5908275284259797,13839,0,0,0,B,0,10268.082,2053.6164,0.0
29,85578.82,13,671.0,0.247,0.428,1,19089.87,60,8.02,Online,Auto Refi,0,0.2785839603181155,6970,0,1,0,B,0,0.0,2290.7844,0.0
27,52224.42,5,766.0,0.457,0.404,0,22209.39,36,5.0,Online,Personal Loan,0,0.0801390475051021,13779,0,0,1,B,1,0.0,2665.1268,2665.1268
51,58871.92,20,578.0,0.331,0.351,0,22005.49,60,14.32,Online,Personal Loan,0,0.4340036860081065,19756,0,0,0,B,0,0.0,2640.6588,0.0
30,81451.0,18,538.0,0.303,0.468,0,27073.28,36,19.96,Online,Personal Loan,1,0.6433792343514106,2804,0,0,0,B,0,16243.967999999999,3248.7935999999995,0.0
59,71719.0,18,768.0,0.407,0.641,1,17915.64,36,5.0,Branch,Personal Loan,1,0.1142064848995304,4761,0,0,1,A,0,10749.384,2149.8768,0.0
46,79500.08,24,620.0,0.473,0.435,1,20310.55,60,18.44,Branch,Debt Consolidation,1,0.5885789158292936,11376,0,0,0,A,0,12186.33,2437.2659999999996,0.0
53,68417.78,23,634.0,0.173,0.215,0,16567.8,36,5.0,Partner,Personal Loan,1,0.1639602623922371,14836,0,0,1,A,0,9940.679999999998,1988.1359999999997,0.0
41,54785.51,8,674.0,0.232,0.091,0,9634.13,36,5.0,Branch,Debt Consolidation,0,0.1093758812062822,9380,0,1,1,A,1,0.0,1156.0955999999999,1156.0955999999999
24,64757.72,9,661.0,0.357,0.379,1,17379.76,60,10.59,Online,Debt Consolidation,0,0.2958399429508225,15508,0,1,0,B,0,0.0,2085.5712,0.0
48,72333.78,20,715.0,0.356,0.158,0,6888.93,60,5.0,Online,Debt Consolidation,0,0.1384064793801068,4040,0,1,1,B,1,0.0,826.6716,826.6716
65,65456.19,21,741.0,0.45,0.196,0,26768.48,36,5.0,Online,Debt Consolidation,0,0.1001057847090965,2299,0,0,1,A,0,0.0,3212.2176,0.0
25,47613.55,6,615.0,0.626,0.471,0,19010.26,60,17.83,Branch,Debt Consolidation,0,0.5714665429893283,12989,0,0,0,B,0,0.0,2281.2311999999997,0.0
61,63783.94,10,749.0,0.236,0.574,0,10505.98,36,5.0,Online,Personal Loan,0,0.1059754652415808,10129,0,1,1,A,1,0.0,1260.7176,1260.7176
45,52878.78,12,713.0,0.338,0.238,1,18796.47,60,5.0,Branch,Personal Loan,0,0.1574066453970676,5715,0,1,1,B,1,0.0,2255.5764,2255.5764
69,94742.16,13,678.0,0.476,0.574,0,11061.05,60,8.69,Partner,Personal Loan,0,0.3309291078449173,9210,0,0,0,A,0,0.0,1327.3259999999998,0.0
24,66376.53,0,558.0,0.319,0.542,0,23400.82,36,18.73,Branch,Debt Consolidation,0,0.5903967449129346,9947,0,0,0,B,0,0.0,2808.0984,0.0
69,78146.45,19,764.0,0.05,0.475,0,8256.48,60,5.0,Partner,Auto Refi,0,0.2135549239428149,16845,0,1,0,B,0,0.0,990.7775999999999,0.0
69,51045.8,12,807.0,0.304,0.326,0,25336.84,36,5.0,Partner,Personal Loan,0,0.0591717483835061,17352,0,1,1,A,1,0.0,3040.4208,3040.4208
54,67278.41,2,673.0,0.089,0.186,0,3069.56,60,5.0,Online,Debt Consolidation,0,0.1222580281404763,11031,0,1,1,B,1,0.0,368.3472,368.3472
68,28130.34,2,675.0,0.46,0.487,0,21145.37,36,7.88,Online,Auto Refi,0,0.2740166504144271,15514,0,0,0,A,0,0.0,2537.4444,0.0
54,107428.76,18,726.0,0.289,0.496,0,10389.63,36,5.0,Branch,Debt Consolidation,1,0.1338161053870705,1784,0,1,1,A,1,6233.777999999999,1246.7556,-4987.0224
57,74215.65,14,695.0,0.246,0.471,3,2000.0,36,14.9,Partner,Debt Consolidation,1,0.4804713885193764,3419,0,0,0,A,0,1200.0,240.0,0.0
52,65797.62,1,724.0,0.328,0.389,0,21584.93,36,5.0,Partner,Personal Loan,0,0.1440271796987362,6637,0,1,1,A,1,0.0,2590.1916,2590.1916
69,37217.57,12,718.0,0.274,0.25,0,6720.18,60,5.0,Online,Personal Loan,0,0.1212037088979276,17268,0,1,1,B,1,0.0,806.4216,806.4216
30,43920.24,18,652.0,0.485,0.289,0,4398.73,36,8.71,Branch,Auto Refi,0,0.341144965450407,12371,0,0,0,B,0,0.0,527.8475999999999,0.0
29,100921.7,19,830.0,0.31,0.609,0,20673.98,60,5.0,Branch,Debt Consolidation,0,0.0630987223018575,10723,0,1,1,B,1,0.0,2480.8776,2480.8776
54,58432.18,14,721.0,0.413,0.262,0,14544.45,60,5.0,Partner,Debt Consolidation,0,0.1447661089107944,7142,0,0,1,A,0,0.0,1745.334,0.0
23,78909.21,20,791.0,0.231,0.14,0,12384.66,36,5.0,Partner,Auto Refi,0,0.0691032035605397,9882,0,1,1,B,1,0.0,1486.1591999999998,1486.1591999999998
28,95326.58,20,705.0,0.22,0.224,0,13846.35,60,5.0,Online,Auto Refi,0,0.1490800619458437,2275,0,1,1,A,1,0.0,1661.562,1661.562
61,48738.45,19,646.0,0.389,0.24,0,8396.52,60,7.12,Partner,Debt Consolidation,0,0.2643731260961868,9657,0,1,0,B,0,0.0,1007.5824,0.0
27,84263.4,21,589.0,0.27,0.0,0,12786.24,36,8.11,Online,Auto Refi,0,0.2639569013328093,8249,0,0,0,B,0,0.0,1534.3488,0.0
31,100808.58,14,692.0,0.374,0.559,0,19831.95,60,5.69,Branch,Personal Loan,0,0.1854478717623238,16511,0,1,0,B,0,0.0,2379.834,0.0
32,74707.29,20,830.0,0.323,0.589,0,17878.95,60,5.0,Branch,Debt Consolidation,0,0.054783982226057,14611,0,1,1,A,1,0.0,2145.474,2145.474
35,55973.42,16,640.0,0.307,0.719,0,2919.66,36,11.0,Partner,Personal Loan,1,0.3512883811153572,19957,0,1,0,B,0,1751.7959999999998,350.3592,0.0
30,49587.33,24,744.0,0.128,0.547,0,16354.4,60,5.0,Online,Auto Refi,1,0.0905367057040234,2767,0,1,1,B,1,9812.64,1962.5279999999998,-7850.111999999999
22,68208.78,10,707.0,0.108,0.514,0,2000.0,36,5.0,Online,Personal Loan,0,0.1089292724742035,13076,0,1,1,A,1,0.0,240.0,240.0
68,83271.64,13,691.0,0.184,0.403,2,16801.12,60,8.68,Branch,Personal Loan,1,0.3143296113561924,11820,0,0,0,B,0,10080.671999999999,2016.1344,0.0
51,73418.69,10,767.0,0.328,0.226,1,15763.16,60,5.0,Branch,Personal Loan,0,0.0995027795056093,3957,0,1,1,A,1,0.0,1891.5792,1891.5792
43,67009.76,4,746.0,0.443,0.123,1,3467.33,36,5.0,Branch,Auto Refi,0,0.1162697330783898,2523,0,0,1,B,1,0.0,416.07959999999997,416.07959999999997
32,56892.81,7,590.0,0.235,0.73,0,13682.0,60,15.29,Partner,Debt Consolidation,1,0.4883069196595644,12991,0,0,0,A,0,8209.199999999999,1641.84,0.0
33,63768.78,23,740.0,0.511,0.159,1,20111.54,60,5.0,Branch,Debt Consolidation,0,0.1748923129343525,14063,0,0,1,A,0,0.0,2413.3848,0.0
63,61892.85,18,749.0,0.349,0.397,0,15782.38,36,5.0,Online,Debt Consolidation,0,0.1115431248054694,10948,0,1,1,B,1,0.0,1893.8855999999998,1893.8855999999998
63,78884.44,11,720.0,0.339,0.347,0,7284.6,60,5.0,Online,Personal Loan,0,0.132755797839372,11998,0,1,1,A,1,0.0,874.152,874.152
68,31932.7,10,597.0,0.23,0.451,0,30536.39,36,11.23,Partner,Personal Loan,1,0.3532530561233558,3365,0,0,0,A,0,18321.834,3664.3668,0.0
63,65985.97,16,652.0,0.507,0.543,0,23787.77,36,11.78,Branch,Personal Loan,0,0.3984933852826478,4117,0,0,0,A,0,0.0,2854.5324,0.0
52,73399.08,5,740.0,0.31,0.321,0,17453.04,60,5.0,Partner,Personal Loan,0,0.0988244576647552,19586,0,1,1,A,1,0.0,2094.3648,2094.3648
47,75288.55,7,539.0,0.308,0.193,0,15537.3,36,16.61,Online,Personal Loan,0,0.4667541998517817,9237,0,0,0,A,0,0.0,1864.4759999999999,0.0
55,81710.13,9,668.0,0.494,0.39,0,12258.57,60,8.29,Partner,Debt Consolidation,0,0.3097107278153057,3426,0,0,0,A,0,0.0,1471.0284,0.0
67,58240.03,12,645.0,0.256,0.42,1,2000.0,36,10.7,Partner,Auto Refi,0,0.3464744888270771,9871,0,1,0,B,0,0.0,240.0,0.0
68,56244.28,14,706.0,0.158,0.55,1,8307.35,36,5.0,Partner,Personal Loan,0,0.1662707710438955,16468,0,1,1,A,1,0.0,996.8820000000001,996.8820000000001
34,97318.08,24,676.0,0.326,0.551,2,26240.98,36,14.85,Partner,Personal Loan,0,0.5883147520395711,16959,0,0,0,A,0,0.0,3148.9175999999998,0.0
68,97025.01,10,666.0,0.567,0.504,0,16184.57,36,10.96,Online,Personal Loan,1,0.3503235529419103,19984,0,0,0,B,0,9710.742,1942.1483999999998,0.0
21,52176.94,20,668.0,0.375,0.418,0,26811.75,36,6.49,Online,Auto Refi,1,0.2570590457712303,4717,0,1,0,B,0,16087.05,3217.41,0.0
67,65825.01,7,582.0,0.323,0.223,1,13057.07,36,17.09,Online,Personal Loan,0,0.5005998154636707,17169,0,0,0,B,0,0.0,1566.8483999999999,0.0
56,72618.73,4,603.0,0.374,0.287,0,28732.94,60,11.64,Partner,Personal Loan,0,0.3764952010410725,5027,0,0,0,B,0,0.0,3447.9527999999996,0.0
41,63384.97,13,723.0,0.511,0.207,1,16253.3,36,5.73,Branch,Personal Loan,1,0.1972284652064828,2416,0,0,0,B,0,9751.98,1950.3959999999997,0.0
53,84824.44,3,637.0,0.222,0.562,0,6802.9,36,8.07,Branch,Personal Loan,1,0.2928402193485522,18178,0,0,0,B,0,4081.74,816.348,0.0
61,52735.11,10,707.0,0.437,0.416,0,23657.01,36,5.0,Online,Personal Loan,0,0.1663390028062076,8697,0,0,1,B,1,0.0,2838.8412,2838.8412
24,42219.39,4,713.0,0.222,0.49,0,17815.26,36,5.0,Branch,Personal Loan,0,0.1392704692910053,5226,0,1,1,A,1,0.0,2137.8311999999996,2137.8311999999996
68,69358.94,17,677.0,0.441,0.244,2,15855.13,36,13.66,Branch,Personal Loan,0,0.3925001691665752,1731,0,0,0,A,0,0.0,1902.6155999999999,0.0
67,88053.46,10,800.0,0.3,0.789,0,24358.6,36,5.0,Online,Auto Refi,0,0.0722696068128357,9651,0,1,1,B,1,0.0,2923.0319999999997,2923.0319999999997
32,27042.56,3,712.0,0.338,0.102,0,19552.46,60,5.0,Online,Personal Loan,0,0.1175645477267933,6226,0,1,1,A,1,0.0,2346.2952,2346.2952
28,33797.79,20,640.0,0.25,0.407,0,21381.85,36,6.85,Online,Debt Consolidation,0,0.2252047877687353,107,0,1,0,A,1,0.0,2565.8219999999997,2565.8219999999997
57,55356.13,20,815.0,0.526,0.436,0,2000.0,36,5.0,Online,Auto Refi,0,0.1016765598254091,10096,0,0,1,A,0,0.0,240.0,0.0
46,28906.15,2,678.0,0.346,0.727,0,6527.24,36,7.91,Branch,Auto Refi,0,0.2635667102966285,5308,0,1,0,B,0,0.0,783.2687999999999,0.0
31,37395.06,2,747.0,0.353,0.296,0,21061.94,36,5.0,Branch,Personal Loan,0,0.09848270852708,16730,0,1,1,B,1,0.0,2527.4327999999996,2527.4327999999996
26,54282.25,0,677.0,0.372,0.579,1,11552.95,60,11.28,Partner,Personal Loan,1,0.3544961665975675,14878,0,1,0,A,1,6931.77,1386.354,-5545.416
30,52334.03,24,728.0,0.346,0.0,1,19555.25,36,5.0,Partner,Debt Consolidation,0,0.1405650166795999,19015,0,1,1,B,1,0.0,2346.63,2346.63
39,69583.08,17,623.0,0.589,0.579,1,16622.42,60,22.19,Online,Debt Consolidation,1,0.7025659917075303,14942,0,0,0,A,0,9973.452,1994.6903999999997,0.0
25,72072.4,11,618.0,0.14,0.586,0,22703.79,36,8.75,Online,Debt Consolidation,1,0.2728846515448855,6939,0,0,0,A,0,13622.274,2724.4548,0.0
33,65549.17,11,732.0,0.417,0.67,0,15349.45,60,5.0,Online,Auto Refi,0,0.1044989079882074,15197,0,0,1,A,0,0.0,1841.934,0.0
54,54158.56,22,700.0,0.365,0.304,0,18280.79,60,5.0,Partner,Auto Refi,0,0.1619427457820511,981,0,1,1,A,1,0.0,2193.6948,2193.6948
68,56237.3,15,738.0,0.352,0.353,0,26559.28,60,5.0,Online,Personal Loan,0,0.09001189054507,4908,0,1,1,B,1,0.0,3187.1135999999997,3187.1135999999997
51,98291.73,12,696.0,0.35,0.232,1,10281.15,36,19.12,Branch,Personal Loan,0,0.5581800050286729,14900,1,0,0,B,0,0.0,1233.7379999999998,0.0
28,54144.06,10,747.0,0.335,0.571,1,33732.78,60,5.0,Branch,Personal Loan,0,0.1550159527970412,10512,0,1,1,B,1,0.0,4047.9336,4047.9336
34,69219.23,4,703.0,0.2,0.928,0,19449.27,36,5.23,Branch,Personal Loan,0,0.3693496437683778,6294,0,1,0,A,1,0.0,2333.9124,2333.9124
41,82462.15,1,637.0,0.195,0.591,0,21159.14,60,7.89,Partner,Debt Consolidation,0,0.2729615905341065,14826,0,0,0,B,0,0.0,2539.0968,0.0
55,23352.68,9,773.0,0.371,0.401,0,20051.31,60,5.0,Online,Auto Refi,1,0.087725256410937,5742,0,1,1,A,1,12030.786,2406.1572,-9624.6288
56,105374.71,10,732.0,0.337,0.31,0,11752.86,36,5.0,Online,Personal Loan,0,0.0964145365001251,17609,0,1,1,B,1,0.0,1410.3432,1410.3432
60,76399.38,7,674.0,0.216,0.364,0,25021.28,60,5.0,Branch,Debt Consolidation,1,0.149215139311899,15831,0,1,1,A,1,15012.767999999998,3002.5535999999997,-12010.214399999999
67,37496.67,6,653.0,0.465,0.568,0,22148.05,36,11.03,Online,Debt Consolidation,0,0.366364148287516,4953,0,0,0,A,0,0.0,2657.7659999999996,0.0
28,63271.13,24,716.0,0.389,0.274,1,17714.64,36,5.08,Partner,Personal Loan,0,0.1792978095111448,1320,0,1,1,A,1,0.0,2125.7567999999997,2125.7567999999997
51,85923.12,7,576.0,0.43,0.278,1,8662.0,60,20.8,Partner,Personal Loan,1,0.5882984656426353,784,0,0,0,B,0,5197.2,1039.44,0.0
58,37870.95,18,738.0,0.422,0.494,2,24634.73,60,9.25,Branch,Auto Refi,0,0.3584756690117773,5757,0,0,0,B,0,0.0,2956.1675999999998,0.0
23,69573.12,22,638.0,0.37,0.473,0,9321.98,60,9.84,Partner,Auto Refi,1,0.2929396572543546,7997,0,0,0,B,0,5593.187999999999,1118.6375999999998,0.0
24,82745.52,1,725.0,0.588,0.558,0,12121.39,60,6.21,Online,Personal Loan,0,0.2624103209631713,557,0,0,0,B,0,0.0,1454.5667999999998,0.0
46,46715.25,7,541.0,0.4,0.559,0,16054.74,36,22.61,Partner,Personal Loan,1,0.656329744483691,730,0,0,0,A,0,9632.844,1926.5688,0.0
62,34570.66,13,724.0,0.311,0.736,0,7461.31,36,5.0,Online,Personal Loan,0,0.1427258144217527,18505,0,1,1,B,1,0.0,895.3572,895.3572
53,86490.15,2,704.0,0.181,0.528,0,18061.18,60,5.0,Online,Auto Refi,0,0.1580954560514635,4692,0,1,1,B,1,0.0,2167.3415999999997,2167.3415999999997
48,60626.42,9,681.0,0.342,0.369,0,17435.5,36,5.0,Partner,Auto Refi,0,0.1499803140135339,3051,0,1,1,A,1,0.0,2092.2599999999998,2092.2599999999998
60,81921.95,3,748.0,0.344,0.696,0,8711.82,60,5.0,Online,Auto Refi,1,0.0935228402981438,18594,0,1,1,A,1,5227.092,1045.4184,-4181.6736
25,51566.47,22,700.0,0.191,0.668,0,8712.32,60,5.0,Branch,Auto Refi,0,0.1417955246346326,5759,0,1,1,A,1,0.0,1045.4784,1045.4784
59,66542.27,13,573.0,0.284,0.625,1,15234.92,36,22.04,Online,Personal Loan,0,0.6343493135437085,9952,0,0,0,B,0,0.0,1828.1904,0.0
63,29015.28,10,715.0,0.214,0.177,0,13102.79,36,5.0,Branch,Personal Loan,0,0.1380290211750037,14891,0,1,1,A,1,0.0,1572.3348,1572.3348
31,70434.42,4,725.0,0.215,0.415,0,7856.17,36,5.0,Branch,Personal Loan,0,0.1427029000946964,18451,0,1,1,A,1,0.0,942.7404,942.7404
60,76410.95,5,603.0,0.383,0.597,0,4668.09,36,15.44,Branch,Debt Consolidation,0,0.5207051611402344,14657,0,0,0,A,0,0.0,560.1708,0.0
45,30451.5,1,680.0,0.409,0.396,0,11137.79,36,5.87,Online,Debt Consolidation,1,0.2074149745530931,4576,0,0,0,B,0,6682.674,1336.5348000000001,0.0
64,51217.55,12,613.0,0.278,0.118,1,12848.12,36,11.32,Branch,Auto Refi,0,0.3242459927593785,8649,0,0,0,A,0,0.0,1541.7744,0.0
61,55196.68,17,721.0,0.21,0.264,1,13710.46,36,5.0,Branch,Auto Refi,0,0.1611154647339863,17832,0,1,1,B,1,0.0,1645.2551999999998,1645.2551999999998
29,49829.28,21,552.0,0.405,0.395,0,17107.29,60,19.54,Branch,Personal Loan,0,0.6096825417676677,9823,0,0,0,B,0,0.0,2052.8748,0.0
35,58474.09,2,604.0,0.263,0.35,0,12664.24,60,10.07,Online,Debt Consolidation,0,0.3181349749206429,12965,0,0,0,A,0,0.0,1519.7087999999999,0.0
34,75446.48,11,796.0,0.323,0.321,0,25529.56,36,5.0,Online,Personal Loan,0,0.0703778460177777,10794,0,1,1,A,1,0.0,3063.5472,3063.5472
46,80849.92,17,690.0,0.403,0.295,0,13345.73,36,5.0,Online,Personal Loan,0,0.1570062714044851,7820,0,0,1,B,1,0.0,1601.4876,1601.4876
52,61685.16,7,775.0,0.417,0.404,0,12069.92,36,5.0,Online,Personal Loan,0,0.0876534842839252,17056,0,0,1,A,0,0.0,1448.3904,0.0
51,42530.89,10,680.0,0.273,0.421,0,6683.12,60,5.0,Online,Auto Refi,1,0.1683169931628991,19060,0,1,1,A,1,4009.872,801.9744,-3207.8976
57,62839.42,9,602.0,0.474,0.202,0,16160.49,36,12.92,Branch,Debt Consolidation,1,0.4090969953122911,9363,0,0,0,B,0,9696.294,1939.2587999999998,0.0
22,20000.0,15,676.0,0.302,0.157,0,22325.97,36,5.0,Online,Personal Loan,0,0.1422886216432243,5901,0,1,1,B,1,0.0,2679.1164,2679.1164
64,83466.21,3,792.0,0.256,0.354,0,13743.12,36,5.0,Online,Personal Loan,0,0.0657915253273212,18820,0,1,1,A,1,0.0,1649.1744,1649.1744
41,52790.19,4,681.0,0.176,0.595,1,20269.26,36,7.41,Online,Personal Loan,0,0.2326822262343326,13684,0,1,0,B,0,0.0,2432.3111999999996,0.0
68,61012.58,3,617.0,0.254,0.661,2,14324.21,36,21.55,Online,Personal Loan,1,0.4505498991265607,19914,0,0,0,A,0,8594.526,1718.9052,0.0
43,92202.39,20,769.0,0.328,0.558,0,7416.01,36,5.0,Branch,Auto Refi,0,0.0799287811245429,458,0,1,1,A,1,0.0,889.9212,889.9212
60,72549.9,12,668.0,0.267,0.51,2,24163.66,36,14.12,Branch,Personal Loan,0,0.4536641986027774,1193,0,0,0,A,0,0.0,2899.6392,0.0
52,75523.19,0,609.0,0.511,0.375,1,22066.4,60,19.8,Partner,Debt Consolidation,0,0.6054367714946829,8773,0,0,0,B,0,0.0,2647.9680000000003,0.0
21,35974.22,4,714.0,0.295,0.544,0,6924.95,36,5.0,Partner,Personal Loan,1,0.1382039984532724,12128,0,1,1,A,1,4154.969999999999,830.9939999999999,-3323.9759999999997
35,20000.0,23,645.0,0.158,0.51,0,14171.22,60,5.88,Online,Auto Refi,0,0.207165805561819,12988,0,1,0,A,1,0.0,1700.5464,1700.5464
49,38378.64,9,755.0,0.27,0.333,0,44589.96,60,5.0,Online,Personal Loan,0,0.0730953415808425,11764,0,1,1,A,1,0.0,5350.7952,5350.7952
42,34657.3,24,533.0,0.228,0.176,0,17569.67,36,15.32,Branch,Auto Refi,0,0.4925558449388111,474,0,0,0,B,0,0.0,2108.3603999999996,0.0
62,44642.74,5,685.0,0.292,0.789,1,11962.7,36,11.04,Partner,Personal Loan,1,0.401456516322119,6403,0,1,0,B,0,7177.62,1435.5240000000001,0.0
44,105835.78,21,668.0,0.478,0.933,2,28055.75,36,23.48,Online,Personal Loan,0,0.725261578962404,19331,0,0,0,B,0,0.0,3366.69,0.0
22,57018.5,20,695.0,0.212,0.258,1,11935.86,36,5.0,Online,Personal Loan,0,0.1514218190791605,5019,0,1,1,B,1,0.0,1432.3032,1432.3032
38,37120.62,8,630.0,0.468,0.546,0,18845.55,60,13.52,Online,Personal Loan,0,0.3844397185006613,9030,0,0,0,B,0,0.0,2261.466,0.0
56,76533.88,4,823.0,0.347,0.538,0,22273.26,60,5.0,Online,Personal Loan,0,0.0811130585566762,9704,0,1,1,A,1,0.0,2672.7911999999997,2672.7911999999997
27,67563.81,10,737.0,0.47,0.483,0,17270.65,36,5.0,Partner,Debt Consolidation,1,0.1044448721659579,9908,0,0,1,B,1,10362.390000000001,2072.478,-8289.912
67,58994.09,23,605.0,0.408,0.586,0,17790.42,36,15.54,Online,Debt Consolidation,0,0.4694782809520025,15204,0,0,0,B,0,0.0,2134.8504,0.0
45,92449.95,13,575.0,0.39,0.294,2,18809.17,36,24.92,Online,Debt Consolidation,0,0.7739408711212855,3617,0,0,0,B,0,0.0,2257.1004,0.0
56,98511.54,24,586.0,0.299,0.731,0,23934.73,60,17.18,Online,Auto Refi,0,0.6572383659239046,17826,0,0,0,A,0,0.0,2872.1675999999998,0.0
50,62979.07,22,595.0,0.245,0.143,0,17205.05,36,8.47,Branch,Personal Loan,0,0.3231545738377095,9675,0,0,0,B,0,0.0,2064.6059999999998,0.0
55,20000.0,5,756.0,0.398,0.302,1,20122.48,36,5.0,Online,Auto Refi,0,0.1367874352231764,11657,0,1,1,B,1,0.0,2414.6976,2414.6976
39,33842.01,21,785.0,0.37,0.423,1,13977.44,60,5.0,Branch,Personal Loan,0,0.1168797420367232,2957,0,1,1,A,1,0.0,1677.2928,1677.2928
40,84868.1,17,678.0,0.201,0.372,1,25869.0,36,6.13,Online,Personal Loan,1,0.2139291853519948,2493,0,1,0,B,0,15521.4,3104.2799999999997,0.0
64,66653.97,19,778.0,0.28,0.335,1,9947.22,60,5.0,Partner,Personal Loan,0,0.0971604421074698,19022,0,1,1,A,1,0.0,1193.6663999999998,1193.6663999999998
58,48469.79,24,694.0,0.231,0.54,1,4694.77,60,6.69,Branch,Auto Refi,0,0.2507084838530569,3246,0,1,0,A,1,0.0,563.3724000000001,563.3724000000001
47,62996.61,0,529.0,0.258,0.806,1,2000.0,36,25.0,Online,Personal Loan,0,0.8069668773666479,11951,0,0,0,A,0,0.0,240.0,0.0
24,93112.5,14,532.0,0.27,0.283,2,22062.14,36,25.0,Branch,Auto Refi,1,0.7490429335942218,6521,1,0,0,A,0,13237.284,2647.4568,0.0
46,81362.55,15,653.0,0.295,0.535,0,7682.3,36,7.6,Online,Debt Consolidation,0,0.2404915766550578,16157,0,1,0,A,1,0.0,921.876,921.876
23,84166.21,6,730.0,0.402,0.581,0,18185.91,36,5.0,Partner,Personal Loan,0,0.1285660388468093,12841,0,0,1,B,1,0.0,2182.3091999999997,2182.3091999999997
35,128869.74,9,640.0,0.095,0.304,0,14182.73,60,5.0,Branch,Debt Consolidation,0,0.0618332270657841,18837,0,1,1,A,1,0.0,1701.9276,1701.9276
68,100167.21,16,658.0,0.389,0.358,1,16632.77,36,11.26,Partner,Auto Refi,0,0.360286173902192,2065,0,1,0,A,1,0.0,1995.9324,1995.9324
45,69942.45,16,563.0,0.303,0.555,0,19206.18,36,18.0,Online,Debt Consolidation,0,0.5480240745943543,6344,0,0,0,B,0,0.0,2304.7416,0.0
46,51000.03,7,628.0,0.321,0.605,0,28791.3,60,11.32,Online,Debt Consolidation,0,0.3526541044789377,8691,0,0,0,A,0,0.0,3454.9559999999997,0.0
62,30156.8,1,661.0,0.295,0.491,1,16579.6,36,10.52,Branch,Auto Refi,1,0.3008488212082481,19259,0,1,0,B,0,9947.759999999998,1989.5519999999997,0.0
36,89569.35,5,720.0,0.365,0.462,0,8163.12,60,5.0,Online,Debt Consolidation,0,0.137451720006413,8957,0,1,1,B,1,0.0,979.5744,979.5744
63,94422.3,16,745.0,0.238,0.584,0,15397.87,60,5.0,Online,Debt Consolidation,0,0.1028107088092797,1245,0,1,1,B,1,0.0,1847.7444,1847.7444
39,61040.31,4,697.0,0.423,0.313,1,19271.83,36,7.48,Branch,Debt Consolidation,0,0.2466218484084119,9546,0,0,0,A,0,0.0,2312.6196,0.0
36,29857.52,17,725.0,0.348,0.415,0,23028.9,60,5.0,Online,Personal Loan,0,0.1414269698518434,6936,0,1,1,A,1,0.0,2763.468,2763.468
36,91817.99,20,480.0,0.352,0.24,0,5457.0,36,24.82,Branch,Personal Loan,0,0.8584159582403347,5099,0,0,0,A,0,0.0,654.84,0.0
27,84390.08,6,775.0,0.343,0.065,2,8913.47,36,5.0,Branch,Personal Loan,0,0.0816583446146984,10314,0,0,1,B,1,0.0,1069.6163999999999,1069.6163999999999
23,92830.18,20,685.0,0.467,0.399,0,9169.8,36,6.38,Branch,Debt Consolidation,0,0.2274248362142558,4536,0,0,0,A,0,0.0,1100.376,0.0
44,73766.19,3,671.0,0.366,0.614,0,20595.93,36,7.89,Partner,Personal Loan,0,0.2890252474784447,12863,0,1,0,A,1,0.0,2471.5116,2471.5116
58,32943.84,10,634.0,0.265,0.55,0,13170.79,60,9.01,Online,Personal Loan,0,0.3161572353578233,15089,0,0,0,A,0,0.0,1580.4948,0.0
33,24953.28,17,556.0,0.384,0.432,1,9589.18,36,23.82,Online,Debt Consolidation,0,0.6474466054143634,8861,0,0,0,B,0,0.0,1150.7016,0.0
46,78996.87,14,638.0,0.326,0.748,0,29365.54,60,11.88,Partner,Personal Loan,1,0.4083387563809273,8837,0,0,0,B,0,17619.324,3523.8648,0.0
29,74773.27,18,694.0,0.375,0.98,0,31839.45,60,9.37,Online,Personal Loan,0,0.3727077727875153,12411,0,1,0,A,1,0.0,3820.734,3820.734
32,46968.0,6,693.0,0.169,0.512,0,20193.41,60,5.0,Online,Debt Consolidation,0,0.1595925783141307,3575,0,1,1,A,1,0.0,2423.2092,2423.2092
33,109407.84,22,727.0,0.421,0.239,0,16619.93,60,5.0,Branch,Personal Loan,0,0.1758757125409966,16940,0,0,1,A,0,0.0,1994.3916,0.0
67,52574.62,4,575.0,0.293,0.541,1,10610.73,36,21.06,Online,Personal Loan,0,0.5914533913525651,1982,0,0,0,A,0,0.0,1273.2875999999999,0.0
31,76726.59,8,638.0,0.25,0.553,1,4372.2,60,12.78,Online,Debt Consolidation,1,0.4260907932796405,10843,0,0,0,B,0,2623.3199999999997,524.664,0.0
69,41940.83,5,675.0,0.306,0.499,1,15896.94,36,9.37,Online,Auto Refi,0,0.3053936753925697,9656,0,1,0,B,0,0.0,1907.6328,0.0
41,29504.83,22,627.0,0.502,0.312,0,6806.03,36,11.84,Partner,Auto Refi,0,0.4299192498533908,3415,0,0,0,B,0,0.0,816.7235999999999,0.0
67,64221.95,12,774.0,0.418,0.325,0,17856.52,36,5.0,Online,Personal Loan,0,0.0749140910284886,16015,0,0,1,B,1,0.0,2142.7824,2142.7824
22,102674.86,10,734.0,0.23,0.317,0,25666.45,60,5.0,Partner,Personal Loan,0,0.0938978880707397,14969,0,1,1,A,1,0.0,3079.974,3079.974
37,59304.91,5,631.0,0.226,0.713,0,10752.49,36,10.24,Partner,Debt Consolidation,0,0.3073087981991345,13280,0,0,0,A,0,0.0,1290.2988,0.0
64,50876.56,17,668.0,0.329,0.129,0,13506.66,36,5.0,Online,Debt Consolidation,0,0.1437005610905747,8426,0,1,1,A,1,0.0,1620.7992,1620.7992
40,62382.0,21,636.0,0.142,0.575,0,15709.21,60,6.92,Online,Personal Loan,0,0.200868343075018,9131,0,0,0,B,0,0.0,1885.1051999999997,0.0
49,52635.27,16,643.0,0.225,0.162,0,25406.71,36,5.0,Online,Auto Refi,1,0.1646727248777275,5553,0,1,1,A,1,15244.025999999998,3048.8052,-12195.2208
67,80469.21,4,637.0,0.185,0.098,1,25817.34,36,7.06,Online,Personal Loan,1,0.1939450186306966,10888,0,0,0,B,0,15490.403999999999,3098.0807999999997,0.0
36,67779.85,21,550.0,0.436,0.139,1,7393.84,60,22.3,Online,Personal Loan,0,0.5392747723729281,8533,0,0,0,B,0,0.0,887.2608,0.0
68,50922.76,23,747.0,0.235,0.533,0,7972.83,36,9.52,Online,Auto Refi,1,0.2546269295695015,17237,1,0,0,A,0,4783.697999999999,956.7396,0.0
61,70317.84,22,592.0,0.196,0.416,0,5404.08,36,10.68,Online,Auto Refi,0,0.3781179743467481,8106,0,0,0,A,0,0.0,648.4896,0.0
57,88690.52,22,748.0,0.442,0.445,0,11170.94,60,5.0,Online,Debt Consolidation,0,0.1017785754313465,7878,0,0,1,A,0,0.0,1340.5128,0.0
63,52332.61,7,742.0,0.428,0.906,0,3844.04,60,5.28,Online,Debt Consolidation,0,0.1369920485172671,7440,0,0,1,B,1,0.0,461.28479999999996,461.28479999999996
32,66931.65,12,729.0,0.33,0.535,0,14367.08,36,5.0,Branch,Personal Loan,1,0.1302623010672385,9090,0,1,1,A,1,8620.248,1724.0495999999998,-6896.198399999999
62,79355.12,2,611.0,0.176,0.408,0,21862.01,60,8.32,Online,Auto Refi,0,0.2943869785316546,2357,0,0,0,B,0,0.0,2623.4411999999998,0.0
61,44194.51,12,668.0,0.404,0.721,0,22113.12,36,9.93,Online,Auto Refi,0,0.3067564806514324,361,0,0,0,A,0,0.0,2653.5744,0.0
60,73116.68,1,770.0,0.446,0.467,0,18491.8,36,10.45,Online,Personal Loan,0,0.2727038253447605,15549,1,0,0,B,0,0.0,2219.0159999999996,0.0
53,49809.64,5,689.0,0.406,0.371,0,19493.19,36,5.0,Online,Personal Loan,0,0.1750580771327096,11137,0,0,1,B,1,0.0,2339.1827999999996,2339.1827999999996
27,33525.13,17,661.0,0.502,0.268,1,10072.81,36,12.29,Partner,Personal Loan,0,0.4326108916816047,15547,0,0,0,A,0,0.0,1208.7371999999998,0.0
24,91694.94,21,648.0,0.449,0.303,0,22244.65,60,8.56,Online,Personal Loan,0,0.3126737311733576,4720,0,0,0,B,0,0.0,2669.358,0.0
65,59634.46,4,724.0,0.175,0.62,0,19570.33,60,5.0,Online,Personal Loan,0,0.1333790107039496,469,0,1,1,B,1,0.0,2348.4396,2348.4396
57,58795.7,23,646.0,0.423,0.513,0,11990.81,60,10.44,Online,Personal Loan,0,0.3200778612834287,4466,0,0,0,A,0,0.0,1438.8971999999999,0.0
35,90370.71,9,608.0,0.052,0.335,1,20354.9,36,9.8,Online,Debt Consolidation,0,0.2831325834520141,16928,0,0,0,B,0,0.0,2442.588,0.0
58,52248.15,21,680.0,0.317,0.772,0,6389.8,36,7.63,Online,Auto Refi,0,0.2502260044239942,7018,0,1,0,A,1,0.0,766.776,766.776
31,88682.59,19,565.0,0.233,0.704,0,13109.06,36,17.99,Online,Personal Loan,0,0.5239054335383112,16819,0,0,0,B,0,0.0,1573.0872,0.0
67,50347.81,3,648.0,0.338,0.314,0,11546.03,36,6.77,Online,Personal Loan,0,0.2056818566890222,3144,0,1,0,A,1,0.0,1385.5236,1385.5236
45,42966.81,2,679.0,0.188,0.68,1,9139.56,36,8.57,Online,Personal Loan,0,0.2920029909102309,18357,0,1,0,A,1,0.0,1096.7471999999998,1096.7471999999998
41,60574.74,15,662.0,0.278,0.324,0,15396.26,36,5.0,Online,Personal Loan,0,0.1456849116822246,7171,0,1,1,B,1,0.0,1847.5511999999999,1847.5511999999999
36,58236.43,5,693.0,0.525,0.593,0,13716.62,36,8.37,Partner,Personal Loan,0,0.3462649315806764,15591,0,0,0,B,0,0.0,1645.9944,0.0
27,45579.8,6,687.0,0.266,0.028,0,11654.8,60,5.0,Online,Auto Refi,0,0.1263803884896192,13705,0,1,1,B,1,0.0,1398.5759999999998,1398.5759999999998
51,70130.77,12,752.0,0.537,0.43,0,16354.28,60,5.0,Online,Auto Refi,0,0.139260261515072,8744,0,0,1,B,1,0.0,1962.5136,1962.5136
35,104788.25,22,737.0,0.468,0.427,1,21938.58,60,5.7,Online,Auto Refi,0,0.1862098412608689,12105,0,0,0,B,0,0.0,2632.6296,0.0
49,83321.5,16,702.0,0.594,0.225,0,8593.61,36,5.44,Branch,Auto Refi,0,0.2366216569114765,4956,0,0,0,A,0,0.0,1031.2332000000001,0.0
62,66211.61,2,784.0,0.293,0.427,0,14065.1,60,5.0,Online,Auto Refi,0,0.0861602092154659,8619,0,1,1,B,1,0.0,1687.812,1687.812
32,56520.55,22,608.0,0.346,0.401,0,4208.04,36,11.74,Online,Auto Refi,1,0.3437317650241539,13324,0,0,0,A,0,2524.824,504.96479999999997,0.0
36,69401.36,1,581.0,0.307,0.066,0,20332.25,36,10.35,Branch,Auto Refi,0,0.2893011836492562,15519,0,0,0,A,0,0.0,2439.87,0.0
22,63735.49,22,594.0,0.239,0.398,1,10640.35,36,15.94,Online,Auto Refi,1,0.4944547810425461,2046,0,0,0,B,0,6384.21,1276.842,0.0
48,89879.03,8,672.0,0.321,0.537,2,3709.11,36,15.05,Online,Personal Loan,0,0.4022548014716415,13017,0,0,0,A,0,0.0,445.0932,0.0
53,78427.99,1,644.0,0.281,0.522,0,8274.88,36,8.13,Online,Debt Consolidation,0,0.272139959282389,4879,0,1,0,A,1,0.0,992.9855999999999,992.9855999999999
22,89744.28,17,594.0,0.347,0.575,1,14078.62,60,20.39,Online,Personal Loan,0,0.5921375871704262,17306,0,0,0,A,0,0.0,1689.4344,0.0
51,55174.13,2,806.0,0.299,0.389,0,13736.29,36,5.0,Online,Personal Loan,0,0.0693340987756351,15411,0,1,1,A,1,0.0,1648.3548,1648.3548
50,60750.03,13,594.0,0.472,0.263,0,22113.39,60,14.46,Online,Personal Loan,1,0.4428748624735605,18151,0,0,0,B,0,13268.034,2653.6068,0.0
36,46077.13,2,726.0,0.248,0.639,0,13922.18,36,5.0,Online,Debt Consolidation,0,0.1260905533217129,17293,0,1,1,A,1,0.0,1670.6616,1670.6616
46,63454.16,18,689.0,0.215,0.879,0,23185.12,60,6.14,Online,Debt Consolidation,0,0.2778171602959627,1235,0,1,0,B,0,0.0,2782.2144,0.0
63,56248.28,13,769.0,0.424,0.292,0,25610.17,36,5.0,Partner,Personal Loan,0,0.0850025407248034,7931,0,0,1,B,1,0.0,3073.2203999999997,3073.2203999999997
59,72548.51,21,689.0,0.364,0.273,1,19547.99,60,6.88,Online,Auto Refi,0,0.2192811958518113,14348,0,1,0,A,1,0.0,2345.7588,2345.7588
64,60912.11,13,594.0,0.18,0.589,1,9087.26,36,25.0,Partner,Personal Loan,1,0.7632560304453455,13200,1,0,0,B,0,5452.356,1090.4712,0.0
62,50322.01,2,662.0,0.179,0.746,1,21825.35,60,10.91,Online,Debt Consolidation,0,0.3711492111879426,2545,0,1,0,B,0,0.0,2619.042,0.0
38,89660.44,7,692.0,0.111,0.32,1,10855.39,36,5.0,Partner,Personal Loan,0,0.1405467177699857,13155,0,1,1,B,1,0.0,1302.6468,1302.6468
49,50964.48,8,641.0,0.288,0.364,1,12846.76,36,11.2,Branch,Personal Loan,1,0.3923039959997049,5926,0,1,0,A,1,7708.056,1541.6112,-6166.444799999999
27,109984.49,9,546.0,0.221,0.32,0,4295.17,60,15.34,Partner,Debt Consolidation,0,0.7391526357414707,10162,0,0,0,B,0,0.0,515.4204,0.0
55,74457.51,14,655.0,0.572,0.587,1,11410.58,60,18.28,Online,Debt Consolidation,0,0.6083131139245574,5194,0,0,0,B,0,0.0,1369.2695999999999,0.0
68,73166.89,10,580.0,0.278,0.025,1,7239.31,60,25.0,Online,Auto Refi,1,0.6219985178808127,6414,1,0,0,B,0,4343.586,868.7172,0.0
56,57191.51,21,701.0,0.441,0.289,0,11720.26,36,5.0,Branch,Auto Refi,0,0.1660022667693785,4872,0,0,1,A,0,0.0,1406.4312,0.0
43,47809.92,19,801.0,0.2,0.518,0,5630.92,36,5.0,Partner,Debt Consolidation,0,0.0805649266639377,14664,0,1,1,B,1,0.0,675.7103999999999,675.7103999999999
60,71906.46,17,609.0,0.372,0.47,0,23066.9,60,13.04,Partner,Debt Consolidation,0,0.4229579680814456,13532,0,0,0,A,0,0.0,2768.0280000000002,0.0
27,80154.01,8,567.0,0.198,0.716,0,11760.46,60,17.08,Online,Auto Refi,0,0.5251815184205328,12638,0,0,0,A,0,0.0,1411.2551999999998,0.0
46,83382.85,10,743.0,0.287,0.418,1,14166.94,36,5.0,Partner,Auto Refi,0,0.125383294209649,11850,0,1,1,A,1,0.0,1700.0328,1700.0328
66,23273.52,2,611.0,0.503,0.562,0,11890.02,60,16.64,Online,Personal Loan,1,0.5066931173151484,14122,0,0,0,A,0,7134.012,1426.8024,0.0
34,82374.05,10,761.0,0.31,0.446,1,9587.21,60,5.0,Branch,Debt Consolidation,0,0.1138813621205297,16388,0,1,1,A,1,0.0,1150.4651999999999,1150.4651999999999
21,73159.55,4,717.0,0.35,0.367,0,13449.54,36,5.0,Partner,Personal Loan,0,0.1432564217063063,9026,0,1,1,A,1,0.0,1613.9448,1613.9448
34,75664.3,19,667.0,0.366,0.693,0,14226.05,36,9.0,Online,Personal Loan,0,0.2925150185641963,6479,0,1,0,B,0,0.0,1707.1259999999997,0.0
47,64601.32,6,627.0,0.309,0.312,0,23779.03,36,8.21,Online,Debt Consolidation,0,0.2801087849380433,15377,0,0,0,A,0,0.0,2853.4835999999996,0.0
30,50259.7,8,759.0,0.428,0.395,0,8614.85,36,5.0,Online,Personal Loan,0,0.1030070826599695,8304,0,0,1,B,1,0.0,1033.782,1033.782
39,46113.58,22,648.0,0.1,0.605,1,10295.5,36,23.59,Online,Personal Loan,1,0.4631972675268416,13986,1,0,0,B,0,6177.3,1235.46,0.0
63,40194.07,3,682.0,0.175,0.347,0,14162.31,60,5.0,Online,Personal Loan,1,0.1609586897764088,1750,0,1,1,A,1,8497.385999999999,1699.4771999999998,-6797.908799999999
68,64258.49,21,639.0,0.265,0.777,0,22833.56,60,10.89,Partner,Debt Consolidation,0,0.3558720372431149,77,0,0,0,B,0,0.0,2740.0272,0.0
32,41373.32,4,718.0,0.134,0.352,0,6593.99,36,5.0,Branch,Auto Refi,0,0.1340520645425187,1809,0,1,1,B,1,0.0,791.2787999999999,791.2787999999999
49,94837.14,2,729.0,0.529,0.367,1,12548.55,36,6.86,Online,Personal Loan,1,0.2526654461537321,4307,0,0,0,B,0,7529.129999999999,1505.8259999999998,0.0
59,61430.3,2,658.0,0.312,0.486,1,14490.41,60,11.06,Branch,Personal Loan,1,0.3838941363296477,576,0,1,0,B,0,8694.246,1738.8491999999999,0.0
34,71075.05,11,776.0,0.49,0.628,0,25457.64,60,5.0,Partner,Personal Loan,0,0.0915612879678482,6767,0,0,1,A,0,0.0,3054.9168,0.0
56,68681.45,13,545.0,0.473,0.107,1,7628.46,60,23.28,Online,Auto Refi,0,0.5904015563459575,16780,0,0,0,B,0,0.0,915.4152,0.0
59,45305.09,22,632.0,0.445,0.093,1,13638.71,36,12.32,Online,Debt Consolidation,0,0.3450325881304193,9494,0,0,0,A,0,0.0,1636.6452,0.0
54,75475.19,20,674.0,0.34,0.37,0,23224.57,60,5.11,Online,Personal Loan,0,0.167245616197128,16930,0,1,1,B,1,0.0,2786.9483999999998,2786.9483999999998
25,69423.64,6,615.0,0.077,0.579,0,10744.07,36,7.86,Branch,Personal Loan,1,0.264337817255868,10405,0,0,0,B,0,6446.442,1289.2884,0.0
47,28486.98,22,717.0,0.239,0.545,0,17914.61,36,5.0,Partner,Personal Loan,0,0.1492032351601876,12723,0,1,1,A,1,0.0,2149.7532,2149.7532
22,75321.8,12,683.0,0.063,0.821,0,16694.77,36,5.0,Partner,Personal Loan,0,0.1863192564732745,16732,0,1,0,B,0,0.0,2003.3724,0.0
65,49899.7,9,655.0,0.148,0.212,2,11450.1,36,9.77,Branch,Auto Refi,0,0.2722114094782777,4719,0,0,0,B,0,0.0,1374.012,0.0
28,74242.03,7,691.0,0.383,0.39,0,14927.63,60,17.43,Branch,Personal Loan,0,0.5189318028770977,5590,1,0,0,B,0,0.0,1791.3156,0.0
42,94840.14,11,621.0,0.502,0.605,0,8486.99,60,15.94,Online,Personal Loan,0,0.4479646036534191,10897,0,0,0,A,0,0.0,1018.4387999999999,0.0
61,21507.71,18,670.0,0.416,0.642,1,6538.93,60,13.7,Online,Personal Loan,0,0.3962673795799683,9870,0,0,0,B,0,0.0,784.6716,0.0
41,98734.53,0,695.0,0.27,0.438,0,10195.03,60,5.0,Online,Personal Loan,1,0.1437411190330532,3072,0,1,1,A,1,6117.018,1223.4036,-4893.6144
22,89904.49,0,665.0,0.406,0.711,0,16690.16,60,10.2,Online,Debt Consolidation,1,0.2890815898170876,9106,0,0,0,B,0,10014.096,2002.8192,0.0
45,89007.22,20,722.0,0.346,0.177,0,8912.09,36,5.0,Online,Debt Consolidation,1,0.131929971821619,14987,0,1,1,A,1,5347.254,1069.4508,-4277.8032
39,62147.76,20,729.0,0.183,0.252,1,13725.31,36,5.0,Online,Personal Loan,0,0.1513463676112997,17096,0,1,1,A,1,0.0,1647.0372,1647.0372
37,51933.49,13,683.0,0.476,0.303,0,16701.89,36,5.89,Online,Debt Consolidation,0,0.2269002088160819,16332,0,0,0,B,0,0.0,2004.2268,0.0
25,66988.49,24,660.0,0.285,0.835,0,10747.32,36,9.65,Online,Personal Loan,1,0.3391819399213865,14259,0,1,0,B,0,6448.392,1289.6784,0.0
46,32796.57,11,678.0,0.379,0.316,1,2000.0,36,8.53,Online,Auto Refi,1,0.3123843297773964,9783,0,1,0,A,1,1200.0,240.0,-960.0
66,80924.41,4,738.0,0.586,0.514,0,2000.0,36,5.0,Online,Auto Refi,0,0.1334319388507858,19808,0,0,1,A,0,0.0,240.0,0.0
50,82875.5,9,545.0,0.236,0.022,0,12037.93,36,12.4,Online,Auto Refi,1,0.3998413843588089,18019,0,0,0,B,0,7222.758,1444.5516,0.0
46,58836.43,19,736.0,0.322,0.817,0,9965.31,36,5.0,Partner,Auto Refi,0,0.1207223794871214,1519,0,1,1,A,1,0.0,1195.8372,1195.8372
34,40502.24,9,731.0,0.132,0.432,0,23979.28,60,5.0,Branch,Auto Refi,0,0.0957923343764295,2520,0,1,1,B,1,0.0,2877.5135999999998,2877.5135999999998
44,86938.38,16,739.0,0.198,0.326,1,15832.13,36,5.0,Online,Personal Loan,0,0.1193877988273213,12253,0,1,1,B,1,0.0,1899.8555999999999,1899.8555999999999
64,47546.08,7,648.0,0.34,0.748,1,13994.64,60,15.92,Online,Auto Refi,1,0.47345674712965,9585,0,1,0,B,0,8396.784,1679.3567999999998,0.0
46,77204.34,6,598.0,0.195,0.458,0,21612.66,36,10.49,Branch,Personal Loan,1,0.3592440531289392,7061,0,0,0,B,0,12967.596,2593.5191999999997,0.0
69,46601.03,16,580.0,0.223,0.272,0,24241.9,36,10.92,Branch,Personal Loan,0,0.3504326061591092,14395,0,0,0,A,0,0.0,2909.0280000000002,0.0
36,63221.43,9,595.0,0.471,0.473,0,22587.51,60,16.87,Partner,Auto Refi,0,0.5451940041170222,4573,0,0,0,B,0,0.0,2710.5011999999997,0.0
44,76170.67,3,807.0,0.214,0.427,0,22529.67,60,5.0,Branch,Personal Loan,0,0.0661581379767998,4424,0,1,1,A,1,0.0,2703.5604,2703.5604
49,63211.47,22,551.0,0.364,0.432,0,27164.98,36,19.26,Partner,Personal Loan,0,0.6807076015744217,4988,0,0,0,B,0,0.0,3259.7976,0.0
42,57537.19,6,700.0,0.232,0.827,2,15706.94,60,13.26,Online,Debt Consolidation,1,0.4323784282221253,17581,0,0,0,A,0,9424.164,1884.8328,0.0
22,50614.1,17,672.0,0.48,0.274,1,26523.4,60,10.7,Online,Personal Loan,0,0.3595254882068555,15225,0,0,0,B,0,0.0,3182.808,0.0
25,94319.72,24,507.0,0.275,0.109,1,15184.04,36,23.47,Branch,Debt Consolidation,1,0.7137664271687634,8715,0,0,0,A,0,9110.424,1822.0848,0.0
43,99838.99,12,763.0,0.309,0.364,0,16962.74,60,5.0,Partner,Debt Consolidation,1,0.0774836823298343,17264,0,1,1,A,1,10177.644,2035.5288,-8142.1152
57,94772.99,5,630.0,0.432,0.251,0,12435.98,60,9.56,Branch,Debt Consolidation,0,0.3050801374453574,16223,0,0,0,B,0,0.0,1492.3175999999999,0.0
26,93479.79,17,725.0,0.183,0.633,0,18118.63,36,5.0,Online,Personal Loan,0,0.1345778647860498,12506,0,1,1,B,1,0.0,2174.2356,2174.2356
37,75477.22,7,684.0,0.196,0.593,0,8182.61,36,5.0,Online,Personal Loan,0,0.1469346812891584,13721,0,1,1,B,1,0.0,981.9132,981.9132
55,73768.19,6,700.0,0.579,0.514,0,25807.02,60,7.85,Online,Personal Loan,0,0.3406755619716486,6873,0,0,0,B,0,0.0,3096.8424,0.0
38,108216.62,18,698.0,0.264,0.899,0,17021.44,60,6.36,Online,Auto Refi,0,0.3335559780880797,6115,0,1,0,A,1,0.0,2042.5727999999997,2042.5727999999997
27,60678.49,19,659.0,0.185,0.435,1,19981.76,36,8.13,Online,Personal Loan,0,0.2782120868593902,12823,0,1,0,B,0,0.0,2397.8111999999996,0.0
28,66775.33,12,587.0,0.42,0.143,0,26995.1,60,12.79,Online,Debt Consolidation,1,0.4843400616840539,1327,0,0,0,A,0,16197.059999999998,3239.412,0.0
45,104192.45,15,646.0,0.477,0.513,0,5850.28,36,11.51,Online,Personal Loan,0,0.3898174413049837,17640,0,0,0,A,0,0.0,702.0336,0.0
37,74905.73,15,684.0,0.376,0.475,2,12744.98,60,25.0,Online,Personal Loan,0,0.7816895810965974,6502,1,0,0,B,0,0.0,1529.3975999999998,0.0
36,56459.54,4,752.0,0.361,0.551,0,14843.61,60,11.67,Branch,Debt Consolidation,0,0.2979983297792249,7164,1,0,0,A,0,0.0,1781.2332,0.0
34,59877.09,8,737.0,0.512,0.356,0,16107.37,60,5.0,Online,Personal Loan,0,0.1040029657333918,4625,0,0,1,A,0,0.0,1932.8844,0.0
67,99822.98,7,741.0,0.277,0.532,1,15489.69,36,5.0,Online,Personal Loan,0,0.1148096647049949,10585,0,1,1,A,1,0.0,1858.7628,1858.7628
51,75523.64,14,772.0,0.365,0.415,0,19284.59,36,5.0,Online,Personal Loan,0,0.0830259691242269,14344,0,1,1,A,1,0.0,2314.1508,2314.1508
40,63952.39,24,707.0,0.085,0.42,0,8181.29,60,5.0,Online,Auto Refi,1,0.1249047846685151,4304,0,1,1,B,1,4908.773999999999,981.7547999999999,-3927.0191999999997
27,107247.33,1,586.0,0.499,0.531,0,9283.28,60,25.0,Online,Debt Consolidation,1,0.7925172758476173,5172,1,0,0,B,0,5569.968,1113.9936,0.0
54,77513.25,3,750.0,0.517,0.091,0,18336.75,36,9.98,Online,Personal Loan,1,0.2195366577751733,7925,1,0,0,B,0,11002.05,2200.41,0.0
35,86090.32,22,742.0,0.404,0.232,0,8729.81,60,5.0,Online,Debt Consolidation,0,0.0928358658861426,2669,0,0,1,B,1,0.0,1047.5772,1047.5772
48,84376.26,23,698.0,0.379,0.683,2,26198.0,60,15.01,Partner,Debt Consolidation,0,0.5071811385232313,16080,0,0,0,A,0,0.0,3143.7599999999998,0.0
33,67289.72,0,595.0,0.343,0.6,0,13773.92,36,15.55,Online,Personal Loan,1,0.4557374858565595,7135,0,0,0,A,0,8264.351999999999,1652.8704,0.0
56,39951.01,5,774.0,0.465,0.643,0,3816.37,60,5.0,Online,Auto Refi,0,0.0797276807208551,1152,0,0,1,B,1,0.0,457.96439999999996,457.96439999999996
49,89642.31,7,714.0,0.39,0.752,1,7879.23,36,9.56,Branch,Personal Loan,1,0.3111960473687404,4997,0,1,0,B,0,4727.538,945.5075999999999,0.0
25,71549.46,4,611.0,0.302,0.585,0,15223.45,36,12.56,Online,Personal Loan,1,0.3971168277480327,9507,0,0,0,B,0,9134.07,1826.814,0.0
49,59880.93,4,653.0,0.208,0.328,0,18253.32,60,5.0,Online,Personal Loan,0,0.1557843562518276,14260,0,1,1,A,1,0.0,2190.3984,2190.3984
41,72959.79,20,584.0,0.269,0.251,0,16780.89,36,11.2,Online,Personal Loan,0,0.3780349892684067,2834,0,0,0,B,0,0.0,2013.7068,0.0
54,54067.25,15,788.0,0.179,0.411,0,15470.79,60,5.0,Online,Personal Loan,0,0.0819212074823313,5423,0,1,1,B,1,0.0,1856.4948,1856.4948
40,45923.32,19,620.0,0.473,0.621,0,16283.41,36,15.64,Branch,Auto Refi,1,0.498446192280741,1603,0,0,0,B,0,9770.046,1954.0092,0.0
59,44722.44,8,801.0,0.173,0.344,1,16288.54,36,5.0,Online,Auto Refi,1,0.0986371006988487,9283,0,1,1,A,1,9773.124,1954.6248,-7818.4992
35,86004.39,24,642.0,0.434,0.361,1,12025.23,36,14.1,Online,Auto Refi,0,0.4417363561752694,19982,0,0,0,A,0,0.0,1443.0276,0.0
39,52857.98,12,654.0,0.448,0.535,0,13095.79,36,10.3,Partner,Personal Loan,0,0.3152044545624338,18978,0,0,0,A,0,0.0,1571.4948,0.0
39,46170.75,16,745.0,0.139,0.423,0,18417.21,36,5.0,Branch,Auto Refi,0,0.0878140939691189,17165,0,1,1,A,1,0.0,2210.0652,2210.0652
51,45812.58,15,680.0,0.287,0.533,0,14484.78,60,5.14,Online,Auto Refi,0,0.1666496740960555,11625,0,1,1,A,1,0.0,1738.1736,1738.1736
60,57453.51,19,636.0,0.465,0.502,0,6380.61,36,12.21,Branch,Personal Loan,0,0.4009904903392448,8994,0,0,0,A,0,0.0,765.6732,0.0
38,71813.73,6,690.0,0.374,0.262,1,11128.48,36,6.88,Branch,Personal Loan,1,0.2318666819118624,8417,0,1,0,A,1,6677.088,1335.4176,-5341.6704
33,67141.01,0,726.0,0.249,0.429,1,19002.36,36,5.0,Online,Personal Loan,0,0.1509903942576538,8676,0,1,1,A,1,0.0,2280.2832,2280.2832
49,101812.58,22,574.0,0.636,0.423,0,11821.28,36,22.23,Branch,Auto Refi,1,0.7271441757282784,12768,0,0,0,B,0,7092.768,1418.5536,0.0
45,100183.32,0,768.0,0.42,0.418,0,8121.22,36,5.0,Online,Auto Refi,0,0.0830641091049296,2306,0,0,1,B,1,0.0,974.5464,974.5464
31,63836.07,11,630.0,0.381,0.432,1,18259.14,36,25.0,Partner,Personal Loan,0,0.7616575251053112,7461,1,0,0,A,0,0.0,2191.0968,0.0
54,57112.41,20,666.0,0.238,0.679,0,30628.63,60,6.75,Partner,Personal Loan,0,0.2449922831783998,18821,0,1,0,A,1,0.0,3675.4356,3675.4356
54,47491.01,15,723.0,0.424,0.59,2,26487.02,36,11.99,Online,Auto Refi,0,0.4300763139128413,3137,0,0,0,B,0,0.0,3178.4424,0.0
69,71036.72,7,636.0,0.295,0.379,0,23369.59,36,7.73,Online,Personal Loan,0,0.257780152253374,6460,0,0,0,A,0,0.0,2804.3507999999997,0.0
21,132782.25,19,544.0,0.074,0.59,0,27454.91,36,15.65,Branch,Personal Loan,1,0.648427287415677,15039,0,0,0,A,0,16472.946,3294.5892,0.0
33,50511.08,15,610.0,0.271,0.307,0,19318.47,36,9.07,Online,Debt Consolidation,1,0.30387061945113,11996,0,0,0,A,0,11591.082,2318.2164000000002,0.0
52,32821.9,6,643.0,0.286,0.479,0,2000.0,36,7.82,Online,Debt Consolidation,0,0.2877772218795318,9865,0,1,0,B,0,0.0,240.0,0.0
23,100274.62,23,733.0,0.257,0.36,0,16166.28,36,5.0,Partner,Auto Refi,0,0.093722365207183,14592,0,1,1,B,1,0.0,1939.9536,1939.9536
37,67979.05,16,621.0,0.223,0.548,1,22490.34,36,14.21,Online,Personal Loan,0,0.4197552878222563,13821,0,0,0,B,0,0.0,2698.8408,0.0
64,57668.29,0,642.0,0.389,0.591,0,23788.94,36,11.03,Partner,Auto Refi,0,0.3705734291510535,17958,0,1,0,B,0,0.0,2854.6728,0.0
52,86912.33,5,632.0,0.42,0.138,0,6498.79,36,22.16,Online,Debt Consolidation,1,0.5568537812624746,15015,1,0,0,B,0,3899.274,779.8548,0.0
61,80130.26,2,697.0,0.244,0.729,0,10060.83,36,5.0,Branch,Debt Consolidation,1,0.169070374558052,7835,0,1,1,A,1,6036.498,1207.2996,-4829.198399999999
62,60985.2,9,762.0,0.491,0.596,1,24313.42,36,5.46,Partner,Personal Loan,1,0.1580473632174409,5096,0,0,1,B,1,14588.051999999998,2917.6103999999996,-11670.441599999998
35,44735.12,13,622.0,0.351,0.458,1,9808.62,60,15.72,Online,Personal Loan,1,0.4809418132081198,7382,0,0,0,A,0,5885.1720000000005,1177.0344,0.0
36,59343.32,8,584.0,0.323,0.601,0,18965.11,60,25.0,Online,Auto Refi,1,0.789101365303234,8660,1,0,0,A,0,11379.066,2275.8132,0.0
40,45751.61,10,577.0,0.357,0.379,0,16354.46,36,15.31,Online,Personal Loan,0,0.4661615604836954,17254,0,0,0,B,0,0.0,1962.5351999999998,0.0
52,75284.13,22,674.0,0.377,0.265,0,16703.17,36,5.0,Branch,Personal Loan,0,0.1771911931382505,12457,0,1,1,B,1,0.0,2004.3803999999998,2004.3803999999998
54,45236.75,9,638.0,0.303,0.545,0,19171.34,36,9.31,Online,Debt Consolidation,1,0.3345989858864291,4684,0,0,0,A,0,11502.804,2300.5607999999997,0.0
32,20000.0,15,592.0,0.417,0.48,0,13749.3,36,16.09,Branch,Debt Consolidation,0,0.4909148042475164,1075,0,0,0,A,0,0.0,1649.916,0.0
32,37734.88,19,617.0,0.369,0.251,1,22174.83,36,14.28,Branch,Auto Refi,0,0.4031813998518411,11861,0,0,0,A,0,0.0,2660.9796,0.0
54,74429.04,21,752.0,0.636,0.457,0,16655.34,36,5.0,Online,Personal Loan,0,0.1519362699518779,1686,0,0,1,B,1,0.0,1998.6408,1998.6408
67,108640.49,23,762.0,0.236,0.154,1,20166.39,60,5.0,Branch,Personal Loan,0,0.1256258631163925,13412,0,1,1,B,1,0.0,2419.9667999999997,2419.9667999999997
65,49286.78,18,744.0,0.518,0.166,0,15776.02,36,5.0,Online,Personal Loan,0,0.1166262777394623,9702,0,0,1,B,1,0.0,1893.1224,1893.1224
32,50700.85,17,814.0,0.242,0.32,0,8012.99,36,5.0,Partner,Auto Refi,0,0.0584151486583707,10424,0,1,1,B,1,0.0,961.5587999999999,961.5587999999999
43,72262.42,17,778.0,0.403,0.437,0,10469.26,60,5.0,Partner,Auto Refi,0,0.0838074878950015,6407,0,0,1,B,1,0.0,1256.3111999999999,1256.3111999999999
48,63645.33,10,745.0,0.37,0.503,0,21906.45,36,5.0,Branch,Personal Loan,0,0.1026862618192036,15031,0,1,1,A,1,0.0,2628.774,2628.774
35,50726.13,23,769.0,0.549,0.527,0,16549.69,60,5.0,Partner,Personal Loan,0,0.1080772781669009,9630,0,0,1,B,1,0.0,1985.9627999999998,1985.9627999999998
66,24585.31,12,802.0,0.257,0.715,0,10451.99,36,5.0,Online,Personal Loan,0,0.0692911234350835,1765,0,1,1,A,1,0.0,1254.2387999999999,1254.2387999999999
28,96106.76,23,767.0,0.506,0.341,0,21559.24,36,5.0,Branch,Personal Loan,0,0.1128342653461608,5495,0,0,1,A,0,0.0,2587.1088,0.0
39,81809.16,23,732.0,0.381,0.0,0,12331.84,36,5.0,Online,Auto Refi,0,0.1168181521016073,17997,0,1,1,A,1,0.0,1479.8208,1479.8208
46,55740.15,11,679.0,0.546,0.686,1,19737.19,60,15.93,Online,Auto Refi,0,0.4540083306759317,16861,0,0,0,B,0,0.0,2368.4628,0.0
63,67473.91,20,634.0,0.284,0.522,0,9098.67,36,9.11,Branch,Personal Loan,0,0.3190059235654411,10092,0,0,0,B,0,0.0,1091.8404,0.0
55,80851.5,18,685.0,0.328,0.594,0,9577.86,36,5.88,Online,Debt Consolidation,0,0.1934025651774882,3848,0,1,0,B,0,0.0,1149.3432,0.0
26,88526.96,24,610.0,0.491,0.646,0,18759.17,60,17.49,Online,Personal Loan,1,0.5971655321423275,4566,0,0,0,A,0,11255.501999999999,2251.1004,0.0
47,54512.93,15,750.0,0.374,0.499,0,9006.85,36,5.0,Branch,Auto Refi,0,0.1007799689245368,2900,0,1,1,A,1,0.0,1080.8220000000001,1080.8220000000001
49,77327.83,6,609.0,0.142,0.392,0,15931.66,36,7.78,Branch,Personal Loan,0,0.2845904641566393,12184,0,0,0,A,0,0.0,1911.7992,0.0
37,39181.12,17,693.0,0.121,0.188,2,11781.4,60,5.61,Online,Auto Refi,1,0.1795051293417869,19645,0,0,1,A,0,7068.839999999999,1413.7679999999998,0.0
68,66981.1,14,766.0,0.222,0.288,0,17686.12,36,5.0,Partner,Personal Loan,0,0.067719050470333,2713,0,1,1,A,1,0.0,2122.3343999999997,2122.3343999999997
55,58710.39,14,702.0,0.428,0.103,0,15270.58,60,5.0,Online,Personal Loan,0,0.1517905186517199,18756,0,0,1,A,0,0.0,1832.4696,0.0
38,46253.75,19,651.0,0.287,0.649,1,24057.75,36,13.22,Partner,Personal Loan,0,0.4224020638487488,12416,0,1,0,B,0,0.0,2886.93,0.0
35,63247.02,14,765.0,0.467,0.17,0,8480.88,36,5.0,Online,Auto Refi,0,0.0700189417232126,19615,0,0,1,B,1,0.0,1017.7055999999999,1017.7055999999999
37,81554.78,22,795.0,0.231,0.113,0,18085.79,60,5.0,Online,Personal Loan,0,0.0703703375090112,19263,0,1,1,B,1,0.0,2170.2948,2170.2948
65,80377.16,13,741.0,0.201,0.218,0,7222.82,60,5.0,Branch,Debt Consolidation,0,0.0835695378522986,14389,0,1,1,B,1,0.0,866.7384,866.7384
40,26112.71,7,613.0,0.38,0.324,0,17280.8,60,11.11,Branch,Personal Loan,0,0.3934410601858214,12546,0,0,0,A,0,0.0,2073.696,0.0
62,34232.65,3,639.0,0.415,0.506,0,28065.87,36,10.95,Online,Personal Loan,0,0.3952439260455964,11359,0,0,0,A,0,0.0,3367.9044,0.0
40,63031.76,9,764.0,0.314,0.712,2,13524.28,36,6.99,Branch,Personal Loan,1,0.2339064940296714,14007,0,0,0,B,0,8114.568,1622.9136,0.0
21,38691.4,8,749.0,0.238,0.372,0,12013.16,36,5.0,Online,Personal Loan,0,0.0872608813179475,18528,0,1,1,A,1,0.0,1441.5792,1441.5792
24,57807.79,19,747.0,0.337,0.493,0,20373.9,36,5.0,Branch,Auto Refi,0,0.1003441667961765,18196,0,1,1,B,1,0.0,2444.868,2444.868
58,88987.49,7,605.0,0.379,0.729,0,20430.07,36,16.66,Online,Debt Consolidation,0,0.507701758818634,8151,0,0,0,B,0,0.0,2451.6084,0.0
45,98636.39,8,581.0,0.392,0.478,1,12395.55,36,21.75,Partner,Personal Loan,1,0.6565517052427334,7874,0,0,0,B,0,7437.329999999999,1487.466,0.0
55,55941.75,21,763.0,0.209,0.516,0,12403.68,36,5.0,Online,Debt Consolidation,0,0.0868955521343885,2414,0,1,1,A,1,0.0,1488.4415999999999,1488.4415999999999
28,52174.93,20,675.0,0.301,0.407,0,27864.36,36,5.0,Online,Personal Loan,0,0.1324831545879777,15719,0,1,1,B,1,0.0,3343.7232,3343.7232
29,51550.32,0,750.0,0.33,0.426,0,21012.69,60,5.0,Online,Auto Refi,0,0.0929778028544468,17441,0,1,1,B,1,0.0,2521.5227999999997,2521.5227999999997
64,90304.11,7,651.0,0.361,0.314,0,14492.23,60,6.88,Online,Auto Refi,0,0.1949228283798896,10587,0,1,0,B,0,0.0,1739.0675999999999,0.0
58,112883.13,8,702.0,0.249,0.72,1,24350.11,36,7.83,Partner,Personal Loan,0,0.2382667762739128,299,0,1,0,A,1,0.0,2922.0132,2922.0132
62,70917.59,23,605.0,0.531,0.208,0,12218.68,60,13.75,Branch,Debt Consolidation,1,0.4429262874605976,3700,0,0,0,A,0,7331.208,1466.2416,0.0
34,40491.11,13,696.0,0.413,0.352,0,29671.89,60,5.0,Online,Personal Loan,0,0.1629963137053372,1610,0,0,1,B,1,0.0,3560.6268,3560.6268
54,81348.04,24,719.0,0.245,0.579,0,8012.48,60,5.0,Online,Personal Loan,0,0.1452297161328016,9628,0,1,1,A,1,0.0,961.4975999999999,961.4975999999999
26,89184.34,18,523.0,0.48,0.468,1,21101.19,36,25.0,Online,Personal Loan,1,0.755194615720816,10022,0,0,0,A,0,12660.713999999998,2532.1427999999996,0.0
45,107991.8,3,693.0,0.26,0.544,0,17774.65,60,5.0,Branch,Auto Refi,0,0.1605166298020803,6082,0,1,1,A,1,0.0,2132.958,2132.958
32,54941.3,9,633.0,0.301,0.767,1,2891.51,60,17.0,Branch,Personal Loan,0,0.5207375424834207,5451,0,0,0,A,0,0.0,346.9812,0.0
48,99778.11,18,703.0,0.086,0.24,0,14274.29,36,5.0,Online,Personal Loan,0,0.1308101142291524,19758,0,1,1,A,1,0.0,1712.9148,1712.9148
47,52677.33,5,654.0,0.11,0.71,0,15993.51,36,6.04,Online,Personal Loan,0,0.1935740895751485,9121,0,1,0,A,1,0.0,1919.2212,1919.2212
24,77312.81,13,720.0,0.291,0.552,0,14055.01,60,5.0,Online,Personal Loan,0,0.1327133352975646,6443,0,1,1,A,1,0.0,1686.6012,1686.6012
50,44967.77,7,674.0,0.234,0.589,1,9861.79,36,23.29,Online,Personal Loan,1,0.6313523640158628,9570,1,0,0,A,0,5917.0740000000005,1183.4148,0.0
37,55264.81,2,742.0,0.325,0.474,0,16393.28,60,5.0,Branch,Personal Loan,0,0.1034411865107784,3604,0,1,1,A,1,0.0,1967.1935999999998,1967.1935999999998
25,41726.58,7,744.0,0.408,0.196,0,15117.68,36,5.0,Online,Personal Loan,0,0.0915132584970283,16795,0,0,1,A,0,0.0,1814.1216,0.0
60,57652.49,19,735.0,0.318,0.493,0,14986.03,60,5.0,Online,Personal Loan,0,0.10044349729758,7579,0,1,1,B,1,0.0,1798.3236,1798.3236
67,63594.98,10,588.0,0.434,0.398,0,15491.65,36,15.97,Online,Personal Loan,0,0.4734132809582264,14251,0,0,0,B,0,0.0,1858.9979999999998,0.0
34,56029.51,14,731.0,0.139,0.374,0,23961.63,36,5.0,Online,Auto Refi,0,0.085712742009095,13445,0,1,1,A,1,0.0,2875.3956,2875.3956
41,99799.82,11,772.0,0.256,0.699,0,7201.91,60,5.0,Partner,Debt Consolidation,0,0.0812454560023983,18595,0,1,1,B,1,0.0,864.2292,864.2292
67,42406.12,2,755.0,0.357,0.389,0,16710.86,36,5.0,Branch,Personal Loan,0,0.1057035844457398,4681,0,1,1,B,1,0.0,2005.3032,2005.3032
29,58426.02,22,646.0,0.087,0.336,1,2000.0,60,6.76,Branch,Personal Loan,0,0.2075869659742582,5065,0,1,0,A,1,0.0,240.0,240.0
44,68733.33,13,626.0,0.387,0.62,0,4686.06,36,13.09,Branch,Personal Loan,0,0.4281177320653871,9610,0,0,0,A,0,0.0,562.3272000000001,0.0
24,55440.6,10,743.0,0.097,0.529,0,13301.06,36,5.0,Online,Auto Refi,0,0.082591787898891,5476,0,1,1,A,1,0.0,1596.1272,1596.1272
58,76189.75,17,718.0,0.368,0.416,0,13419.92,60,5.0,Online,Personal Loan,0,0.1430478517585693,10451,0,1,1,B,1,0.0,1610.3904,1610.3904
33,60760.13,13,729.0,0.256,0.308,1,17602.11,36,5.0,Online,Personal Loan,0,0.146260187940477,12001,0,1,1,B,1,0.0,2112.2532,2112.2532
51,100213.36,22,758.0,0.367,0.397,0,8935.44,60,5.0,Branch,Auto Refi,0,0.1059690723628491,11213,0,1,1,A,1,0.0,1072.2528,1072.2528
25,68616.84,3,815.0,0.261,0.547,0,30439.08,60,5.0,Online,Debt Consolidation,0,0.0640703250467377,19059,0,1,1,A,1,0.0,3652.6896,3652.6896
21,42237.73,17,773.0,0.461,0.233,0,14169.31,60,5.0,Branch,Auto Refi,0,0.0758891046230256,13864,0,0,1,A,0,0.0,1700.3172,0.0
57,71746.72,12,633.0,0.362,0.609,1,20267.91,36,16.47,Branch,Debt Consolidation,0,0.4764440750932665,4037,0,0,0,B,0,0.0,2432.1492,0.0
62,47599.66,0,702.0,0.228,0.487,0,15258.56,60,5.0,Online,Personal Loan,1,0.15439125317466,10662,0,1,1,B,1,9155.135999999999,1831.0271999999998,-7324.108799999999
69,25140.12,14,689.0,0.437,0.574,0,7515.38,36,7.0,Online,Auto Refi,1,0.2417118046736669,1607,0,0,0,B,0,4509.228,901.8456,0.0
23,65946.26,24,649.0,0.336,0.377,1,6036.23,36,11.35,Online,Debt Consolidation,0,0.411825444787482,19095,0,1,0,B,0,0.0,724.3475999999999,0.0
34,27879.13,6,585.0,0.318,0.663,0,4952.62,60,17.01,Partner,Personal Loan,0,0.5713007903728023,75,0,0,0,A,0,0.0,594.3144,0.0
26,84694.63,4,766.0,0.615,0.532,0,17273.26,60,5.0,Partner,Debt Consolidation,0,0.1139386855869833,8622,0,0,1,A,0,0.0,2072.7911999999997,0.0
61,44535.13,18,663.0,0.292,0.74,0,2000.0,60,8.59,Partner,Personal Loan,0,0.2968942546251731,16957,0,1,0,A,1,0.0,240.0,240.0
61,43929.0,17,657.0,0.245,0.345,0,11851.65,60,5.0,Online,Personal Loan,0,0.1596393913324914,9120,0,1,1,A,1,0.0,1422.1979999999999,1422.1979999999999
24,82598.08,3,714.0,0.454,0.653,0,23908.72,36,5.85,Online,Debt Consolidation,0,0.1889212139968849,16233,0,0,0,B,0,0.0,2869.0464,0.0
66,85278.15,15,736.0,0.501,0.358,0,6496.96,36,5.0,Branch,Auto Refi,0,0.1016428978046157,8862,0,0,1,B,1,0.0,779.6351999999999,779.6351999999999
67,29902.86,14,774.0,0.159,0.719,1,14694.35,36,5.0,Branch,Personal Loan,0,0.0940642322707647,3666,0,1,1,A,1,0.0,1763.322,1763.322
48,88109.27,18,726.0,0.428,0.852,0,15022.32,36,6.09,Online,Auto Refi,0,0.1996678061135164,887,0,0,0,A,0,0.0,1802.6784,0.0
46,80908.79,13,830.0,0.491,0.621,0,2000.0,36,5.0,Online,Personal Loan,0,0.2710252252104087,2691,0,0,0,B,0,0.0,240.0,0.0
62,87120.18,10,739.0,0.443,0.192,0,19541.62,36,5.0,Branch,Debt Consolidation,0,0.0890159417290893,18530,0,0,1,A,0,0.0,2344.9943999999996,0.0
59,90641.39,9,682.0,0.256,0.606,2,14841.0,60,13.32,Online,Personal Loan,0,0.3627624892873247,17175,0,0,0,B,0,0.0,1780.9199999999998,0.0
41,55295.44,4,707.0,0.298,0.172,0,23507.97,36,5.0,Branch,Debt Consolidation,0,0.1281224800197065,19465,0,1,1,A,1,0.0,2820.9564,2820.9564
23,54987.06,0,720.0,0.201,0.334,0,23948.05,60,5.0,Online,Auto Refi,0,0.1266949110067445,5126,0,1,1,A,1,0.0,2873.7659999999996,2873.7659999999996
26,61594.05,5,624.0,0.193,0.298,0,7927.29,36,6.37,Online,Auto Refi,0,0.2217896505193817,8331,0,0,0,A,0,0.0,951.2747999999999,0.0
52,64147.92,5,710.0,0.469,0.373,0,4273.47,60,5.0,Online,Personal Loan,0,0.1294788419412219,10572,0,0,1,A,0,0.0,512.8164,0.0
39,93160.83,17,625.0,0.44,0.405,0,3862.37,36,11.81,Online,Personal Loan,1,0.4095480481723377,8908,0,0,0,A,0,2317.422,463.4844,0.0
68,51541.68,17,665.0,0.162,0.39,0,10634.66,36,5.0,Online,Personal Loan,0,0.152448051827939,13618,0,1,1,A,1,0.0,1276.1591999999998,1276.1591999999998
29,55409.85,14,773.0,0.399,0.481,1,10233.79,36,5.0,Online,Personal Loan,1,0.1073750643034829,8743,0,1,1,A,1,6140.274,1228.0548000000001,-4912.2192000000005
48,82922.23,20,669.0,0.288,0.529,1,13132.17,60,9.92,Online,Personal Loan,0,0.3129067186521351,3808,0,1,0,B,0,0.0,1575.8604,0.0
60,44539.89,13,743.0,0.173,0.247,1,25675.39,36,5.0,Branch,Personal Loan,0,0.124621656886083,13403,0,1,1,B,1,0.0,3081.0467999999996,3081.0467999999996
62,58446.59,9,596.0,0.377,0.229,0,13889.74,60,11.9,Partner,Personal Loan,1,0.3690399041775839,16487,0,0,0,B,0,8333.844,1666.7687999999998,0.0
27,37011.67,11,611.0,0.376,0.755,0,17488.06,36,25.0,Online,Personal Loan,1,0.8032760464911871,11748,1,0,0,B,0,10492.836000000001,2098.5672,0.0
55,67353.43,13,670.0,0.348,0.528,0,18910.26,36,20.71,Branch,Debt Consolidation,1,0.5716768472895472,9319,1,0,0,B,0,11346.155999999999,2269.2311999999997,0.0
47,61362.19,23,669.0,0.346,0.391,0,12979.44,60,5.74,Online,Personal Loan,0,0.1756100313496239,4669,0,1,1,A,1,0.0,1557.5328,1557.5328
69,74418.05,16,667.0,0.382,0.14,0,11724.67,36,5.0,Online,Auto Refi,0,0.1666001917549801,2827,0,1,1,A,1,0.0,1406.9604,1406.9604
44,81640.04,22,692.0,0.463,0.713,1,14740.78,60,12.93,Online,Debt Consolidation,1,0.364361705699423,10751,0,0,0,B,0,8844.468,1768.8936,0.0
33,66923.14,23,718.0,0.526,0.494,0,10713.88,36,5.36,Branch,Personal Loan,1,0.2205195799401965,5516,0,0,0,A,0,6428.3279999999995,1285.6655999999998,0.0
27,58373.7,19,830.0,0.361,0.333,0,4793.61,36,5.0,Partner,Personal Loan,0,0.0730286557449347,1239,0,1,1,B,1,0.0,575.2331999999999,575.2331999999999
46,67510.43,16,689.0,0.514,0.271,0,21164.55,60,5.65,Online,Auto Refi,1,0.2198229446581875,4970,0,0,0,B,0,12698.73,2539.7459999999996,0.0
38,51313.78,24,652.0,0.35,0.0,0,22289.03,36,5.0,Partner,Personal Loan,0,0.3055583541126185,18279,0,1,0,A,1,0.0,2674.6836,2674.6836
56,32373.36,14,593.0,0.364,0.411,0,17145.03,36,13.99,Online,Personal Loan,0,0.4169397624409902,18949,0,0,0,A,0,0.0,2057.4035999999996,0.0
34,47645.23,0,629.0,0.197,0.237,0,15663.29,36,5.54,Branch,Auto Refi,0,0.1655221691301439,136,0,0,1,A,0,0.0,1879.5948,0.0
25,52514.04,15,662.0,0.325,0.398,0,13624.14,60,6.09,Online,Debt Consolidation,1,0.2135898555403844,7002,0,1,0,B,0,8174.4839999999995,1634.8967999999998,0.0
66,85445.45,15,773.0,0.34,0.309,0,9118.68,60,5.0,Online,Personal Loan,1,0.0622359495400509,14521,0,1,1,A,1,5471.208,1094.2416,-4376.966399999999
44,20000.0,19,568.0,0.184,0.696,0,9185.53,36,16.48,Online,Debt Consolidation,0,0.4834918918130795,12568,0,0,0,B,0,0.0,1102.2636,0.0
29,92166.42,23,591.0,0.19,0.78,0,15293.96,60,14.87,Branch,Personal Loan,1,0.5165667248096338,2214,0,0,0,B,0,9176.375999999998,1835.2751999999998,0.0
47,55488.64,1,685.0,0.227,0.653,0,16658.92,36,5.0,Online,Personal Loan,0,0.1393938636701902,17193,0,1,1,B,1,0.0,1999.0703999999996,1999.0703999999996
36,46774.11,5,689.0,0.371,0.707,0,11303.89,60,7.14,Online,Auto Refi,0,0.2186106514757493,15851,0,1,0,A,1,0.0,1356.4668,1356.4668
21,41976.31,4,666.0,0.384,0.438,0,15518.56,36,20.91,Partner,Personal Loan,1,0.5964312081030231,16499,1,0,0,A,0,9311.135999999999,1862.2271999999998,0.0
21,42589.07,0,750.0,0.535,0.459,1,23338.61,36,19.48,Online,Debt Consolidation,1,0.6112277287683638,4562,1,0,0,B,0,14003.166,2800.6331999999998,0.0
38,41681.17,2,778.0,0.276,0.458,0,21479.66,36,5.0,Branch,Personal Loan,0,0.0818520940600695,11967,0,1,1,A,1,0.0,2577.5591999999997,2577.5591999999997
38,69943.91,7,704.0,0.394,0.506,0,20045.24,60,5.0,Partner,Auto Refi,1,0.1643081903373853,11002,0,1,1,A,1,12027.144,2405.4288,-9621.7152
66,20000.0,12,590.0,0.343,0.451,0,11002.71,36,14.35,Online,Personal Loan,1,0.4219044638526331,17804,0,0,0,A,0,6601.625999999999,1320.3251999999998,0.0
54,64426.75,15,653.0,0.293,0.441,0,7782.03,36,6.74,Branch,Auto Refi,0,0.2317698688964363,5832,0,1,0,B,0,0.0,933.8435999999999,0.0
52,81921.35,20,674.0,0.369,0.775,0,2000.0,60,9.19,Online,Auto Refi,0,0.2931477603650151,4231,0,1,0,B,0,0.0,240.0,0.0
52,67238.0,16,528.0,0.341,0.52,0,12915.48,36,22.42,Online,Personal Loan,0,0.6280379196996742,5189,0,0,0,A,0,0.0,1549.8575999999998,0.0
47,60801.75,10,504.0,0.19,0.861,0,29455.2,36,25.0,Partner,Auto Refi,1,0.8778436677682817,17355,0,0,0,B,0,17673.12,3534.624,0.0
69,53745.69,19,708.0,0.356,0.09,0,9289.68,36,5.0,Branch,Debt Consolidation,0,0.0993447229615467,3149,0,1,1,A,1,0.0,1114.7616,1114.7616
57,67088.02,15,751.0,0.215,0.483,0,12580.0,60,5.0,Partner,Debt Consolidation,0,0.1023205519352136,5092,0,1,1,A,1,0.0,1509.6,1509.6
39,49924.82,0,581.0,0.267,0.248,0,22006.0,36,11.49,Online,Debt Consolidation,0,0.3804134049324691,6325,0,0,0,A,0,0.0,2640.72,0.0
46,55499.94,11,624.0,0.42,0.256,0,9393.1,36,9.99,Partner,Debt Consolidation,0,0.2982072894791173,19174,0,0,0,A,0,0.0,1127.172,0.0
53,81040.95,15,769.0,0.379,0.451,0,10337.6,60,5.0,Partner,Auto Refi,0,0.089950627310809,13486,0,1,1,B,1,0.0,1240.512,1240.512
34,49127.92,0,582.0,0.379,0.254,0,24375.42,36,13.78,Online,Auto Refi,1,0.4059192081978043,7115,0,0,0,B,0,14625.251999999999,2925.0503999999996,0.0
27,42928.34,21,711.0,0.456,0.618,0,14994.17,60,5.84,Branch,Debt Consolidation,0,0.1803982859051568,3860,0,0,0,B,0,0.0,1799.3003999999999,0.0
46,80999.49,22,771.0,0.314,0.205,0,9532.67,36,5.0,Partner,Personal Loan,0,0.0721112577729351,1522,0,1,1,A,1,0.0,1143.9204,1143.9204
33,64945.43,6,596.0,0.289,0.205,0,14482.3,36,9.89,Partner,Personal Loan,0,0.3263630795087722,1831,0,0,0,A,0,0.0,1737.8759999999997,0.0
60,35125.16,6,609.0,0.398,0.063,0,13590.87,60,9.07,Branch,Personal Loan,1,0.275337652136114,15162,0,0,0,A,0,8154.522,1630.9044000000001,0.0
68,87071.95,10,728.0,0.567,0.745,0,13061.81,36,7.25,Branch,Auto Refi,0,0.1899404635183745,10876,0,0,0,B,0,0.0,1567.4171999999999,0.0
51,87316.58,11,752.0,0.357,0.535,0,11778.59,60,5.0,Partner,Personal Loan,0,0.1106910499163814,625,0,1,1,A,1,0.0,1413.4307999999999,1413.4307999999999
43,70620.71,15,605.0,0.227,0.33,0,11049.17,36,9.05,Online,Personal Loan,0,0.3224678438420559,5118,0,0,0,B,0,0.0,1325.9004,0.0
65,20000.0,7,756.0,0.161,0.498,0,17403.21,60,5.0,Online,Personal Loan,0,0.098537337850966,12076,0,1,1,B,1,0.0,2088.3851999999997,2088.3851999999997
52,41708.26,5,693.0,0.365,0.591,0,12170.29,60,5.73,Branch,Debt Consolidation,0,0.1955030608295002,2801,0,1,0,B,0,0.0,1460.4348,0.0
62,53764.06,20,806.0,0.354,0.372,0,13645.67,60,5.0,Online,Debt Consolidation,1,0.0682374581231246,5422,1,0,1,B,1,8187.402,1637.4804,-6549.9216
49,48246.0,24,603.0,0.351,0.0,0,2000.0,36,8.24,Online,Auto Refi,0,0.4212614952017292,19241,0,0,0,B,0,0.0,240.0,0.0
60,48444.17,6,724.0,0.374,0.552,0,26350.43,36,5.0,Branch,Personal Loan,0,0.153249344155449,9230,0,1,1,B,1,0.0,3162.0516,3162.0516
46,48302.69,24,569.0,0.281,0.305,0,10255.97,36,13.76,Branch,Personal Loan,0,0.5199256068212879,14817,0,0,0,A,0,0.0,1230.7163999999998,0.0
37,58879.29,0,790.0,0.409,0.486,1,2806.46,36,5.0,Online,Debt Consolidation,0,0.1040865912163467,16603,0,0,1,A,0,0.0,336.7752,0.0
26,56114.0,20,625.0,0.293,0.904,0,12699.11,60,14.53,Partner,Auto Refi,1,0.4785429800250589,15274,0,0,0,B,0,7619.466,1523.8932,0.0
25,38136.52,14,645.0,0.341,0.535,1,2000.0,36,13.72,Online,Personal Loan,0,0.3906928663649965,17493,0,1,0,B,0,0.0,240.0,0.0
25,48456.28,1,669.0,0.203,0.687,0,13813.91,36,6.07,Online,Auto Refi,1,0.1847207540005882,10059,0,1,0,A,1,8288.346,1657.6691999999998,-6630.676799999999
35,48801.18,13,629.0,0.36,0.151,2,7067.49,36,16.49,Branch,Personal Loan,1,0.5767933259931117,10151,0,0,0,B,0,4240.494,848.0988,0.0
61,20000.0,2,743.0,0.25,0.057,1,26996.24,60,5.0,Online,Personal Loan,0,0.1143326305171524,12840,0,1,1,B,1,0.0,3239.5488,3239.5488
33,86460.46,7,718.0,0.427,0.47,0,16027.59,36,5.0,Online,Personal Loan,0,0.1455225035341106,12320,0,0,1,A,0,0.0,1923.3108,0.0
32,63599.05,23,625.0,0.551,0.07,1,22028.48,36,15.1,Online,Debt Consolidation,1,0.6273854922312554,6380,0,0,0,B,0,13217.088,2643.4175999999998,0.0
41,78638.78,22,793.0,0.226,0.403,1,21398.04,36,5.0,Partner,Auto Refi,0,0.1076132766447547,8093,0,1,1,B,1,0.0,2567.7648,2567.7648
31,82668.12,19,692.0,0.19,0.637,1,15711.77,36,6.98,Branch,Personal Loan,0,0.2423316265037801,12858,0,1,0,B,0,0.0,1885.4124,0.0
60,58426.35,8,545.0,0.178,0.449,1,5678.8,36,21.05,Online,Personal Loan,1,0.5757487985997525,17472,0,0,0,A,0,3407.28,681.456,0.0
54,89516.78,0,695.0,0.138,0.406,1,13684.74,60,5.0,Online,Debt Consolidation,0,0.1417079925749207,13098,0,1,1,A,1,0.0,1642.1688,1642.1688
27,69927.14,3,707.0,0.318,0.602,0,17084.03,60,5.0,Online,Personal Loan,0,0.1277204307371723,12179,0,1,1,A,1,0.0,2050.0836,2050.0836
21,53094.39,10,697.0,0.481,0.775,0,20784.48,36,8.93,Branch,Debt Consolidation,0,0.3301209343358448,17116,0,0,0,B,0,0.0,2494.1376,0.0
33,70958.81,10,752.0,0.265,0.194,0,13096.89,36,5.0,Online,Personal Loan,0,0.0872534763645293,8947,0,1,1,B,1,0.0,1571.6267999999998,1571.6267999999998
41,76928.43,11,739.0,0.316,0.739,1,18665.66,36,5.82,Online,Personal Loan,0,0.1749679859121062,11132,0,1,1,A,1,0.0,2239.8792,2239.8792
42,54058.81,17,758.0,0.372,0.79,1,17712.5,36,5.52,Online,Personal Loan,0,0.1528548043708622,1799,0,1,1,B,1,0.0,2125.5,2125.5
68,74029.8,15,698.0,0.091,0.17,0,9102.76,60,5.0,Online,Personal Loan,0,0.1235124910526873,6916,0,1,1,B,1,0.0,1092.3312,1092.3312
28,38557.44,0,589.0,0.455,0.35,0,2427.01,36,15.71,Online,Debt Consolidation,1,0.4484494809126321,9828,0,0,0,B,0,1456.2060000000001,291.2412,0.0
48,69562.47,24,679.0,0.236,0.555,1,13316.99,60,8.23,Online,Auto Refi,0,0.2869417146956222,17327,0,1,0,B,0,0.0,1598.0387999999998,0.0
59,61447.8,8,566.0,0.439,0.279,0,11996.26,60,17.29,Online,Personal Loan,1,0.4654288433367358,9668,0,0,0,B,0,7197.756,1439.5511999999999,0.0
50,53721.43,21,669.0,0.411,0.296,0,11936.05,60,5.99,Online,Personal Loan,1,0.2093102682090778,14973,0,0,0,A,0,7161.629999999999,1432.3259999999998,0.0
44,32928.3,10,624.0,0.213,0.31,0,11666.76,60,6.8,Partner,Personal Loan,0,0.2403601677714611,8878,0,0,0,B,0,0.0,1400.0112,0.0
46,108241.86,14,652.0,0.229,0.22,0,11976.22,60,5.0,Partner,Personal Loan,0,0.1822594016696465,8840,0,1,0,A,1,0.0,1437.1463999999999,1437.1463999999999
28,70998.09,15,757.0,0.162,0.634,2,17495.05,60,5.0,Partner,Auto Refi,0,0.1217265394396569,9616,0,0,1,B,1,0.0,2099.406,2099.406
47,45840.71,18,690.0,0.487,0.328,1,11027.45,36,9.49,Online,Personal Loan,1,0.3303112325004546,17986,0,0,0,A,0,6616.47,1323.294,0.0
34,105170.11,1,636.0,0.329,0.291,1,22250.0,36,11.73,Branch,Auto Refi,0,0.3350876825212692,10187,0,0,0,B,0,0.0,2670.0,0.0
51,68451.5,13,681.0,0.153,0.808,0,15194.18,36,5.32,Online,Personal Loan,0,0.2272959646498985,8826,0,1,0,A,1,0.0,1823.3016,1823.3016
34,74359.24,13,727.0,0.496,0.367,0,5251.5,60,5.0,Branch,Debt Consolidation,1,0.1326957253658016,11300,0,0,1,B,1,3150.9,630.18,-2520.7200000000003
38,83921.95,11,678.0,0.318,0.317,0,19023.48,36,5.0,Branch,Auto Refi,0,0.147543868578539,7029,0,1,1,A,1,0.0,2282.8176,2282.8176
68,20000.0,22,638.0,0.32,0.278,2,17444.95,36,15.97,Online,Debt Consolidation,0,0.4858613006332554,6742,0,0,0,B,0,0.0,2093.3940000000002,0.0
39,81589.98,1,771.0,0.324,0.521,1,11664.85,36,5.0,Online,Personal Loan,0,0.0956790367279891,4752,0,1,1,A,1,0.0,1399.782,1399.782
55,58571.26,6,496.0,0.092,0.581,0,8171.34,60,21.62,Partner,Personal Loan,0,0.7579729907521521,13863,0,0,0,B,0,0.0,980.5608,0.0
64,47391.64,7,758.0,0.45,0.342,1,11163.99,60,5.0,Branch,Personal Loan,1,0.1284501571739196,1848,0,0,1,A,0,6698.393999999999,1339.6788,0.0
64,74379.04,12,533.0,0.481,0.434,1,21294.67,36,25.0,Online,Auto Refi,1,0.7766273555153289,6348,0,0,0,A,0,12776.801999999998,2555.3603999999996,0.0
54,65766.72,22,672.0,0.115,0.822,0,8200.04,36,5.58,Online,Personal Loan,0,0.2076502007649185,18894,0,1,0,B,0,0.0,984.0048,0.0
56,58079.62,5,657.0,0.293,0.796,0,18898.14,60,9.69,Online,Auto Refi,1,0.3401461411019678,14047,0,1,0,B,0,11338.884,2267.7767999999996,0.0
23,77106.97,2,497.0,0.371,0.744,1,8780.13,36,25.0,Online,Debt Consolidation,0,0.7235206912739423,3599,0,0,0,A,0,0.0,1053.6155999999999,0.0
63,51182.82,13,692.0,0.194,0.44,0,22451.48,36,5.0,Online,Personal Loan,1,0.1668615750753765,6045,0,1,1,B,1,13470.887999999999,2694.1776,-10776.7104
64,55251.41,14,567.0,0.279,0.313,0,17763.17,36,14.05,Online,Debt Consolidation,1,0.4091437840410247,19606,0,0,0,A,0,10657.901999999998,2131.5804,0.0
65,25455.73,1,681.0,0.222,0.064,0,20868.84,36,5.0,Online,Auto Refi,0,0.1064158485311337,5010,0,1,1,A,1,0.0,2504.2608,2504.2608
28,46366.82,21,611.0,0.267,0.69,0,16050.51,36,13.04,Online,Personal Loan,0,0.3875406838202063,10579,0,0,0,A,0,0.0,1926.0611999999999,0.0
43,87922.39,12,737.0,0.134,0.459,0,20955.09,36,5.0,Online,Personal Loan,0,0.0912542075067062,18673,0,1,1,B,1,0.0,2514.6108,2514.6108
59,61498.05,14,675.0,0.305,0.261,1,8819.21,36,7.06,Partner,Auto Refi,0,0.2167494466998236,15257,0,1,0,A,1,0.0,1058.3051999999998,1058.3051999999998
28,68102.12,0,637.0,0.304,0.451,0,6675.05,36,8.45,Partner,Auto Refi,0,0.3038369928170208,15631,0,0,0,A,0,0.0,801.006,0.0
69,46714.39,3,716.0,0.158,0.352,0,14320.42,60,5.0,Branch,Debt Consolidation,0,0.1341624871715334,1294,0,1,1,B,1,0.0,1718.4504,1718.4504
69,80674.72,24,821.0,0.342,0.405,0,9259.94,60,5.0,Online,Debt Consolidation,0,0.0740710058977338,14367,0,1,1,B,1,0.0,1111.1928,1111.1928
28,77002.04,18,673.0,0.136,0.55,0,8911.45,60,5.0,Partner,Personal Loan,1,0.1422101492008136,337,0,1,1,B,1,5346.87,1069.374,-4277.496
31,73015.95,7,732.0,0.277,0.073,1,2600.19,36,11.5,Online,Personal Loan,1,0.2703584864105979,16113,1,0,0,B,0,1560.114,312.0228,0.0
46,104965.57,2,664.0,0.249,0.356,0,15719.14,60,5.0,Online,Personal Loan,0,0.151469072676359,11499,0,1,1,A,1,0.0,1886.2967999999998,1886.2967999999998
46,89717.81,15,581.0,0.259,0.584,0,11412.1,60,15.15,Online,Auto Refi,0,0.4892463813381327,10027,0,0,0,A,0,0.0,1369.452,0.0
59,62309.79,1,491.0,0.479,0.395,0,15917.15,60,25.0,Online,Personal Loan,1,0.8175538559295327,8959,0,0,0,A,0,9550.289999999999,1910.058,0.0
43,67963.19,18,775.0,0.435,0.775,0,9733.81,36,5.0,Online,Personal Loan,0,0.1521410477774494,12417,0,0,1,A,0,0.0,1168.0572,0.0
28,68134.3,16,621.0,0.509,0.428,0,18725.9,36,14.02,Online,Auto Refi,1,0.4678332255349374,15438,0,0,0,B,0,11235.54,2247.108,0.0
45,46108.02,0,692.0,0.272,0.628,0,28496.54,36,5.0,Branch,Personal Loan,0,0.1394591986963212,15979,0,1,1,A,1,0.0,3419.5848,3419.5848
57,61387.11,13,743.0,0.426,0.961,1,14392.48,36,9.34,Online,Personal Loan,1,0.3342426424233836,19026,0,0,0,A,0,8635.488,1727.0975999999998,0.0
45,63262.0,6,692.0,0.411,0.446,2,13392.56,36,13.56,Partner,Debt Consolidation,0,0.4097632899876616,14030,0,0,0,B,0,0.0,1607.1072,0.0
54,46847.09,19,741.0,0.307,0.394,0,8328.14,36,5.0,Online,Debt Consolidation,0,0.1080480565639462,9600,0,1,1,A,1,0.0,999.3767999999999,999.3767999999999
26,32573.53,10,673.0,0.313,0.652,0,17000.15,36,7.12,Branch,Personal Loan,0,0.2187566078330799,780,0,1,0,A,1,0.0,2040.018,2040.018
64,106635.22,0,738.0,0.604,0.518,0,23274.8,60,5.07,Online,Personal Loan,1,0.1182357999882595,13701,0,0,1,A,0,13964.88,2792.9759999999997,0.0
33,70873.32,7,746.0,0.297,0.566,0,24871.14,60,5.0,Branch,Debt Consolidation,0,0.0953413545371233,16410,0,1,1,A,1,0.0,2984.5368,2984.5368
22,75205.04,15,686.0,0.244,0.31,0,12509.37,36,5.0,Online,Auto Refi,0,0.1451765524250377,9978,0,1,1,A,1,0.0,1501.1244000000002,1501.1244000000002
56,66585.8,3,799.0,0.178,0.818,0,17544.1,36,5.0,Branch,Auto Refi,0,0.1015588505509977,1899,0,1,1,A,1,0.0,2105.292,2105.292
60,44887.5,14,658.0,0.344,0.406,0,11677.71,60,6.77,Partner,Personal Loan,0,0.243550619575783,15912,0,1,0,B,0,0.0,1401.3251999999998,0.0
58,44154.33,15,626.0,0.444,0.584,0,13967.52,36,13.91,Branch,Personal Loan,1,0.4121403253661085,14222,0,0,0,B,0,8380.512,1676.1024,0.0
31,51322.26,16,674.0,0.256,0.546,0,13781.28,36,5.28,Branch,Personal Loan,0,0.180240312489024,11519,0,1,0,A,1,0.0,1653.7536,1653.7536
45,54603.59,10,690.0,0.423,0.631,0,16008.62,36,7.22,Online,Personal Loan,0,0.2401654848278257,17856,0,0,0,A,0,0.0,1921.0344,0.0
30,55614.76,13,648.0,0.292,0.455,1,16360.4,60,11.42,Branch,Debt Consolidation,0,0.3796771796086141,12277,0,1,0,B,0,0.0,1963.2479999999998,0.0
58,60544.81,6,717.0,0.182,0.508,0,20757.26,36,5.0,Branch,Debt Consolidation,0,0.1436562353423992,5798,0,1,1,A,1,0.0,2490.8711999999996,2490.8711999999996
46,52151.24,2,663.0,0.471,0.312,0,2000.0,36,7.6,Online,Personal Loan,1,0.2293321109054476,548,0,0,0,A,0,1200.0,240.0,0.0
39,26652.37,24,639.0,0.165,0.498,1,25533.93,60,10.36,Partner,Debt Consolidation,0,0.3517354378973479,16012,0,0,0,A,0,0.0,3064.0715999999998,0.0
49,50367.3,12,752.0,0.328,0.492,0,6369.6,60,5.0,Partner,Auto Refi,0,0.1133025288893464,13470,0,1,1,B,1,0.0,764.352,764.352
64,78390.18,5,666.0,0.425,0.693,0,21475.21,36,24.6,Online,Personal Loan,0,0.6201979578349883,4253,1,0,0,A,0,0.0,2577.0251999999996,0.0
42,49135.58,19,790.0,0.165,0.455,0,20233.43,60,5.0,Online,Personal Loan,0,0.0738363660640231,10343,0,1,1,B,1,0.0,2428.0116,2428.0116
55,20000.0,0,571.0,0.176,0.091,0,3927.13,36,9.12,Online,Personal Loan,0,0.357982299587989,2393,0,0,0,A,0,0.0,471.2556,0.0
47,71148.12,12,641.0,0.216,0.331,1,22463.67,60,9.42,Branch,Debt Consolidation,0,0.30921612024946,11210,0,1,0,B,0,0.0,2695.6403999999998,0.0
59,94035.18,11,654.0,0.305,0.633,0,10234.8,36,8.58,Online,Personal Loan,0,0.2834733230345576,10833,0,1,0,B,0,0.0,1228.176,0.0
66,34899.85,22,661.0,0.378,0.425,0,21545.22,36,7.3,Branch,Auto Refi,0,0.2358668269048847,15037,0,1,0,A,1,0.0,2585.4264,2585.4264
32,113056.87,19,700.0,0.349,0.0,1,8409.5,36,5.0,Partner,Personal Loan,0,0.1343704984635295,13278,0,1,1,B,1,0.0,1009.14,1009.14
52,36087.72,20,605.0,0.368,0.156,0,19419.77,36,9.91,Partner,Auto Refi,0,0.3996264417526809,6149,0,0,0,A,0,0.0,2330.3723999999997,0.0
40,44910.53,21,736.0,0.507,0.358,0,13847.42,36,5.0,Branch,Personal Loan,0,0.129548450118193,19105,0,0,1,B,1,0.0,1661.6904,1661.6904
67,68185.64,24,627.0,0.425,0.442,1,2000.0,36,16.61,Online,Personal Loan,0,0.5159491833396809,4532,0,0,0,A,0,0.0,240.0,0.0
40,45919.53,10,654.0,0.05,0.312,0,14823.94,36,5.0,Online,Debt Consolidation,1,0.1311744880309965,14403,0,1,1,A,1,8894.364,1778.8728,-7115.4911999999995
33,81029.46,5,620.0,0.454,0.793,1,30362.39,36,22.23,Online,Debt Consolidation,1,0.7134244176560866,7778,0,0,0,B,0,18217.433999999997,3643.4867999999997,0.0
27,52350.05,9,480.0,0.274,0.258,0,18280.37,60,23.5,Online,Debt Consolidation,1,0.6686602876875443,12602,0,0,0,A,0,10968.222,2193.6443999999997,0.0
38,50555.93,22,648.0,0.276,0.575,0,18559.54,36,8.09,Online,Auto Refi,1,0.2737720341998743,8143,0,1,0,A,1,11135.724,2227.1448,-8908.5792
25,58257.5,11,735.0,0.339,0.491,0,26573.44,36,5.0,Online,Personal Loan,0,0.1000903257722032,5407,0,1,1,B,1,0.0,3188.8127999999997,3188.8127999999997
22,63227.04,6,755.0,0.432,0.296,1,6352.68,36,5.0,Online,Personal Loan,0,0.1376895693519951,208,0,0,1,A,0,0.0,762.3216,0.0
62,30324.26,24,740.0,0.299,0.742,1,10395.83,60,5.57,Partner,Auto Refi,0,0.1762211138210505,2702,0,1,1,A,1,0.0,1247.4995999999999,1247.4995999999999
40,84841.56,14,683.0,0.157,0.766,0,10472.81,36,5.0,Online,Debt Consolidation,0,0.1706261349971489,1367,0,1,1,B,1,0.0,1256.7371999999998,1256.7371999999998
64,58718.73,24,801.0,0.093,0.813,1,11913.21,60,5.0,Online,Personal Loan,0,0.1265689493741973,18162,0,1,1,B,1,0.0,1429.5851999999998,1429.5851999999998
26,48852.55,7,804.0,0.652,0.702,0,14102.0,60,5.0,Online,Auto Refi,1,0.0863714739493174,9886,0,0,1,A,0,8461.199999999999,1692.24,0.0
28,96656.34,24,503.0,0.377,0.505,1,12006.39,60,25.0,Online,Personal Loan,1,0.8103659334657051,9403,0,0,0,A,0,7203.834,1440.7667999999999,0.0
32,51751.64,23,738.0,0.483,0.206,0,23762.39,60,5.0,Branch,Debt Consolidation,0,0.1005049959154834,6043,0,0,1,B,1,0.0,2851.4867999999997,2851.4867999999997
59,69104.76,7,817.0,0.295,0.537,1,18492.11,60,5.0,Online,Personal Loan,0,0.091381268114151,5540,0,1,1,B,1,0.0,2219.0532,2219.0532
67,72045.76,14,734.0,0.34,0.478,0,13404.98,36,5.0,Partner,Auto Refi,0,0.1001225191033753,3313,0,1,1,A,1,0.0,1608.5975999999998,1608.5975999999998
22,53639.96,4,621.0,0.227,0.459,0,23301.76,36,8.76,Online,Personal Loan,0,0.3036466459689411,216,0,0,0,B,0,0.0,2796.2111999999997,0.0
41,46621.22,7,804.0,0.345,0.298,0,17952.06,60,5.0,Partner,Auto Refi,1,0.0719532458057538,6006,0,1,1,A,1,10771.236,2154.2472000000002,-8616.988800000001
57,46901.81,0,795.0,0.511,0.142,0,15326.64,60,5.0,Online,Personal Loan,0,0.0826995548630225,18078,0,0,1,A,0,0.0,1839.1968,0.0
38,32096.52,10,634.0,0.297,0.507,1,25999.1,36,13.74,Online,Personal Loan,0,0.4539141621810337,12679,0,0,0,A,0,0.0,3119.892,0.0
40,58655.09,15,674.0,0.274,0.528,0,12556.83,36,5.42,Online,Auto Refi,0,0.1746656120708106,17444,0,1,1,A,1,0.0,1506.8196,1506.8196
58,57342.8,22,562.0,0.178,0.409,2,3256.39,60,23.4,Online,Auto Refi,1,0.6596588125706742,5208,0,0,0,A,0,1953.8339999999998,390.7668,0.0
41,33793.13,8,719.0,0.147,0.16,0,14010.81,60,5.0,Online,Auto Refi,0,0.1130770556775186,17048,0,1,1,B,1,0.0,1681.2972,1681.2972
53,92406.89,3,742.0,0.321,0.274,0,24926.32,36,5.0,Online,Auto Refi,0,0.091962915040273,18863,0,1,1,B,1,0.0,2991.1584,2991.1584
65,72076.41,14,602.0,0.394,0.096,0,9719.93,36,10.13,Online,Auto Refi,1,0.3245253286955565,14967,0,0,0,B,0,5831.958,1166.3916,0.0
40,38093.83,22,609.0,0.395,0.168,0,14959.81,60,10.13,Partner,Debt Consolidation,1,0.3191985426862407,8132,0,0,0,B,0,8975.885999999999,1795.1771999999999,0.0
28,20000.0,11,785.0,0.475,0.782,0,25124.96,36,5.0,Online,Debt Consolidation,0,0.0932913704669983,3824,0,0,1,A,0,0.0,3014.9952,0.0
60,83183.82,5,754.0,0.495,0.0,0,13469.3,36,5.0,Online,Personal Loan,0,0.082176016405851,16497,0,0,1,A,0,0.0,1616.3159999999998,0.0
35,68122.21,10,769.0,0.164,0.399,1,19238.84,60,5.0,Online,Personal Loan,0,0.1064506575568521,5724,0,1,1,A,1,0.0,2308.6608,2308.6608
24,68894.05,18,725.0,0.225,0.424,1,16055.75,60,5.0,Partner,Auto Refi,0,0.1479782135868765,6948,0,1,1,A,1,0.0,1926.6899999999998,1926.6899999999998
31,94308.0,5,680.0,0.176,0.091,1,9990.62,60,5.0,Online,Personal Loan,0,0.1393253712836012,3267,0,1,1,B,1,0.0,1198.8744000000002,1198.8744000000002
66,33551.17,14,735.0,0.357,0.651,0,15665.95,36,5.0,Online,Auto Refi,1,0.0966199629337792,17087,0,1,1,A,1,9399.57,1879.914,-7519.656
48,72412.48,8,755.0,0.465,0.46,1,2000.0,60,5.0,Online,Personal Loan,0,0.1141075699025649,6482,0,0,1,A,0,0.0,240.0,0.0
61,86502.22,22,720.0,0.111,0.373,1,3158.12,36,5.0,Online,Debt Consolidation,1,0.1460224742937327,6915,0,1,1,B,1,1894.8719999999998,378.97439999999995,-1515.8975999999998
27,78268.03,9,765.0,0.101,0.503,0,15651.91,36,5.0,Partner,Auto Refi,0,0.0713797131554818,6971,0,1,1,B,1,0.0,1878.2292,1878.2292
69,62082.96,16,733.0,0.064,0.457,0,8482.13,60,5.0,Branch,Personal Loan,1,0.0935130696689091,11150,0,1,1,B,1,5089.277999999999,1017.8555999999999,-4071.4223999999995
61,64980.94,19,704.0,0.494,0.435,0,5343.58,60,5.49,Branch,Personal Loan,0,0.2470197567959927,15661,0,0,0,B,0,0.0,641.2296,0.0
65,57952.69,2,734.0,0.566,0.026,1,10397.33,36,5.0,Online,Personal Loan,0,0.113817873611389,15331,0,0,1,A,0,0.0,1247.6796,0.0
21,84030.17,21,709.0,0.341,0.438,0,30776.92,60,5.0,Partner,Auto Refi,0,0.1526582538608864,17583,0,1,1,A,1,0.0,3693.2303999999995,3693.2303999999995
24,80540.5,21,753.0,0.471,0.631,0,18168.14,36,5.0,Branch,Personal Loan,0,0.1176996787925356,10020,0,0,1,B,1,0.0,2180.1767999999997,2180.1767999999997
33,46460.84,5,641.0,0.191,0.806,0,12153.14,36,9.6,Online,Personal Loan,1,0.3430633158412298,4150,0,1,0,A,1,7291.883999999999,1458.3767999999998,-5833.507199999999
63,80706.81,16,649.0,0.428,0.59,1,18165.03,36,15.78,Online,Personal Loan,1,0.4654595803538043,12023,0,0,0,A,0,10899.017999999998,2179.8035999999997,0.0
29,67269.5,24,728.0,0.295,0.427,0,11749.24,36,5.0,Branch,Auto Refi,0,0.131321510631687,19662,0,1,1,A,1,0.0,1409.9088,1409.9088
66,20000.0,5,830.0,0.387,0.665,0,15021.52,60,5.0,Online,Debt Consolidation,0,0.0495173952785838,14000,0,1,1,B,1,0.0,1802.5824,1802.5824
24,54535.79,14,744.0,0.222,0.493,1,15070.0,60,5.0,Online,Auto Refi,0,0.1275216009957499,8229,0,1,1,A,1,0.0,1808.3999999999999,1808.3999999999999
25,75096.52,7,642.0,0.215,0.445,0,20464.71,36,6.48,Online,Personal Loan,1,0.2180707016348014,10448,0,1,0,B,0,12278.826,2455.7652,0.0
26,75539.36,12,741.0,0.416,0.368,0,4053.75,60,5.0,Branch,Personal Loan,0,0.099095195898578,3341,0,0,1,A,0,0.0,486.45,0.0
40,80126.88,14,741.0,0.196,0.491,1,17359.01,60,5.0,Online,Personal Loan,0,0.1185447664315732,16871,0,1,1,A,1,0.0,2083.0811999999996,2083.0811999999996
69,56850.6,8,638.0,0.323,0.554,1,12770.97,60,14.42,Partner,Auto Refi,0,0.4001747837750747,9620,0,0,0,A,0,0.0,1532.5164,0.0
62,85263.85,10,626.0,0.452,0.303,0,20914.91,36,10.92,Online,Personal Loan,1,0.3031044189482496,2170,0,0,0,B,0,12548.946,2509.7891999999997,0.0
26,76050.19,5,708.0,0.274,0.584,0,26287.77,36,5.0,Branch,Debt Consolidation,0,0.1450042590309311,14858,0,1,1,A,1,0.0,3154.5324,3154.5324
58,38575.03,18,595.0,0.545,0.312,0,11408.18,36,16.58,Online,Debt Consolidation,1,0.5602895572788299,651,0,0,0,B,0,6844.908,1368.9816,0.0
24,50964.25,21,786.0,0.572,0.407,0,11980.78,36,5.0,Branch,Debt Consolidation,0,0.1070096251207018,16667,0,0,1,B,1,0.0,1437.6936,1437.6936
65,91289.27,20,774.0,0.319,0.408,0,20275.06,60,5.0,Online,Personal Loan,0,0.07389468295853,15368,0,1,1,B,1,0.0,2433.0072,2433.0072
67,71589.94,3,673.0,0.405,0.591,1,10312.67,60,12.48,Partner,Debt Consolidation,0,0.4002633157189392,11046,0,0,0,A,0,0.0,1237.5203999999999,0.0
28,69930.49,2,723.0,0.296,0.698,0,23658.66,60,5.0,Branch,Debt Consolidation,0,0.1227185177384806,18766,0,1,1,A,1,0.0,2839.0391999999997,2839.0391999999997
49,87158.45,17,663.0,0.114,0.094,0,27418.32,60,5.0,Partner,Auto Refi,1,0.1418279071157295,8737,0,1,1,A,1,16450.992,3290.1983999999998,-13160.793599999999
24,95811.05,22,738.0,0.364,0.129,0,12853.63,36,5.0,Online,Personal Loan,0,0.0937925953711787,11923,0,1,1,A,1,0.0,1542.4355999999998,1542.4355999999998
57,28377.93,12,581.0,0.192,0.532,0,17098.49,36,13.16,Online,Auto Refi,0,0.4301123527811272,11688,0,0,0,B,0,0.0,2051.8188,0.0
69,78329.28,7,586.0,0.459,0.795,0,10439.0,36,21.48,Online,Debt Consolidation,1,0.6439365128576338,5468,0,0,0,B,0,6263.4,1252.68,0.0
54,88693.86,6,743.0,0.455,0.491,0,26454.14,36,5.0,Partner,Debt Consolidation,0,0.1046309471706808,7678,0,0,1,B,1,0.0,3174.4968,3174.4968
31,84230.8,1,665.0,0.339,0.606,0,17109.36,60,7.88,Online,Auto Refi,0,0.2428146782387137,10573,0,1,0,A,1,0.0,2053.1232,2053.1232
64,67834.37,18,626.0,0.316,0.322,0,2168.86,60,8.52,Branch,Auto Refi,1,0.2561001789958894,18418,0,0,0,B,0,1301.316,260.2632,0.0
27,80769.67,18,780.0,0.404,0.488,0,18371.72,60,5.0,Partner,Debt Consolidation,0,0.0817997732600038,13234,0,0,1,A,0,0.0,2204.6064,0.0
46,81830.8,6,540.0,0.235,0.581,0,9492.04,36,19.53,Online,Debt Consolidation,1,0.5901943664633202,7501,0,0,0,B,0,5695.224,1139.0448000000001,0.0
63,113757.72,2,623.0,0.295,0.363,0,16861.46,36,8.83,Branch,Auto Refi,0,0.2615958959288979,2298,0,0,0,A,0,0.0,2023.3751999999997,0.0
69,25112.25,19,660.0,0.381,0.533,3,23036.71,36,22.64,Branch,Personal Loan,1,0.6333179694363402,2258,0,0,0,A,0,13822.026,2764.4051999999997,0.0
30,83689.9,15,819.0,0.366,0.413,0,16606.12,60,5.0,Partner,Auto Refi,0,0.0783316267151849,12740,0,1,1,B,1,0.0,1992.7343999999998,1992.7343999999998
68,71392.19,9,637.0,0.131,0.473,1,18726.77,60,9.71,Online,Personal Loan,0,0.2701950027039098,1616,0,0,0,B,0,0.0,2247.2124,0.0
43,55862.75,22,588.0,0.24,0.584,0,14348.42,60,13.96,Branch,Personal Loan,1,0.4417907168390385,4401,0,0,0,B,0,8609.052,1721.8103999999998,0.0
56,60878.83,17,734.0,0.199,0.458,0,26742.24,60,5.0,Branch,Personal Loan,0,0.1081926459615798,11081,0,1,1,B,1,0.0,3209.0688,3209.0688
52,67187.16,8,712.0,0.317,0.672,0,20503.67,36,5.0,Online,Personal Loan,0,0.1323637634149253,16765,0,1,1,A,1,0.0,2460.4403999999995,2460.4403999999995
51,81911.81,11,742.0,0.281,0.669,0,2000.0,36,5.0,Online,Personal Loan,0,0.0896390620733234,17418,0,1,1,B,1,0.0,240.0,240.0
64,70632.06,2,706.0,0.358,0.654,1,23915.81,36,8.75,Online,Personal Loan,0,0.2831985993063328,5664,0,1,0,B,0,0.0,2869.8972,0.0
67,39548.46,4,778.0,0.4,0.403,0,5924.97,60,5.0,Online,Auto Refi,0,0.0841244035927898,17362,0,1,1,B,1,0.0,710.9964,710.9964
40,76195.29,12,588.0,0.08,0.44,1,23130.03,36,13.7,Branch,Personal Loan,1,0.4077505306855716,15244,0,0,0,A,0,13878.017999999998,2775.6036,0.0
35,71586.47,13,783.0,0.328,0.619,0,22338.33,36,5.0,Branch,Personal Loan,0,0.0794704692181,3302,0,1,1,A,1,0.0,2680.5996,2680.5996
49,80793.46,15,768.0,0.067,0.387,0,5487.5,36,5.0,Online,Auto Refi,0,0.0732488474434356,4167,0,1,1,B,1,0.0,658.5,658.5
22,42861.5,19,736.0,0.287,0.238,0,5254.86,60,5.0,Online,Personal Loan,0,0.0843009195350756,4698,0,1,1,A,1,0.0,630.5831999999999,630.5831999999999
30,54573.87,5,564.0,0.327,0.65,0,12867.76,36,19.51,Online,Debt Consolidation,1,0.5788064682150761,18792,0,0,0,B,0,7720.656,1544.1312,0.0
32,28629.87,0,697.0,0.521,0.279,0,8277.78,60,5.23,Branch,Debt Consolidation,1,0.1938145186318546,6012,0,0,0,A,0,4966.668000000001,993.3336,0.0
32,72324.61,16,702.0,0.436,0.652,0,26050.03,60,6.56,Branch,Auto Refi,0,0.2316103415825005,1185,0,0,0,A,0,0.0,3126.0035999999996,0.0
58,90051.01,2,627.0,0.358,0.204,0,13498.16,36,7.98,Online,Personal Loan,0,0.2576319131146035,12080,0,0,0,A,0,0.0,1619.7792,0.0
36,103277.91,12,655.0,0.346,0.276,1,9940.31,60,9.87,Branch,Personal Loan,1,0.3126483556842151,13035,0,1,0,A,1,5964.186,1192.8372,-4771.3488
23,58891.9,4,784.0,0.464,0.611,0,14067.85,36,5.0,Partner,Auto Refi,0,0.0765145025758038,19578,0,0,1,B,1,0.0,1688.142,1688.142
43,45567.74,2,626.0,0.172,0.916,0,10971.76,60,12.02,Partner,Personal Loan,1,0.4461493156003417,7770,0,0,0,B,0,6583.056,1316.6112,0.0
33,70887.79,19,691.0,0.265,0.434,0,12013.26,60,5.0,Partner,Personal Loan,0,0.1614070142796644,13591,0,1,1,B,1,0.0,1441.5912,1441.5912
59,82109.21,22,820.0,0.402,0.692,1,20145.63,36,5.0,Online,Auto Refi,0,0.1044086959705607,15030,0,0,1,A,0,0.0,2417.4756,0.0
57,68875.68,2,641.0,0.377,0.672,0,13466.79,36,11.79,Branch,Debt Consolidation,0,0.3793098900436652,13014,0,1,0,B,0,0.0,1616.0148000000002,0.0
49,53682.09,1,644.0,0.416,0.4,1,16338.61,36,13.85,Branch,Personal Loan,0,0.4501296421334116,4169,0,0,0,B,0,0.0,1960.6332,0.0
27,50969.89,1,643.0,0.319,0.056,0,26778.57,36,5.0,Online,Personal Loan,0,0.1345510706669078,2661,0,1,1,B,1,0.0,3213.4284,3213.4284
69,71601.38,8,691.0,0.504,0.391,1,3184.79,60,10.29,Branch,Personal Loan,0,0.3086839914565202,3573,0,0,0,A,0,0.0,382.1748,0.0
51,80865.23,13,796.0,0.268,0.532,0,25686.79,36,5.0,Online,Debt Consolidation,0,0.0814328039025662,1150,0,1,1,A,1,0.0,3082.4148,3082.4148
67,69964.18,0,642.0,0.307,0.535,0,19461.92,60,8.84,Online,Debt Consolidation,0,0.2788670290228309,3379,0,1,0,A,1,0.0,2335.4303999999997,2335.4303999999997
28,58381.56,24,792.0,0.183,0.318,0,13403.89,60,5.0,Branch,Debt Consolidation,0,0.0728157201647036,9961,0,1,1,B,1,0.0,1608.4668,1608.4668
54,35999.07,7,714.0,0.559,0.389,0,20580.61,60,5.27,Online,Personal Loan,0,0.2173847085354765,19971,0,0,0,B,0,0.0,2469.6732,0.0
51,72145.47,11,766.0,0.468,0.653,0,15291.49,36,5.0,Online,Debt Consolidation,0,0.0802252255376511,1974,0,0,1,B,1,0.0,1834.9787999999999,1834.9787999999999
26,74292.81,16,799.0,0.326,0.466,0,7933.57,36,5.0,Branch,Personal Loan,1,0.0815574967035517,14104,0,1,1,A,1,4760.142,952.0283999999999,-3808.1135999999997
56,78179.72,11,710.0,0.4,0.587,0,9035.28,60,5.0,Partner,Personal Loan,0,0.1497242281679728,9334,0,1,1,A,1,0.0,1084.2336,1084.2336
40,38558.31,3,691.0,0.358,0.208,0,8041.45,60,5.0,Online,Personal Loan,0,0.1419217382513938,5322,0,1,1,B,1,0.0,964.9739999999999,964.9739999999999
35,90811.7,14,809.0,0.189,0.649,1,6130.82,36,5.0,Online,Debt Consolidation,0,0.085210082173529,417,0,1,1,A,1,0.0,735.6984,735.6984
22,50920.12,16,726.0,0.476,0.665,0,14398.71,36,5.33,Branch,Personal Loan,0,0.1640883672199279,9057,0,0,1,A,0,0.0,1727.8451999999997,0.0
58,83142.44,8,736.0,0.383,0.523,0,16633.21,60,5.0,Online,Debt Consolidation,0,0.1057977828253764,15845,0,1,1,A,1,0.0,1995.9851999999998,1995.9851999999998
37,65992.91,11,716.0,0.481,0.016,1,14596.5,60,5.0,Online,Debt Consolidation,0,0.1581569289158051,18697,0,0,1,A,0,0.0,1751.58,0.0
49,28773.05,14,691.0,0.398,0.142,0,15940.04,36,5.0,Branch,Debt Consolidation,0,0.1586776628469542,7749,0,1,1,B,1,0.0,1912.8048000000001,1912.8048000000001
51,60290.99,22,636.0,0.135,0.364,0,17238.76,36,5.12,Online,Personal Loan,0,0.1554591806568474,12604,0,0,1,A,0,0.0,2068.6512,0.0
23,55762.72,8,663.0,0.294,0.647,0,7663.32,60,7.65,Online,Personal Loan,0,0.2233124514434265,8469,0,1,0,A,1,0.0,919.5984,919.5984
47,42824.26,1,583.0,0.503,0.655,0,17168.48,36,21.09,Online,Auto Refi,1,0.6002389135916318,8915,0,0,0,A,0,10301.088,2060.2176,0.0
25,55165.32,4,678.0,0.417,0.867,0,2000.0,36,10.67,Online,Debt Consolidation,0,0.3459454975085212,11943,0,0,0,A,0,0.0,240.0,0.0
48,76580.54,7,565.0,0.403,0.187,1,12889.86,60,20.43,Branch,Personal Loan,1,0.5719169044530709,19765,0,0,0,B,0,7733.916,1546.7832,0.0
69,58225.74,24,786.0,0.283,0.468,0,22601.69,36,5.0,Branch,Personal Loan,0,0.0816880740143518,13920,0,1,1,B,1,0.0,2712.2027999999996,2712.2027999999996
69,67391.71,11,676.0,0.279,0.704,1,26594.96,36,10.86,Online,Personal Loan,0,0.3163789371094921,11614,0,1,0,A,1,0.0,3191.3952,3191.3952
69,56283.56,3,707.0,0.2,0.505,0,20588.67,36,5.0,Online,Personal Loan,1,0.1350375424848231,4875,0,1,1,A,1,12353.202,2470.6403999999998,-9882.561599999999
49,88348.56,1,646.0,0.369,0.382,1,21039.76,36,12.42,Online,Personal Loan,0,0.3829505590568944,6661,0,1,0,A,1,0.0,2524.7711999999997,2524.7711999999997
58,82571.75,13,556.0,0.456,0.65,0,13905.95,60,23.08,Partner,Personal Loan,0,0.6105976495364365,5721,0,0,0,A,0,0.0,1668.714,0.0
34,41713.77,24,773.0,0.415,0.679,0,22660.64,36,5.0,Online,Personal Loan,0,0.0867769256747333,13363,0,0,1,A,0,0.0,2719.2767999999996,0.0
65,67677.44,19,761.0,0.177,0.792,2,5642.07,36,5.79,Partner,Auto Refi,0,0.1537622505063506,2983,0,0,1,A,0,0.0,677.0483999999999,0.0
28,52869.23,17,818.0,0.166,0.033,0,13186.92,60,5.0,Branch,Personal Loan,0,0.0582375875954505,11011,0,1,1,B,1,0.0,1582.4304,1582.4304
43,38808.75,21,571.0,0.284,0.335,0,14527.84,36,13.97,Partner,Auto Refi,0,0.4316061279225691,3320,0,0,0,A,0,0.0,1743.3408,0.0
49,55828.97,17,515.0,0.42,0.722,1,13529.03,36,25.0,Online,Personal Loan,0,0.7853951372523365,2,0,0,0,B,0,0.0,1623.4836,0.0
27,96225.29,15,490.0,0.259,0.705,0,19078.45,36,25.0,Online,Personal Loan,0,0.8258368203115697,16402,0,0,0,B,0,0.0,2289.414,0.0
65,32323.59,10,701.0,0.37,0.579,0,11949.36,60,5.11,Online,Debt Consolidation,1,0.1552815139529894,13862,0,1,1,A,1,7169.616,1433.9232,-5735.6928
39,69072.58,21,688.0,0.374,0.781,0,4717.55,36,8.02,Partner,Personal Loan,0,0.3002304353924699,5074,0,1,0,B,0,0.0,566.106,0.0
65,77682.97,10,750.0,0.225,0.109,0,14774.98,36,5.0,Online,Auto Refi,0,0.0739764127385388,15919,0,1,1,B,1,0.0,1772.9976,1772.9976
34,57643.85,21,723.0,0.375,0.681,0,17904.91,60,5.0,Branch,Debt Consolidation,0,0.1446340425426578,1675,0,1,1,B,1,0.0,2148.5892,2148.5892
32,47496.37,17,711.0,0.489,0.413,1,19280.38,36,8.29,Branch,Debt Consolidation,0,0.2888702103115602,7594,0,0,0,B,0,0.0,2313.6456,0.0
38,91055.67,20,713.0,0.17,0.388,0,15211.52,60,5.0,Partner,Personal Loan,0,0.1569907899526301,86,0,1,1,B,1,0.0,1825.3824,1825.3824
38,56955.44,15,754.0,0.493,0.595,0,9533.22,60,5.0,Partner,Debt Consolidation,0,0.1011898619126545,12783,0,0,1,B,1,0.0,1143.9863999999998,1143.9863999999998
46,63027.89,12,782.0,0.209,0.555,0,24851.07,36,5.0,Branch,Auto Refi,0,0.0736708533565715,2429,0,1,1,A,1,0.0,2982.1284,2982.1284
63,22063.58,23,584.0,0.315,0.433,0,11115.77,36,14.21,Online,Personal Loan,0,0.4249940410258944,862,0,0,0,B,0,0.0,1333.8924,0.0
63,43501.89,13,643.0,0.377,0.309,0,20683.29,60,7.87,Online,Auto Refi,0,0.2912122224739852,12039,0,1,0,B,0,0.0,2481.9948,0.0
49,46027.6,11,708.0,0.351,0.742,0,25197.28,60,5.55,Online,Personal Loan,0,0.1767516634878637,15022,0,1,1,B,1,0.0,3023.6735999999996,3023.6735999999996
54,64484.73,17,796.0,0.302,0.461,1,17202.75,60,5.0,Online,Auto Refi,0,0.1053404931825455,14421,0,1,1,A,1,0.0,2064.33,2064.33
23,72951.11,16,739.0,0.538,0.404,0,25164.21,60,5.0,Branch,Personal Loan,0,0.1164406737672557,18839,0,0,1,B,1,0.0,3019.7052,3019.7052
26,42514.45,3,659.0,0.204,0.655,0,19214.25,36,6.65,Partner,Auto Refi,1,0.2212593403375627,14886,0,1,0,A,1,11528.55,2305.71,-9222.84
43,63178.49,16,693.0,0.452,0.0,1,10587.66,60,5.61,Online,Auto Refi,0,0.1625727167789577,1365,0,0,1,B,1,0.0,1270.5192,1270.5192
35,30857.65,4,624.0,0.511,0.182,1,26880.45,36,15.72,Branch,Debt Consolidation,0,0.5384158173490391,6248,0,0,0,A,0,0.0,3225.654,0.0
62,44343.73,16,830.0,0.232,0.481,0,14734.18,60,5.0,Online,Personal Loan,0,0.0455598957667154,2068,0,1,1,A,1,0.0,1768.1016,1768.1016
54,70034.78,7,659.0,0.398,0.378,0,21439.39,36,7.31,Branch,Personal Loan,0,0.2510273190380683,16515,0,1,0,B,0,0.0,2572.7268,0.0
41,69506.44,12,747.0,0.322,0.158,1,6866.93,36,5.0,Branch,Debt Consolidation,0,0.1228417811608202,795,0,1,1,B,1,0.0,824.0316,824.0316
51,68548.42,13,739.0,0.42,0.247,0,16100.48,36,5.0,Online,Debt Consolidation,0,0.1012587565864895,11393,0,0,1,A,0,0.0,1932.0575999999999,0.0
21,76043.07,0,649.0,0.335,0.472,1,14606.81,36,12.45,Online,Auto Refi,0,0.3907503011712085,2584,0,1,0,B,0,0.0,1752.8172,0.0
52,87150.27,19,747.0,0.296,0.518,0,14763.67,36,5.0,Online,Personal Loan,1,0.098004179180768,2514,0,1,1,A,1,8858.202,1771.6404,-7086.561599999999
65,61328.31,2,670.0,0.074,0.233,0,10668.03,36,5.0,Online,Personal Loan,0,0.1283783199834578,2239,0,1,1,A,1,0.0,1280.1636,1280.1636
53,72949.74,9,813.0,0.351,0.416,0,9437.8,60,5.0,Online,Personal Loan,0,0.0628530812785036,8362,0,1,1,A,1,0.0,1132.5359999999998,1132.5359999999998
25,74619.99,23,664.0,0.511,0.565,2,16017.48,36,25.0,Partner,Auto Refi,1,0.7398543497647314,758,1,0,0,A,0,9610.488,1922.0975999999998,0.0
32,63994.45,10,682.0,0.23,0.64,0,12034.59,60,5.06,Online,Auto Refi,0,0.1553273166109166,13266,0,1,1,A,1,0.0,1444.1508,1444.1508
45,86218.41,20,695.0,0.351,0.319,0,19085.4,60,5.0,Online,Debt Consolidation,0,0.1506944672688245,8812,0,1,1,B,1,0.0,2290.248,2290.248
68,66252.97,12,799.0,0.357,0.555,0,9177.81,36,5.0,Online,Debt Consolidation,0,0.0766874561656885,5061,0,1,1,A,1,0.0,1101.3372,1101.3372
36,30495.77,1,756.0,0.294,0.689,1,18424.79,60,5.0,Partner,Auto Refi,0,0.1143308060282044,12100,0,1,1,A,1,0.0,2210.9748,2210.9748
37,79923.21,13,807.0,0.312,0.253,1,4411.14,36,5.0,Online,Personal Loan,0,0.0830878494101255,14661,0,1,1,B,1,0.0,529.3368,529.3368
26,53374.37,14,750.0,0.519,0.504,0,23277.9,60,5.0,Online,Personal Loan,0,0.112607780398381,989,0,0,1,A,0,0.0,2793.348,0.0
56,82552.66,20,796.0,0.215,0.387,1,22837.54,36,5.0,Branch,Personal Loan,0,0.1007681771454167,12595,0,1,1,B,1,0.0,2740.5048,2740.5048
42,52017.37,2,640.0,0.301,0.148,0,24128.7,60,5.49,Branch,Auto Refi,0,0.1717904652831652,9095,0,1,1,B,1,0.0,2895.444,2895.444
65,84290.87,10,633.0,0.103,0.687,1,7921.48,36,11.88,Online,Personal Loan,0,0.2966552322793526,15925,0,0,0,B,0,0.0,950.5776,0.0
31,20000.0,10,690.0,0.195,0.019,0,11747.46,60,5.0,Online,Debt Consolidation,1,0.1285993137154366,16484,0,1,1,A,1,7048.476,1409.6951999999999,-5638.7807999999995
64,116801.84,24,520.0,0.349,0.703,0,17258.49,36,25.0,Online,Personal Loan,1,0.8912946225616517,1196,0,0,0,A,0,10355.094000000001,2071.0188000000003,0.0
60,85463.01,7,554.0,0.05,0.671,1,18824.16,60,19.9,Partner,Personal Loan,1,0.6187612113325888,8334,0,0,0,A,0,11294.496,2258.8992,0.0
63,43174.88,18,830.0,0.451,0.382,0,8255.47,36,5.0,Online,Debt Consolidation,0,0.0430232755307707,11240,0,0,1,B,1,0.0,990.6563999999998,990.6563999999998
36,67816.9,20,649.0,0.225,0.375,0,22710.76,36,5.45,Partner,Personal Loan,0,0.1896488506060633,15965,0,1,0,A,1,0.0,2725.2911999999997,2725.2911999999997
65,58313.04,14,630.0,0.443,0.42,0,14334.34,36,11.54,Online,Personal Loan,1,0.3391166062292531,5885,0,0,0,B,0,8600.604,1720.1208,0.0
42,37014.74,23,677.0,0.398,0.266,0,28560.12,60,5.0,Partner,Personal Loan,1,0.1644342580718228,17420,0,1,1,A,1,17136.072,3427.2144,-13708.8576
52,100550.9,9,702.0,0.237,0.206,0,6480.53,36,5.0,Online,Auto Refi,0,0.1544987232323212,220,0,1,1,B,1,0.0,777.6636,777.6636
68,59728.9,10,572.0,0.05,0.661,0,3406.61,60,25.0,Online,Personal Loan,1,0.6173413876298801,1198,1,0,0,A,0,2043.966,408.7932,0.0
59,61100.97,8,713.0,0.41,0.321,1,18742.03,60,5.97,Branch,Personal Loan,1,0.2043163382000222,1545,0,0,0,A,0,11245.217999999999,2249.0436,0.0
27,89570.8,11,669.0,0.262,0.592,0,6836.14,36,6.16,Online,Personal Loan,0,0.1973079274902564,12339,0,1,0,A,1,0.0,820.3368,820.3368
21,70862.41,7,652.0,0.33,0.713,0,3904.13,36,24.39,Branch,Personal Loan,1,0.712354573085718,3874,1,0,0,B,0,2342.478,468.49559999999997,0.0
58,82844.03,23,604.0,0.447,0.179,1,15290.23,60,16.69,Partner,Personal Loan,0,0.4681947203197518,19046,0,0,0,B,0,0.0,1834.8275999999998,0.0
23,54890.28,22,587.0,0.386,0.489,0,13123.03,60,16.12,Online,Personal Loan,0,0.4653624438085105,2494,0,0,0,A,0,0.0,1574.7636,0.0
54,75761.73,13,682.0,0.169,0.138,0,18342.94,36,5.0,Partner,Debt Consolidation,0,0.1508447890366198,18348,0,1,1,A,1,0.0,2201.1528,2201.1528
32,42616.73,8,703.0,0.431,0.562,1,12285.96,60,9.52,Online,Personal Loan,0,0.3170475803690292,634,0,0,0,B,0,0.0,1474.3151999999998,0.0
65,76928.96,5,653.0,0.278,0.67,1,21226.32,36,13.0,Branch,Personal Loan,1,0.3729158216935417,4251,0,1,0,B,0,12735.792,2547.1584,0.0
30,56018.31,22,653.0,0.204,0.144,1,6298.68,36,6.33,Branch,Personal Loan,0,0.2419612519153929,19687,0,1,0,B,0,0.0,755.8416,0.0
52,73400.58,12,651.0,0.411,0.334,0,9763.02,60,7.94,Branch,Personal Loan,1,0.2985912234426349,4296,0,0,0,A,0,5857.812,1171.5624,0.0
56,68404.18,9,701.0,0.432,0.58,0,11708.36,60,5.99,Online,Personal Loan,0,0.2227097700030124,729,0,0,0,B,0,0.0,1405.0032,0.0
62,84921.45,1,631.0,0.489,0.469,0,18337.11,36,12.93,Branch,Debt Consolidation,0,0.4052907644014009,10230,0,0,0,A,0,0.0,2200.4532,0.0
41,65068.32,13,731.0,0.161,0.166,2,16745.8,36,5.0,Online,Auto Refi,0,0.1539456851600834,18193,0,0,1,B,1,0.0,2009.4959999999999,2009.4959999999999
54,42518.59,14,666.0,0.313,0.523,0,6122.54,36,6.58,Branch,Personal Loan,0,0.2473691195384592,3904,0,1,0,A,1,0.0,734.7048,734.7048
66,87376.86,16,753.0,0.535,0.645,0,14068.53,36,5.0,Online,Debt Consolidation,0,0.1289611754557805,14517,0,0,1,B,1,0.0,1688.2236,1688.2236
35,61677.01,23,741.0,0.141,0.625,0,19343.97,60,5.0,Partner,Debt Consolidation,0,0.0874231432902201,12170,0,1,1,B,1,0.0,2321.2764,2321.2764
21,42873.5,15,743.0,0.503,0.552,0,21053.9,60,5.0,Online,Personal Loan,1,0.1166647865622466,138,0,0,1,B,1,12632.34,2526.4680000000003,-10105.872
69,70162.86,3,823.0,0.447,0.435,1,17280.21,60,5.0,Online,Auto Refi,0,0.098598046358193,4436,0,0,1,B,1,0.0,2073.6252,2073.6252
62,58900.4,21,776.0,0.231,0.374,1,12806.03,36,9.08,Online,Personal Loan,0,0.3314263252898926,888,1,0,0,B,0,0.0,1536.7236,0.0
51,89750.01,22,607.0,0.326,0.34,0,11474.22,36,10.86,Online,Debt Consolidation,0,0.3453890003421109,10125,0,0,0,A,0,0.0,1376.9063999999998,0.0
23,78590.71,24,650.0,0.475,0.527,1,5949.49,36,15.94,Online,Auto Refi,1,0.541488156740934,4078,0,0,0,B,0,3569.694,713.9387999999999,0.0
26,51031.96,3,690.0,0.417,0.488,2,2000.0,60,14.49,Online,Personal Loan,0,0.3372571921324664,12378,0,0,0,B,0,0.0,240.0,0.0
43,85673.06,5,648.0,0.263,0.134,0,14512.96,36,5.0,Partner,Auto Refi,0,0.1486674478932211,12684,0,1,1,B,1,0.0,1741.5551999999998,1741.5551999999998
55,70605.63,15,749.0,0.337,0.708,0,2000.0,36,5.0,Online,Personal Loan,0,0.0965268683816616,3053,0,1,1,A,1,0.0,240.0,240.0
56,78625.58,10,672.0,0.356,0.314,0,16474.28,36,5.06,Online,Personal Loan,0,0.1477391899930851,11374,0,1,1,B,1,0.0,1976.9135999999999,1976.9135999999999
48,53744.46,21,564.0,0.413,0.341,0,14252.85,36,17.65,Partner,Debt Consolidation,1,0.5016013126210038,8457,0,0,0,A,0,8551.71,1710.3419999999999,0.0
31,60284.99,16,735.0,0.331,0.542,0,19700.99,36,5.0,Online,Personal Loan,0,0.0979905358435853,4185,0,1,1,B,1,0.0,2364.1188,2364.1188
58,74677.29,13,679.0,0.465,0.651,1,15897.38,60,13.74,Branch,Auto Refi,0,0.3690287446497247,17944,0,0,0,B,0,0.0,1907.6855999999998,0.0
26,69924.08,15,626.0,0.261,0.637,0,8545.14,36,10.75,Online,Personal Loan,0,0.3319149295798484,16973,0,0,0,A,0,0.0,1025.4168,0.0
26,68383.85,17,560.0,0.2,0.098,0,12537.84,36,10.85,Branch,Debt Consolidation,1,0.3256890203271594,12451,0,0,0,B,0,7522.704,1504.5408,0.0
57,56809.61,12,480.0,0.217,0.359,0,19448.63,60,23.46,Online,Personal Loan,1,0.6591015190935131,1217,0,0,0,A,0,11669.178,2333.8356,0.0
28,61511.52,0,729.0,0.385,0.184,2,25922.43,36,6.64,Online,Personal Loan,1,0.2280367749412017,19923,0,0,0,A,0,15553.457999999999,3110.6916,0.0
62,59719.92,9,711.0,0.317,0.25,0,22605.14,60,5.0,Online,Auto Refi,0,0.1454882029286183,13774,0,1,1,B,1,0.0,2712.6168,2712.6168
36,76800.83,0,685.0,0.365,0.838,1,15782.2,36,25.0,Online,Debt Consolidation,1,0.8224894146335923,16986,1,0,0,A,0,9469.32,1893.864,0.0
58,39401.26,18,662.0,0.252,0.769,0,2790.66,36,8.2,Online,Personal Loan,0,0.2664427094036795,8806,0,1,0,B,0,0.0,334.87919999999997,0.0
42,50156.84,15,709.0,0.245,0.236,0,12672.23,60,5.0,Online,Personal Loan,0,0.1298997736099448,19864,0,1,1,B,1,0.0,1520.6676,1520.6676
39,60148.54,15,720.0,0.346,0.222,0,24141.94,60,5.0,Online,Personal Loan,0,0.1371441017091914,9776,0,1,1,A,1,0.0,2897.0328,2897.0328
35,88831.33,9,681.0,0.487,0.416,1,17362.83,60,11.35,Partner,Auto Refi,0,0.3524805457091646,16963,0,0,0,A,0,0.0,2083.5396,0.0
65,71805.85,15,693.0,0.139,0.289,0,28924.36,36,5.0,Online,Personal Loan,0,0.1042651301878623,3818,0,1,1,A,1,0.0,3470.9231999999997,3470.9231999999997
32,50669.62,11,653.0,0.397,0.411,1,11803.89,36,12.56,Online,Auto Refi,0,0.4189603725074998,4893,0,1,0,A,1,0.0,1416.4668,1416.4668
60,65772.98,1,666.0,0.196,0.431,1,13630.76,60,7.59,Branch,Personal Loan,0,0.2380118077842337,12811,0,1,0,B,0,0.0,1635.6912,0.0
25,73218.62,19,632.0,0.213,0.643,0,24157.74,60,9.26,Branch,Auto Refi,1,0.314012950681602,11472,0,0,0,B,0,14494.644,2898.9288,0.0
37,74407.97,13,567.0,0.381,0.491,1,16819.25,36,23.19,Online,Personal Loan,1,0.6308732194596022,8125,0,0,0,A,0,10091.55,2018.31,0.0
53,46286.79,14,680.0,0.28,0.218,0,14043.64,36,5.0,Online,Debt Consolidation,0,0.1532505129549846,11557,0,1,1,B,1,0.0,1685.2368,1685.2368
68,58852.74,24,666.0,0.231,0.141,0,12929.76,36,5.0,Online,Debt Consolidation,0,0.1431357470354822,15285,0,1,1,B,1,0.0,1551.5711999999999,1551.5711999999999
41,65649.69,23,675.0,0.456,0.418,1,15891.71,36,11.4,Branch,Personal Loan,0,0.3454922655768543,2832,0,0,0,B,0,0.0,1907.0051999999998,0.0
30,63033.25,5,645.0,0.491,0.696,1,4599.94,36,18.91,Online,Debt Consolidation,0,0.6394734802294884,19312,0,0,0,B,0,0.0,551.9928,0.0
29,61920.71,11,693.0,0.196,0.504,1,10465.33,60,5.93,Online,Auto Refi,0,0.2047867797572813,193,0,1,0,A,1,0.0,1255.8396,1255.8396
34,39413.77,9,735.0,0.553,0.132,0,10807.36,60,5.0,Online,Auto Refi,0,0.1226335253952201,19742,0,0,1,A,0,0.0,1296.8832,0.0
51,74421.13,4,746.0,0.295,0.436,0,12260.36,36,5.0,Online,Personal Loan,1,0.103266390152596,16789,0,1,1,B,1,7356.216,1471.2432000000001,-5884.9728000000005
36,48081.72,17,681.0,0.323,0.74,0,15697.68,60,7.44,Branch,Personal Loan,0,0.2327757004227799,4778,0,1,0,A,1,0.0,1883.7215999999999,1883.7215999999999
39,80229.38,1,706.0,0.388,0.073,0,19593.43,36,5.0,Partner,Personal Loan,0,0.1236183256337623,15088,0,1,1,A,1,0.0,2351.2116,2351.2116
64,64718.79,2,644.0,0.449,0.524,0,22732.54,36,11.23,Online,Auto Refi,1,0.3538966273119912,4021,0,0,0,A,0,13639.524,2727.9048,0.0
48,45587.61,2,741.0,0.397,0.385,0,25381.63,36,5.0,Online,Personal Loan,0,0.1033103476317885,13281,0,1,1,B,1,0.0,3045.7956,3045.7956
40,53466.28,3,669.0,0.352,0.693,0,18423.92,36,8.61,Branch,Personal Loan,0,0.2899732408953359,8756,0,1,0,B,0,0.0,2210.8704,0.0
40,57473.43,1,687.0,0.374,0.185,0,15734.94,60,5.0,Branch,Auto Refi,0,0.1409941921280613,15385,0,1,1,B,1,0.0,1888.1928,1888.1928
53,31569.59,7,702.0,0.063,0.534,0,23106.5,60,5.0,Branch,Personal Loan,0,0.152045208439456,13460,0,1,1,A,1,0.0,2772.7799999999997,2772.7799999999997
26,41450.89,16,648.0,0.399,0.582,0,14179.67,60,10.46,Online,Personal Loan,0,0.3185416758963169,12487,0,1,0,B,0,0.0,1701.5603999999998,0.0
25,72960.79,5,617.0,0.233,0.661,0,26363.87,60,11.42,Online,Personal Loan,1,0.3520731060459945,18648,0,0,0,B,0,15818.321999999998,3163.6643999999997,0.0
37,53216.08,13,713.0,0.099,0.311,0,14915.66,36,5.0,Partner,Personal Loan,1,0.120473764686621,8134,0,1,1,A,1,8949.395999999999,1789.8791999999999,-7159.516799999999
47,52693.31,4,545.0,0.467,0.224,1,21949.44,36,24.43,Online,Debt Consolidation,1,0.6435135414642958,13845,0,0,0,B,0,13169.663999999999,2633.9327999999996,0.0
32,47908.17,4,697.0,0.274,0.606,0,14803.95,60,16.82,Online,Personal Loan,0,0.4737188955861272,16465,1,0,0,B,0,0.0,1776.474,0.0
64,48913.08,23,626.0,0.215,0.248,0,13554.12,36,6.18,Online,Personal Loan,0,0.1839794428969565,16938,0,0,0,A,0,0.0,1626.4944,0.0
22,39182.8,0,632.0,0.324,0.002,0,16677.37,60,5.29,Online,Personal Loan,0,0.1462089661382389,1143,0,0,1,A,0,0.0,2001.2843999999998,0.0
31,43254.33,17,692.0,0.308,0.435,0,18851.15,60,5.0,Partner,Debt Consolidation,0,0.1535969826387538,4063,0,1,1,A,1,0.0,2262.138,2262.138
25,28408.28,1,762.0,0.365,0.374,0,4502.11,60,5.0,Branch,Personal Loan,0,0.0757524386887499,18345,0,1,1,B,1,0.0,540.2532,540.2532
48,62002.45,18,792.0,0.377,0.506,0,16118.69,36,7.46,Partner,Auto Refi,0,0.2024622014099393,19406,1,0,0,B,0,0.0,1934.2428,0.0
34,104403.39,8,722.0,0.271,0.11,0,32703.99,36,5.0,Partner,Debt Consolidation,0,0.1080710042709711,13142,0,1,1,B,1,0.0,3924.4788,3924.4788
37,78130.18,12,589.0,0.362,0.385,0,14318.11,60,14.1,Branch,Debt Consolidation,0,0.419831676107389,4798,0,0,0,A,0,0.0,1718.1732,0.0
26,59106.85,1,652.0,0.325,0.633,0,28662.73,36,9.13,Online,Personal Loan,0,0.2924920072903404,15721,0,1,0,A,1,0.0,3439.5276,3439.5276
28,41973.84,14,796.0,0.153,0.588,1,28196.36,36,7.9,Partner,Personal Loan,0,0.2847538226966346,10811,1,0,0,B,0,0.0,3383.5632,0.0
45,34935.9,19,785.0,0.182,0.408,1,29456.4,36,5.0,Branch,Personal Loan,0,0.1028059212280298,19681,0,1,1,B,1,0.0,3534.768,3534.768
29,67070.83,16,776.0,0.176,0.436,0,26506.4,36,5.0,Branch,Debt Consolidation,0,0.0761236866290966,8220,0,1,1,A,1,0.0,3180.768,3180.768
60,74478.43,17,655.0,0.152,0.374,1,14779.65,60,7.38,Online,Auto Refi,0,0.2365195505825783,3159,0,1,0,A,1,0.0,1773.558,1773.558
58,57188.68,17,645.0,0.455,0.606,1,4123.38,36,17.09,Partner,Debt Consolidation,1,0.4890460664256206,4813,0,0,0,A,0,2474.028,494.80559999999997,0.0
56,81870.48,2,614.0,0.341,0.328,1,19290.06,60,14.96,Partner,Debt Consolidation,1,0.4547888402241907,4711,0,0,0,A,0,11574.036,2314.8072,0.0
54,80364.71,2,657.0,0.321,0.389,0,12469.58,60,6.35,Partner,Personal Loan,1,0.2464382189730638,10366,0,1,0,B,0,7481.748,1496.3496,0.0
27,70111.72,24,618.0,0.431,0.544,0,10227.79,60,14.07,Branch,Personal Loan,0,0.4484578259632129,16581,0,0,0,A,0,0.0,1227.3348,0.0
35,60344.65,10,561.0,0.326,0.961,0,13024.09,36,23.39,Online,Personal Loan,1,0.7102416238566278,7011,0,0,0,B,0,7814.454,1562.8908,0.0
32,115420.61,6,699.0,0.174,0.365,0,20555.41,36,5.0,Online,Auto Refi,0,0.0837599753665439,2195,0,1,1,B,1,0.0,2466.6492,2466.6492
47,43346.62,9,728.0,0.428,0.596,2,18728.11,36,11.51,Online,Personal Loan,0,0.3647240048360475,10848,0,0,0,B,0,0.0,2247.3732,0.0
33,62515.37,7,585.0,0.204,0.373,0,24936.82,36,11.2,Branch,Debt Consolidation,1,0.3921920957432714,15082,0,0,0,A,0,14962.091999999999,2992.4184,0.0
31,73106.66,16,672.0,0.294,0.5,0,20168.93,60,5.67,Branch,Personal Loan,0,0.1829375161683005,7681,0,1,0,A,1,0.0,2420.2716,2420.2716
65,67338.86,21,735.0,0.279,0.623,0,28537.46,36,5.0,Online,Personal Loan,1,0.1042861362557002,13901,0,1,1,A,1,17122.476,3424.4952,-13697.9808
54,71193.51,10,655.0,0.414,0.34,0,2525.75,36,7.6,Online,Personal Loan,1,0.2329740289574867,3465,0,0,0,A,0,1515.45,303.09,0.0
35,52022.24,13,700.0,0.412,0.476,0,6351.24,60,5.0,Branch,Personal Loan,0,0.1672680119279541,7584,0,0,1,B,1,0.0,762.1487999999999,762.1487999999999
60,92770.15,9,752.0,0.452,0.543,1,8889.67,60,18.43,Online,Debt Consolidation,0,0.4770226973365308,16398,1,0,0,A,0,0.0,1066.7604,0.0
28,74898.7,7,703.0,0.458,0.036,0,13802.16,36,13.36,Partner,Personal Loan,0,0.3003648113740654,13814,1,0,0,A,0,0.0,1656.2592,0.0
48,47764.52,14,830.0,0.393,0.617,0,16700.46,36,5.0,Branch,Auto Refi,1,0.0510655997216962,19818,0,1,1,B,1,10020.276,2004.0551999999998,-8016.2208
60,132436.42,21,673.0,0.352,0.376,0,18355.01,60,5.46,Partner,Personal Loan,0,0.1162314665276063,6975,0,1,1,A,1,0.0,2202.6011999999996,2202.6011999999996
67,61602.46,21,732.0,0.425,0.35,0,9018.33,36,5.0,Partner,Auto Refi,0,0.1038253396460472,3851,0,0,1,B,1,0.0,1082.1996,1082.1996
25,48267.85,10,634.0,0.136,0.892,1,18430.11,36,14.79,Online,Personal Loan,0,0.5943233101421349,11465,0,0,0,B,0,0.0,2211.6132,0.0
46,73584.99,8,649.0,0.188,0.546,0,14710.26,60,6.28,Partner,Debt Consolidation,0,0.2316413094565609,15691,0,1,0,B,0,0.0,1765.2312,0.0
64,56115.03,7,525.0,0.381,0.712,0,14741.99,36,25.0,Online,Debt Consolidation,1,0.7701299428034704,19879,0,0,0,B,0,8845.194,1769.0387999999998,0.0
62,65326.25,9,749.0,0.445,0.543,0,23468.06,60,5.0,Online,Personal Loan,1,0.109418305595949,7510,0,0,1,B,1,14080.836000000001,2816.1672,-11264.668800000001
32,35447.41,20,737.0,0.394,0.945,0,19005.65,36,5.44,Online,Debt Consolidation,0,0.1226550993521034,1366,0,1,1,B,1,0.0,2280.678,2280.678
46,38586.65,9,690.0,0.261,0.108,0,2000.0,60,5.0,Online,Debt Consolidation,0,0.1249673187296938,13408,0,1,1,B,1,0.0,240.0,240.0
28,67616.05,23,657.0,0.23,0.269,0,10311.32,36,5.0,Branch,Personal Loan,0,0.1545542897741801,13276,0,1,1,B,1,0.0,1237.3583999999998,1237.3583999999998
65,69023.0,8,750.0,0.336,0.476,0,10998.76,36,5.0,Online,Personal Loan,0,0.0983071808384543,11813,0,1,1,A,1,0.0,1319.8512,1319.8512
49,52598.2,18,662.0,0.175,0.523,0,19795.73,36,17.9,Online,Auto Refi,0,0.5285714743844082,11093,1,0,0,A,0,0.0,2375.4876,0.0
44,62589.13,13,655.0,0.164,0.143,1,19427.49,60,5.54,Branch,Personal Loan,0,0.1945052210543848,18914,0,1,0,A,1,0.0,2331.2988,2331.2988
44,84077.83,12,666.0,0.489,0.435,0,7930.93,60,8.79,Partner,Personal Loan,0,0.3357475101742623,6156,0,0,0,A,0,0.0,951.7116,0.0
53,73361.34,3,720.0,0.543,0.467,0,8371.02,36,5.19,Partner,Personal Loan,0,0.2037822639685577,4948,0,0,0,B,0,0.0,1004.5224000000001,0.0
48,28428.99,10,671.0,0.25,0.007,0,5904.4,36,5.0,Online,Debt Consolidation,1,0.1223518240580815,8434,0,1,1,A,1,3542.64,708.5279999999999,-2834.112
62,33077.78,0,606.0,0.166,0.628,2,12379.7,60,20.67,Branch,Personal Loan,1,0.634079180629909,14603,0,0,0,B,0,7427.82,1485.564,0.0
67,72651.64,17,652.0,0.29,0.284,0,25260.2,60,5.44,Partner,Personal Loan,0,0.1728821959066826,10697,0,1,1,A,1,0.0,3031.224,3031.224
25,20000.0,15,820.0,0.418,0.469,0,2000.0,36,5.0,Online,Debt Consolidation,0,0.0789105864621931,3416,0,0,1,A,0,0.0,240.0,0.0
50,38876.14,9,759.0,0.173,0.614,1,17158.87,36,5.0,Branch,Debt Consolidation,0,0.1371214078564446,10433,0,1,1,A,1,0.0,2059.0643999999998,2059.0643999999998
59,89193.3,6,648.0,0.246,0.306,1,13621.53,36,9.07,Online,Personal Loan,0,0.28864467152552,18552,0,1,0,B,0,0.0,1634.5836,0.0
29,61664.02,23,611.0,0.213,0.374,0,17210.11,60,8.58,Online,Auto Refi,0,0.3014325070471382,18448,0,0,0,A,0,0.0,2065.2132,0.0
30,58412.5,22,676.0,0.269,0.593,1,2000.0,36,9.54,Online,Personal Loan,0,0.2984667312485993,4790,0,1,0,B,0,0.0,240.0,0.0
62,29543.32,11,662.0,0.411,0.134,1,11590.16,36,8.89,Online,Debt Consolidation,1,0.3081990887043693,12446,0,0,0,B,0,6954.096,1390.8192,0.0
45,103848.42,23,697.0,0.336,0.529,0,12184.18,36,5.0,Partner,Auto Refi,0,0.1563962777808183,14226,0,1,1,A,1,0.0,1462.1016,1462.1016
30,43285.77,24,626.0,0.24,0.55,0,4757.2,60,23.7,Online,Personal Loan,0,0.6632329903034622,2186,1,0,0,A,0,0.0,570.8639999999999,0.0
64,75806.17,9,741.0,0.409,0.404,0,35037.53,36,5.0,Partner,Auto Refi,0,0.1096774093436745,16426,0,0,1,A,0,0.0,4204.5036,0.0
62,52000.54,23,627.0,0.371,0.634,0,5594.46,36,12.76,Online,Auto Refi,1,0.4027090976567332,2909,0,0,0,B,0,3356.676,671.3352,0.0
35,36893.27,2,670.0,0.343,0.462,1,6735.22,36,24.5,Branch,Personal Loan,1,0.6501382716431632,7910,1,0,0,A,0,4041.132,808.2264,0.0
39,61550.05,9,729.0,0.437,0.027,0,10402.92,60,5.0,Online,Personal Loan,0,0.1024023354564814,15792,0,0,1,B,1,0.0,1248.3504,1248.3504
30,71118.53,21,717.0,0.454,0.39,0,19291.75,36,5.0,Online,Auto Refi,0,0.1488804245767644,4312,0,0,1,B,1,0.0,2315.0099999999998,2315.0099999999998
50,53356.18,8,679.0,0.316,0.43,1,27370.62,36,22.73,Online,Personal Loan,1,0.6844717575492222,8263,1,0,0,A,0,16422.372,3284.4743999999996,0.0
36,71608.03,13,634.0,0.391,0.319,1,20389.31,60,13.55,Online,Personal Loan,0,0.4073667472114545,17536,0,0,0,A,0,0.0,2446.7172,0.0
34,53849.99,20,679.0,0.407,0.812,1,18143.42,60,14.36,Branch,Personal Loan,1,0.440503765951644,17377,0,0,0,B,0,10886.051999999998,2177.2104,0.0
67,55253.74,8,749.0,0.238,0.492,0,6490.26,36,5.0,Online,Personal Loan,0,0.0914583803439299,11627,0,1,1,B,1,0.0,778.8312,778.8312
63,58955.4,11,626.0,0.475,0.63,1,11776.36,36,20.08,Branch,Debt Consolidation,0,0.6140020011537387,10087,0,0,0,B,0,0.0,1413.1632,0.0
63,100266.46,2,654.0,0.351,0.608,0,7736.94,60,9.21,Branch,Personal Loan,0,0.3014284062954921,8073,0,1,0,A,1,0.0,928.4327999999999,928.4327999999999
22,77115.36,3,717.0,0.578,0.758,0,11259.03,60,8.55,Online,Personal Loan,0,0.2953034807222018,15662,0,0,0,B,0,0.0,1351.0836,0.0
44,52377.95,17,535.0,0.396,0.272,1,16419.64,36,24.64,Partner,Auto Refi,1,0.6233211352726395,14848,0,0,0,A,0,9851.784,1970.3567999999998,0.0
28,69614.94,11,698.0,0.372,0.715,0,19330.5,60,6.43,Partner,Personal Loan,1,0.2223366456156315,12314,0,1,0,B,0,11598.3,2319.66,0.0
23,66918.31,21,796.0,0.349,0.425,0,15201.13,60,5.0,Online,Personal Loan,0,0.0814639166642509,19807,0,1,1,B,1,0.0,1824.1355999999998,1824.1355999999998
21,79383.12,24,698.0,0.472,0.597,0,2000.0,36,7.04,Online,Auto Refi,0,0.2755198353603354,10739,0,0,0,A,0,0.0,240.0,0.0
67,71684.71,12,642.0,0.276,0.691,0,11091.9,60,9.9,Online,Auto Refi,0,0.2818281125507329,11632,0,1,0,B,0,0.0,1331.028,0.0
60,71183.62,7,641.0,0.299,0.425,0,9511.96,36,7.78,Online,Auto Refi,0,0.2615400622341647,10864,0,1,0,A,1,0.0,1141.4352,1141.4352
27,85461.01,10,652.0,0.219,0.427,1,15716.29,36,9.32,Online,Personal Loan,0,0.3079957130303699,1741,0,1,0,A,1,0.0,1885.9548,1885.9548
26,65797.59,4,745.0,0.265,0.331,1,25695.32,36,5.0,Branch,Debt Consolidation,0,0.1254146123710218,6812,0,1,1,B,1,0.0,3083.4384,3083.4384
66,39118.86,15,683.0,0.376,0.192,0,6300.82,60,5.0,Online,Auto Refi,1,0.1551986458705423,10663,0,1,1,A,1,3780.4919999999997,756.0984,-3024.3936
53,30378.47,17,686.0,0.178,0.376,0,19009.08,60,5.0,Online,Personal Loan,0,0.1626909754281496,17894,0,1,1,A,1,0.0,2281.0896000000002,2281.0896000000002
44,70876.91,11,648.0,0.325,0.679,0,20019.62,36,10.01,Branch,Debt Consolidation,0,0.2933450571710989,3518,0,1,0,B,0,0.0,2402.3543999999997,0.0
69,86525.79,16,728.0,0.384,0.778,0,9249.92,60,5.0,Online,Debt Consolidation,0,0.1118765652439747,19908,0,1,1,A,1,0.0,1109.9904,1109.9904
49,29340.93,17,680.0,0.514,0.841,0,14330.09,36,12.11,Branch,Personal Loan,0,0.3525967011972111,17061,0,0,0,A,0,0.0,1719.6108,0.0
65,82360.62,24,719.0,0.274,0.234,0,22821.6,36,5.0,Online,Personal Loan,0,0.1345866839594781,14460,0,1,1,A,1,0.0,2738.5919999999996,2738.5919999999996
58,39220.91,0,664.0,0.298,0.5,0,14103.51,60,6.34,Branch,Debt Consolidation,0,0.2143633431098856,1296,0,1,0,B,0,0.0,1692.4212,0.0
69,58102.17,2,662.0,0.237,0.22,1,14700.04,60,6.75,Partner,Debt Consolidation,0,0.2003722309514219,5542,0,1,0,A,1,0.0,1764.0048,1764.0048
46,56599.85,11,645.0,0.212,0.589,0,20672.36,36,7.42,Online,Personal Loan,1,0.22508694065426,19286,0,1,0,B,0,12403.416,2480.6832,0.0
57,54375.51,4,797.0,0.291,0.451,0,5285.97,36,5.0,Branch,Personal Loan,0,0.0854861298225806,456,0,1,1,B,1,0.0,634.3164,634.3164
43,61361.46,5,744.0,0.395,0.395,1,16797.79,60,5.0,Online,Debt Consolidation,0,0.1337937871158534,1180,0,1,1,A,1,0.0,2015.7348,2015.7348
35,73081.74,15,728.0,0.263,0.101,0,12729.25,36,5.0,Online,Personal Loan,0,0.0892577227602774,8010,0,1,1,A,1,0.0,1527.51,1527.51
61,55529.54,15,809.0,0.109,0.215,0,8000.36,36,5.0,Online,Debt Consolidation,0,0.0557412163430275,285,1,0,1,A,0,0.0,960.0432,0.0
50,51329.75,8,584.0,0.083,0.383,1,11719.0,60,13.55,Online,Auto Refi,0,0.4158156851007837,7021,0,0,0,B,0,0.0,1406.28,0.0
67,88793.66,8,718.0,0.277,0.749,0,2963.05,36,5.0,Online,Debt Consolidation,0,0.1215062838793914,15599,0,1,1,A,1,0.0,355.56600000000003,355.56600000000003
43,89911.7,13,526.0,0.23,0.067,0,14056.46,60,14.96,Partner,Debt Consolidation,0,0.4213269196191538,15725,0,0,0,A,0,0.0,1686.7751999999998,0.0
51,28016.18,24,752.0,0.567,0.836,0,24087.1,60,5.94,Online,Personal Loan,0,0.1400368393764916,10853,0,0,1,A,0,0.0,2890.4519999999998,0.0
45,54894.0,20,705.0,0.268,0.451,1,3551.22,36,5.6,Online,Personal Loan,0,0.1953129322947004,3250,0,1,0,A,1,0.0,426.14639999999997,426.14639999999997
51,75970.48,10,597.0,0.251,0.241,0,4987.41,60,9.38,Branch,Personal Loan,0,0.3582247633918489,15753,0,0,0,A,0,0.0,598.4892,0.0
65,82463.53,17,729.0,0.334,0.564,0,12765.24,36,5.0,Branch,Auto Refi,0,0.1166118240132362,13113,0,1,1,B,1,0.0,1531.8288,1531.8288
50,83753.55,8,558.0,0.372,0.508,0,14564.32,36,19.54,Online,Debt Consolidation,0,0.5903188469094005,15340,0,0,0,B,0,0.0,1747.7184,0.0
67,79488.44,24,687.0,0.37,0.625,0,15201.43,36,6.56,Branch,Personal Loan,1,0.2119669579438103,14031,0,1,0,A,1,9120.858,1824.1716,-7296.6864000000005
35,31263.02,22,724.0,0.329,0.256,1,11729.81,60,5.0,Branch,Auto Refi,0,0.1617606367583659,15857,0,1,1,A,1,0.0,1407.5772,1407.5772
44,36398.2,9,606.0,0.403,0.42,0,3818.33,60,13.44,Branch,Personal Loan,0,0.3925746363270538,12518,0,0,0,A,0,0.0,458.1996,0.0
62,78328.49,20,809.0,0.319,0.654,2,14486.1,36,5.0,Online,Personal Loan,0,0.0929748426605837,1420,0,0,1,A,0,0.0,1738.3319999999999,0.0
45,65787.13,12,772.0,0.243,0.63,0,18179.27,36,5.0,Online,Auto Refi,0,0.0767034426892149,18104,0,1,1,B,1,0.0,2181.5124,2181.5124
48,86440.99,16,664.0,0.269,0.567,2,27955.12,60,25.0,Branch,Auto Refi,1,0.7048592138675196,13241,1,0,0,A,0,16773.072,3354.6144,0.0
42,52845.22,6,768.0,0.362,0.468,0,6380.12,60,5.0,Partner,Personal Loan,0,0.0832452240306082,3835,0,1,1,B,1,0.0,765.6143999999999,765.6143999999999
23,71856.31,11,671.0,0.073,0.475,1,10791.3,60,5.62,Online,Debt Consolidation,1,0.1679917868882678,7298,0,1,1,B,1,6474.78,1294.956,-5179.824
29,83005.86,15,714.0,0.518,0.052,0,22333.65,36,5.0,Online,Personal Loan,0,0.132741481942065,10922,0,0,1,A,0,0.0,2680.038,0.0
46,102385.63,1,616.0,0.467,0.461,0,25233.12,60,14.08,Branch,Personal Loan,0,0.4297095862736364,8450,0,0,0,B,0,0.0,3027.9743999999996,0.0
54,44053.36,5,569.0,0.395,0.31,0,20776.99,36,16.32,Partner,Personal Loan,1,0.5354770548064824,9945,0,0,0,B,0,12466.194000000001,2493.2388,0.0
36,70663.3,24,746.0,0.574,0.411,1,15888.88,60,6.5,Online,Personal Loan,0,0.2970942105707392,3057,0,0,0,B,0,0.0,1906.6655999999998,0.0
51,26968.64,12,703.0,0.367,0.419,0,9057.64,36,15.94,Online,Personal Loan,0,0.4495430909298454,8213,1,0,0,B,0,0.0,1086.9168,0.0
55,74542.12,0,667.0,0.539,0.633,0,18142.34,36,11.79,Online,Personal Loan,1,0.3791122423164358,6799,0,0,0,A,0,10885.404,2177.0807999999997,0.0
55,64570.58,18,691.0,0.253,0.938,1,12257.92,36,11.32,Online,Debt Consolidation,0,0.4091182735400477,19371,0,1,0,A,1,0.0,1470.9504,1470.9504
44,59876.23,18,753.0,0.385,0.218,0,6845.46,60,5.0,Online,Auto Refi,0,0.0964759431326031,19651,0,1,1,B,1,0.0,821.4552,821.4552
28,100503.28,11,667.0,0.4,0.556,0,21179.41,36,8.31,Online,Debt Consolidation,1,0.2967677737453445,8558,0,1,0,A,1,12707.645999999999,2541.5292,-10166.1168
53,67721.94,13,692.0,0.392,0.475,2,8279.58,36,13.5,Online,Personal Loan,0,0.4080338718335528,14446,0,0,0,A,0,0.0,993.5495999999999,0.0
48,37245.96,5,732.0,0.386,0.583,0,6478.73,60,5.0,Online,Auto Refi,0,0.1115164568461288,5767,0,1,1,A,1,0.0,777.4476,777.4476
61,43185.67,1,802.0,0.564,0.368,0,15021.55,36,5.0,Partner,Debt Consolidation,1,0.0853299261848813,5950,0,0,1,A,0,9012.929999999998,1802.5859999999998,0.0
28,49577.83,19,830.0,0.532,0.468,0,9236.73,60,5.0,Online,Debt Consolidation,1,0.0917125554804227,2738,0,0,1,A,0,5542.038,1108.4076,0.0
34,70844.46,22,667.0,0.496,0.146,0,24043.09,36,6.16,Online,Personal Loan,0,0.2663328925529343,3389,0,0,0,B,0,0.0,2885.1708,0.0
62,51563.46,0,689.0,0.248,0.182,1,11033.65,36,5.0,Online,Personal Loan,0,0.1579642474291901,16036,0,1,1,A,1,0.0,1324.038,1324.038
49,112496.91,18,639.0,0.379,0.235,0,19011.05,36,7.56,Branch,Debt Consolidation,0,0.2494935658088732,16264,0,0,0,A,0,0.0,2281.326,0.0
61,52654.34,8,697.0,0.401,0.374,1,2000.0,60,7.69,Online,Personal Loan,0,0.2253668447041966,11237,0,0,0,A,0,0.0,240.0,0.0
68,81211.4,1,776.0,0.315,0.682,0,13016.47,36,5.0,Online,Personal Loan,0,0.0582486449673233,4962,0,1,1,A,1,0.0,1561.9763999999998,1561.9763999999998
39,54513.3,15,716.0,0.265,0.517,0,18411.56,36,5.0,Online,Auto Refi,0,0.1334846666376488,5454,0,1,1,B,1,0.0,2209.3872,2209.3872
27,64234.05,18,588.0,0.352,0.11,0,23041.87,60,10.87,Branch,Auto Refi,0,0.3353647035520957,11569,0,0,0,B,0,0.0,2765.0244,0.0
29,69145.45,6,707.0,0.226,0.509,1,25746.84,36,5.26,Online,Personal Loan,0,0.1854480996405549,1470,0,1,0,B,0,0.0,3089.6207999999997,0.0
24,86313.88,9,744.0,0.38,0.386,0,26744.99,36,5.0,Online,Personal Loan,0,0.1091932759711446,8796,0,1,1,B,1,0.0,3209.3988,3209.3988
23,62048.16,15,579.0,0.159,0.0,0,26475.78,36,7.22,Online,Debt Consolidation,0,0.241392686524875,5124,0,0,0,A,0,0.0,3177.0935999999997,0.0
40,50087.96,4,704.0,0.25,0.458,0,17651.67,36,5.0,Online,Auto Refi,0,0.1547633544056343,15198,0,1,1,B,1,0.0,2118.2003999999997,2118.2003999999997
38,74092.84,15,664.0,0.205,0.47,0,7214.39,60,5.0,Branch,Personal Loan,0,0.1616789294037331,18554,0,1,1,A,1,0.0,865.7268,865.7268
37,52294.81,2,749.0,0.297,0.346,0,13340.71,36,5.0,Online,Personal Loan,0,0.0888962139460372,14853,0,1,1,A,1,0.0,1600.8852,1600.8852
49,46682.35,10,730.0,0.162,0.331,2,20165.54,36,5.0,Online,Personal Loan,0,0.174374919655535,4555,0,0,1,A,0,0.0,2419.8648,0.0
40,59928.37,19,560.0,0.594,0.529,0,16630.06,60,24.1,Online,Auto Refi,0,0.7088492701387106,11485,0,0,0,A,0,0.0,1995.6072000000001,0.0
52,80521.46,4,712.0,0.123,0.6,0,12785.64,36,11.83,Branch,Personal Loan,0,0.322928188802581,10930,1,0,0,A,0,0.0,1534.2767999999999,0.0
32,67254.13,13,709.0,0.43,0.716,0,11604.2,36,6.39,Online,Auto Refi,0,0.207534730771788,5116,0,0,0,B,0,0.0,1392.5040000000001,0.0
46,54999.04,14,657.0,0.424,0.405,0,19478.24,60,8.23,Branch,Debt Consolidation,1,0.2939294595238756,7742,0,0,0,B,0,11686.944000000001,2337.3888,0.0
68,39709.14,1,750.0,0.155,0.422,1,18637.71,36,5.0,Online,Debt Consolidation,0,0.1207980527267695,9515,0,1,1,B,1,0.0,2236.5251999999996,2236.5251999999996
25,84843.43,19,713.0,0.12,0.719,0,16852.42,60,5.0,Online,Personal Loan,1,0.1299454349344221,19925,0,1,1,B,1,10111.452,2022.2903999999996,-8089.161599999999
49,80824.11,22,616.0,0.376,0.444,0,19022.39,36,25.0,Online,Personal Loan,1,0.7783194953406205,9029,1,0,0,A,0,11413.434,2282.6868,0.0
31,56411.27,23,599.0,0.299,0.155,0,19009.22,36,9.25,Online,Personal Loan,0,0.3044412403590074,4597,0,0,0,B,0,0.0,2281.1064,0.0
41,96241.74,14,736.0,0.284,0.466,2,16131.43,60,6.83,Online,Auto Refi,0,0.2390299631907775,5262,0,0,0,A,0,0.0,1935.7716,0.0
38,63947.92,17,602.0,0.2,0.52,0,19149.55,36,10.79,Online,Personal Loan,1,0.3516287498768997,3079,0,0,0,B,0,11489.73,2297.946,0.0
69,75624.53,10,600.0,0.392,0.459,0,30223.53,36,14.33,Online,Personal Loan,0,0.4230483870839064,14364,0,0,0,A,0,0.0,3626.8235999999997,0.0
44,65980.74,24,638.0,0.236,0.376,0,28303.2,60,6.52,Online,Debt Consolidation,0,0.2284598995256228,7263,0,0,0,A,0,0.0,3396.384,0.0
67,85493.93,1,643.0,0.417,0.269,0,21956.31,60,8.09,Online,Personal Loan,0,0.3060221993303623,6396,0,0,0,B,0,0.0,2634.7572,0.0
31,47328.46,15,763.0,0.236,0.567,0,11673.51,36,5.0,Online,Auto Refi,0,0.0780957406020481,9948,0,1,1,A,1,0.0,1400.8211999999999,1400.8211999999999
24,68419.69,9,766.0,0.191,0.295,1,16012.42,36,8.62,Online,Debt Consolidation,0,0.3118785854842507,19918,1,0,0,A,0,0.0,1921.4904,0.0
61,60994.59,22,724.0,0.373,0.394,0,22529.1,36,5.0,Partner,Auto Refi,0,0.1594365107811894,12007,0,1,1,B,1,0.0,2703.4919999999997,2703.4919999999997
35,56767.61,2,701.0,0.257,0.51,0,20157.36,36,5.0,Online,Personal Loan,0,0.1489434138511989,6318,0,1,1,A,1,0.0,2418.8831999999998,2418.8831999999998
50,58166.17,1,639.0,0.206,0.473,1,16358.2,60,10.95,Branch,Debt Consolidation,0,0.3531230564100666,15805,0,0,0,B,0,0.0,1962.984,0.0
65,99623.01,21,688.0,0.304,0.652,0,22571.35,36,5.74,Online,Personal Loan,0,0.1593480893351018,7939,0,1,1,B,1,0.0,2708.562,2708.562
30,56834.81,22,541.0,0.417,0.141,0,13780.05,36,18.08,Branch,Auto Refi,1,0.4556211306204861,1049,0,0,0,B,0,8268.029999999999,1653.6059999999998,0.0
24,40101.04,16,713.0,0.524,0.469,0,18422.04,36,5.48,Online,Auto Refi,0,0.2121624536282909,13255,0,0,0,A,0,0.0,2210.6448,0.0
33,64910.57,7,623.0,0.419,0.286,0,13477.72,60,10.37,Partner,Auto Refi,1,0.3157790414650746,956,0,0,0,A,0,8086.632,1617.3264,0.0
42,95785.01,18,785.0,0.351,0.582,0,18920.01,60,5.0,Online,Auto Refi,0,0.0866143003593634,4476,0,1,1,A,1,0.0,2270.4012,2270.4012
53,51035.59,19,695.0,0.347,0.476,0,13596.22,60,5.0,Online,Debt Consolidation,0,0.1711191553763817,12490,0,1,1,B,1,0.0,1631.5464,1631.5464
40,48724.0,7,771.0,0.3,0.468,1,14294.68,36,12.04,Online,Debt Consolidation,0,0.2674106880404305,19671,1,0,0,A,0,0.0,1715.3616,0.0
47,57852.62,8,790.0,0.272,0.768,0,14279.64,36,5.0,Online,Debt Consolidation,0,0.0777057356350326,4329,0,1,1,B,1,0.0,1713.5567999999998,1713.5567999999998
38,66049.13,15,774.0,0.233,0.271,1,21445.74,36,5.0,Partner,Personal Loan,0,0.1010943012311663,1703,0,1,1,B,1,0.0,2573.4888,2573.4888
42,67129.09,2,665.0,0.186,0.6,3,15733.55,60,18.75,Online,Auto Refi,0,0.589160066403387,5400,0,0,0,A,0,0.0,1888.0259999999998,0.0
33,110535.46,23,609.0,0.201,0.512,0,13596.61,60,9.97,Online,Personal Loan,0,0.3155824874988319,17939,0,0,0,B,0,0.0,1631.5932,0.0
35,88928.26,3,623.0,0.279,0.45,1,6683.76,36,14.03,Online,Personal Loan,0,0.406918126715403,5820,0,0,0,A,0,0.0,802.0512,0.0
66,53206.23,18,830.0,0.161,0.257,0,23834.71,36,5.0,Online,Personal Loan,0,0.0364600824922683,2199,0,1,1,A,1,0.0,2860.1652,2860.1652
22,50074.24,22,721.0,0.248,0.35,0,19255.49,36,5.0,Online,Personal Loan,0,0.1290316360744783,14764,0,1,1,A,1,0.0,2310.6588,2310.6588
64,73870.47,22,621.0,0.284,0.685,0,19833.42,60,12.23,Branch,Debt Consolidation,1,0.3818006030709543,13360,0,0,0,A,0,11900.051999999998,2380.0103999999997,0.0
56,71403.2,4,669.0,0.254,0.198,0,7651.96,36,5.0,Online,Personal Loan,0,0.1441428658377758,966,0,1,1,A,1,0.0,918.2352,918.2352
54,76055.23,10,776.0,0.274,0.554,0,17658.56,36,5.0,Partner,Personal Loan,0,0.0804246987395412,6221,0,1,1,B,1,0.0,2119.0272,2119.0272
64,56729.74,3,695.0,0.404,0.125,0,23491.88,36,5.0,Online,Personal Loan,0,0.1614961050741719,15884,0,0,1,B,1,0.0,2819.0256,2819.0256
49,27161.22,0,682.0,0.458,0.183,1,6092.02,36,8.29,Online,Personal Loan,1,0.2809873750114528,15525,0,0,0,B,0,3655.212,731.0424,0.0
29,78294.83,23,649.0,0.117,0.664,0,8636.52,36,6.24,Branch,Auto Refi,0,0.1904048434180233,3371,0,1,0,A,1,0.0,1036.3824,1036.3824
23,91968.21,2,657.0,0.474,0.465,0,16293.49,36,9.72,Online,Auto Refi,1,0.3487297446900741,18399,0,0,0,A,0,9776.094,1955.2187999999999,0.0
51,51429.92,7,665.0,0.313,0.692,0,16429.46,60,8.23,Online,Personal Loan,1,0.2682971973156643,9062,0,1,0,A,1,9857.676,1971.5351999999998,-7886.140799999999
33,58279.99,0,708.0,0.408,0.31,0,6282.8,36,5.0,Online,Personal Loan,0,0.1489529141010881,8996,0,0,1,B,1,0.0,753.936,753.936
60,73470.56,17,629.0,0.226,0.521,2,11141.29,36,17.97,Online,Personal Loan,0,0.5576095366805207,9877,0,0,0,A,0,0.0,1336.9548,0.0
36,44060.59,18,751.0,0.237,0.581,0,14073.08,36,5.0,Online,Personal Loan,0,0.0949511241310466,12519,0,1,1,B,1,0.0,1688.7695999999999,1688.7695999999999
24,61501.45,17,729.0,0.334,0.195,1,3346.18,36,5.0,Online,Auto Refi,0,0.1583682273444287,17957,0,1,1,B,1,0.0,401.54159999999996,401.54159999999996
35,61959.58,10,565.0,0.344,0.568,0,16441.47,60,18.76,Online,Debt Consolidation,1,0.5799256909114203,4623,0,0,0,A,0,9864.882,1972.9764,0.0
45,43057.68,22,755.0,0.519,0.178,0,15144.75,36,5.0,Online,Personal Loan,1,0.1155922236461105,1571,0,0,1,A,0,9086.85,1817.37,0.0
51,60657.74,15,674.0,0.317,0.441,0,22862.8,60,5.36,Online,Personal Loan,0,0.1863413685055415,15727,0,1,0,B,0,0.0,2743.5359999999996,0.0
52,87856.05,13,616.0,0.23,0.619,1,5725.32,36,15.73,Online,Auto Refi,1,0.4833219864444775,18124,0,0,0,A,0,3435.1919999999996,687.0383999999999,0.0
47,55567.97,21,618.0,0.31,0.596,2,25983.88,60,21.86,Branch,Personal Loan,1,0.6799216256121751,2376,0,0,0,B,0,15590.328,3118.0656,0.0
56,73347.38,23,704.0,0.5,0.441,0,30828.69,60,5.6,Online,Personal Loan,1,0.2351403622171502,17002,0,0,0,A,0,18497.214,3699.4428,0.0
26,45111.58,11,643.0,0.529,0.771,0,30958.52,36,25.0,Online,Auto Refi,0,0.8752761711588556,1724,1,0,0,A,0,0.0,3715.0224,0.0
57,59972.07,14,678.0,0.267,0.438,2,20516.8,36,12.06,Online,Personal Loan,1,0.381481735544995,10520,0,0,0,B,0,12310.08,2462.0159999999996,0.0
29,47440.97,6,623.0,0.214,0.328,1,31771.14,36,11.3,Online,Auto Refi,0,0.4620078379561471,16307,0,0,0,A,0,0.0,3812.5368,0.0
54,65032.46,11,700.0,0.243,0.32,1,18321.9,36,5.0,Online,Auto Refi,0,0.1603657457203035,12535,0,1,1,B,1,0.0,2198.628,2198.628
24,82467.23,3,741.0,0.495,0.477,0,30391.53,60,5.0,Online,Personal Loan,0,0.123218912342672,1612,0,0,1,A,0,0.0,3646.9835999999996,0.0
28,80288.34,8,725.0,0.432,0.432,0,3710.02,36,5.0,Partner,Debt Consolidation,0,0.1365595034944827,18828,0,0,1,B,1,0.0,445.20239999999995,445.20239999999995
39,86966.37,20,676.0,0.427,0.747,0,12245.68,36,9.84,Online,Auto Refi,0,0.3085038658522982,18892,0,0,0,B,0,0.0,1469.4816,0.0
37,38990.64,18,698.0,0.443,0.431,0,18189.48,60,5.17,Partner,Debt Consolidation,0,0.1784976685335475,392,0,0,1,A,0,0.0,2182.7376,0.0
37,57004.41,19,676.0,0.115,0.296,0,21853.96,36,5.0,Online,Debt Consolidation,0,0.1454603572308692,12304,0,1,1,B,1,0.0,2622.4752,2622.4752
56,55318.23,7,771.0,0.286,0.498,0,7879.55,36,5.0,Partner,Debt Consolidation,1,0.0806333941941304,1410,0,1,1,A,1,4727.73,945.5459999999999,-3782.1839999999997
57,72760.67,13,665.0,0.395,0.495,0,35448.64,60,7.79,Branch,Personal Loan,1,0.3453000279018742,1854,0,1,0,A,1,21269.183999999997,4253.8368,-17015.347199999997
36,98809.65,2,731.0,0.267,0.535,0,2535.34,36,5.0,Branch,Auto Refi,0,0.102675236103628,13053,0,1,1,A,1,0.0,304.2408,304.2408
36,76680.34,3,661.0,0.181,0.016,0,10928.23,60,5.0,Online,Personal Loan,0,0.1312642907547542,9887,0,1,1,B,1,0.0,1311.3875999999998,1311.3875999999998
49,87815.36,11,787.0,0.354,0.446,0,10222.11,36,5.0,Online,Personal Loan,0,0.0801752916516174,17471,0,1,1,B,1,0.0,1226.6532,1226.6532
45,45779.88,13,682.0,0.329,0.217,0,8445.71,60,5.0,Online,Personal Loan,0,0.1398678782816154,1190,0,1,1,A,1,0.0,1013.4851999999998,1013.4851999999998
47,85593.05,4,673.0,0.287,0.372,2,29000.2,60,12.31,Branch,Personal Loan,1,0.4653261721258375,5531,0,0,0,A,0,17400.12,3480.024,0.0
23,60928.77,21,788.0,0.507,0.531,0,3854.55,36,5.0,Branch,Auto Refi,0,0.0926320311528645,9846,0,0,1,B,1,0.0,462.546,462.546
66,89812.05,11,709.0,0.216,0.532,0,13571.01,36,5.0,Online,Debt Consolidation,0,0.1250715547135455,15303,0,1,1,A,1,0.0,1628.5212,1628.5212
31,67820.96,23,677.0,0.338,0.507,2,10856.24,36,14.49,Online,Personal Loan,0,0.3713219717962387,12419,0,0,0,A,0,0.0,1302.7487999999998,0.0
39,47401.36,6,811.0,0.463,0.288,1,8290.05,36,5.0,Online,Auto Refi,1,0.0816005847972349,4725,0,0,1,B,1,4974.03,994.8059999999999,-3979.2239999999997
65,85499.68,5,824.0,0.333,0.617,0,24811.31,36,5.0,Online,Personal Loan,0,0.066164086591528,11334,0,1,1,A,1,0.0,2977.3572,2977.3572
43,91215.33,1,690.0,0.174,0.651,0,7806.0,36,5.0,Online,Personal Loan,1,0.1410236878519257,8951,0,1,1,B,1,4683.599999999999,936.7199999999999,-3746.8799999999997
50,63521.79,3,731.0,0.371,0.602,0,15216.58,36,5.0,Online,Personal Loan,1,0.1045149464685869,4713,0,1,1,A,1,9129.948,1825.9895999999999,-7303.9584
49,44519.89,0,728.0,0.138,0.312,0,16812.27,36,5.0,Online,Debt Consolidation,0,0.0988649329075527,7802,0,1,1,B,1,0.0,2017.4723999999999,2017.4723999999999
55,67297.84,2,684.0,0.142,0.798,0,22212.33,36,5.0,Online,Personal Loan,0,0.1741060608268596,3304,0,1,1,A,1,0.0,2665.4796,2665.4796
21,85096.03,7,618.0,0.296,0.321,0,22133.76,36,8.88,Online,Debt Consolidation,1,0.3217558273779026,2354,0,0,0,A,0,13280.256,2656.0512,0.0
29,79443.1,18,706.0,0.194,0.279,0,6908.56,36,5.0,Online,Personal Loan,0,0.1444013910053627,9918,0,1,1,B,1,0.0,829.0272,829.0272
28,55319.41,16,678.0,0.191,0.463,0,7283.48,36,5.0,Online,Personal Loan,0,0.1426130942260826,2835,0,1,1,A,1,0.0,874.0175999999999,874.0175999999999
28,97614.59,8,501.0,0.368,0.405,0,2000.0,60,24.63,Online,Personal Loan,1,0.5509243308926371,5614,0,0,0,B,0,1200.0,240.0,0.0
49,56664.36,16,711.0,0.198,0.271,1,4420.95,60,5.0,Online,Debt Consolidation,0,0.1692850887509594,5227,0,1,1,A,1,0.0,530.514,530.514
33,63734.95,2,598.0,0.497,0.601,1,2000.0,60,23.39,Partner,Auto Refi,1,0.6702610610670124,14702,0,0,0,B,0,1200.0,240.0,0.0
24,76967.64,12,556.0,0.243,0.493,0,7008.54,36,16.75,Online,Personal Loan,0,0.524093200381394,1141,0,0,0,B,0,0.0,841.0247999999999,0.0
64,72637.95,14,719.0,0.625,0.269,0,19114.54,36,5.0,Online,Debt Consolidation,0,0.1848140430070067,19309,0,0,0,B,0,0.0,2293.7448,0.0
61,59467.44,21,717.0,0.477,0.353,0,11759.37,60,5.0,Online,Debt Consolidation,0,0.1824104840092141,15485,0,0,0,B,0,0.0,1411.1244000000002,0.0
27,74451.85,2,761.0,0.351,0.793,0,25600.84,36,5.0,Branch,Debt Consolidation,0,0.0913384288415979,17699,0,1,1,A,1,0.0,3072.1007999999997,3072.1007999999997
32,63544.24,19,486.0,0.444,0.687,1,11401.99,36,25.0,Branch,Personal Loan,0,0.8078883568662513,18987,0,0,0,A,0,0.0,1368.2387999999999,0.0
36,62614.17,12,631.0,0.524,0.455,0,11686.65,60,13.46,Online,Personal Loan,0,0.4594012941124665,11837,0,0,0,B,0,0.0,1402.398,0.0
69,102921.66,16,666.0,0.465,0.331,0,12480.67,60,21.4,Online,Debt Consolidation,0,0.522379719234335,9895,1,0,0,B,0,0.0,1497.6804,0.0
23,84920.65,10,646.0,0.373,0.445,1,16373.34,36,13.31,Online,Auto Refi,1,0.4049219599692016,4434,0,1,0,B,0,9824.003999999999,1964.8008,0.0
21,85826.38,14,647.0,0.266,0.353,0,19533.57,36,6.04,Online,Personal Loan,0,0.2034845476421447,19812,0,1,0,A,1,0.0,2344.0283999999997,2344.0283999999997
57,47011.72,15,660.0,0.401,0.312,1,12843.61,36,10.8,Online,Personal Loan,0,0.3484504867897408,7620,0,0,0,A,0,0.0,1541.2332000000001,0.0
26,72852.99,15,648.0,0.418,0.101,0,28529.57,36,6.2,Online,Personal Loan,0,0.2217588060439902,17652,0,0,0,A,0,0.0,3423.5483999999997,0.0
23,43789.57,6,764.0,0.089,0.169,0,13230.32,36,5.0,Branch,Auto Refi,1,0.059613335566194,2441,0,1,1,A,1,7938.191999999999,1587.6383999999998,-6350.553599999999
37,77684.27,16,627.0,0.19,0.401,0,20168.33,36,7.01,Branch,Personal Loan,1,0.2416414978515487,11330,0,0,0,B,0,12100.998000000001,2420.1996,0.0
37,24773.24,12,658.0,0.28,0.0,0,14914.04,60,5.0,Branch,Debt Consolidation,0,0.120800761868266,18702,0,1,1,B,1,0.0,1789.6848,1789.6848
53,20638.9,16,589.0,0.125,0.581,0,20319.53,36,11.37,Branch,Personal Loan,0,0.3965519955135942,18882,0,0,0,B,0,0.0,2438.3435999999997,0.0
47,84107.43,16,625.0,0.392,0.681,0,15243.51,60,14.05,Online,Auto Refi,0,0.410249672273024,8974,0,0,0,A,0,0.0,1829.2212,0.0
44,112064.86,0,671.0,0.123,0.54,0,10759.2,36,15.9,Partner,Auto Refi,0,0.393962436876346,15365,1,0,0,A,0,0.0,1291.104,0.0
40,52573.59,18,817.0,0.191,0.307,0,13725.36,60,5.0,Online,Auto Refi,0,0.0629309931754643,5336,0,1,1,A,1,0.0,1647.0432,1647.0432
53,22822.39,10,609.0,0.382,0.565,0,12676.26,60,14.25,Partner,Personal Loan,0,0.4786035086303064,16025,0,0,0,B,0,0.0,1521.1512,0.0
68,70688.91,15,623.0,0.548,0.334,0,18199.92,60,13.57,Online,Personal Loan,1,0.4426582299147243,4694,0,0,0,B,0,10919.952,2183.9903999999997,0.0
23,77091.52,17,669.0,0.405,0.0,1,18398.36,36,6.94,Partner,Auto Refi,0,0.1917002123017342,3687,0,0,0,A,0,0.0,2207.8032,0.0
54,34920.39,13,589.0,0.057,0.482,2,10104.5,36,18.56,Branch,Auto Refi,1,0.6396474185330104,10944,0,0,0,B,0,6062.7,1212.54,0.0
55,45570.0,8,695.0,0.376,0.12,0,13590.8,60,5.0,Online,Personal Loan,0,0.1616297988848895,9619,0,1,1,A,1,0.0,1630.896,1630.896
58,42081.73,4,620.0,0.408,0.465,0,14449.73,60,12.41,Partner,Personal Loan,0,0.4493204550208811,17166,0,0,0,A,0,0.0,1733.9676,0.0
53,52328.67,16,679.0,0.482,0.551,1,14123.97,36,12.97,Partner,Auto Refi,0,0.4201486325635966,11922,0,0,0,B,0,0.0,1694.8763999999999,0.0
65,66205.02,9,759.0,0.395,0.139,0,31497.05,60,5.0,Online,Personal Loan,0,0.0899538107947107,9128,0,1,1,A,1,0.0,3779.6459999999997,3779.6459999999997
21,49386.49,9,567.0,0.58,0.442,0,16646.38,36,22.11,Online,Debt Consolidation,1,0.7430424052166188,14980,0,0,0,B,0,9987.828,1997.5656000000001,0.0
40,33672.05,20,794.0,0.34,0.458,0,4297.64,36,5.0,Online,Personal Loan,0,0.0778567081888488,9720,0,1,1,A,1,0.0,515.7168,515.7168
38,70129.26,0,719.0,0.335,0.505,0,7829.14,36,14.4,Online,Auto Refi,1,0.3674045461848705,18475,1,0,0,B,0,4697.484,939.4968,0.0
32,86241.37,10,799.0,0.453,0.258,1,23484.99,36,5.0,Online,Personal Loan,0,0.1003183346059814,14058,0,0,1,B,1,0.0,2818.1988,2818.1988
45,80487.83,9,640.0,0.096,0.48,1,17060.95,60,8.79,Online,Personal Loan,0,0.2848646944429567,17843,0,1,0,B,0,0.0,2047.314,0.0
55,80987.1,16,719.0,0.363,0.467,0,10388.03,36,5.0,Partner,Personal Loan,0,0.1555275431409754,4387,0,1,1,A,1,0.0,1246.5636,1246.5636
58,22779.73,23,648.0,0.294,0.56,1,11910.01,60,12.73,Online,Personal Loan,0,0.4136804317885666,14896,0,1,0,A,1,0.0,1429.2012,1429.2012
22,53105.27,14,665.0,0.58,0.475,0,12450.24,60,11.05,Online,Debt Consolidation,0,0.4163205619846817,12265,0,0,0,B,0,0.0,1494.0287999999998,0.0
26,71956.84,20,722.0,0.105,0.324,0,12616.07,60,5.0,Online,Auto Refi,0,0.1120682968344407,12266,0,1,1,B,1,0.0,1513.9284,1513.9284
43,102970.54,24,636.0,0.399,0.355,1,6270.36,36,13.98,Branch,Personal Loan,1,0.5150369158224503,267,0,0,0,A,0,3762.2159999999994,752.4431999999999,0.0
42,58749.6,12,641.0,0.208,0.416,0,5739.14,60,19.8,Partner,Personal Loan,1,0.5938138894836655,6339,1,0,0,A,0,3443.484,688.6968,0.0
36,57845.79,18,746.0,0.407,0.218,0,9348.43,36,5.0,Online,Debt Consolidation,0,0.0874406589484694,17334,0,0,1,A,0,0.0,1121.8116,0.0
51,91266.06,5,546.0,0.511,0.0,1,11254.33,36,22.79,Branch,Personal Loan,0,0.6370610631771769,17763,0,0,0,B,0,0.0,1350.5195999999999,0.0
30,60818.02,17,686.0,0.169,0.144,0,14038.75,36,5.0,Online,Debt Consolidation,1,0.1573750607011233,16433,0,1,1,A,1,8423.25,1684.6499999999999,-6738.6
66,90460.92,18,603.0,0.324,0.127,1,8177.57,36,13.52,Online,Personal Loan,0,0.3864575085205437,6766,0,0,0,A,0,0.0,981.3083999999999,0.0
63,45066.26,6,829.0,0.316,0.758,0,10389.26,36,5.0,Partner,Personal Loan,1,0.0561342018638901,8598,0,1,1,B,1,6233.556,1246.7112,-4986.8448
55,29573.36,14,718.0,0.429,0.531,0,12793.97,36,5.0,Online,Debt Consolidation,0,0.1647741163833016,8675,0,0,1,A,0,0.0,1535.2764,0.0
63,59613.44,3,830.0,0.399,0.821,0,12784.74,36,5.0,Online,Personal Loan,0,0.062392135034364,19523,0,1,1,A,1,0.0,1534.1688,1534.1688
66,45148.1,23,720.0,0.46,0.397,0,13610.08,36,5.0,Online,Auto Refi,0,0.1465777291154443,15976,0,0,1,A,0,0.0,1633.2096,0.0
58,56100.14,14,604.0,0.261,0.396,0,19610.44,36,10.5,Branch,Personal Loan,0,0.3436550490987096,1064,0,0,0,B,0,0.0,2353.2527999999998,0.0
42,35560.75,1,750.0,0.42,0.434,0,19827.97,36,5.0,Branch,Personal Loan,0,0.1151997308038987,8199,0,0,1,B,1,0.0,2379.3564,2379.3564
35,51382.64,2,753.0,0.275,0.283,0,13302.14,60,5.0,Branch,Personal Loan,0,0.0907858750976064,16101,0,1,1,B,1,0.0,1596.2567999999999,1596.2567999999999
42,57967.71,20,601.0,0.203,0.392,1,18542.0,36,14.31,Branch,Personal Loan,1,0.4570194580716,17016,0,0,0,B,0,11125.199999999999,2225.04,0.0
46,88045.83,14,700.0,0.312,0.65,0,7880.46,36,5.0,Online,Personal Loan,0,0.1360358509851059,19226,0,1,1,B,1,0.0,945.6551999999999,945.6551999999999
24,59194.94,8,729.0,0.23,0.689,0,28376.13,60,5.0,Branch,Personal Loan,0,0.1070762021556372,2035,0,1,1,B,1,0.0,3405.1356,3405.1356
47,55778.31,22,698.0,0.09,0.692,0,5319.16,36,5.0,Online,Auto Refi,0,0.1369406478371573,770,0,1,1,B,1,0.0,638.2991999999999,638.2991999999999
55,90207.42,6,656.0,0.184,0.364,0,2000.0,60,5.0,Online,Personal Loan,0,0.1296970390309508,2567,0,1,1,A,1,0.0,240.0,240.0
37,94734.63,6,611.0,0.364,0.204,1,15318.85,60,14.32,Online,Debt Consolidation,0,0.4126513501954404,13362,0,0,0,A,0,0.0,1838.262,0.0
44,65181.41,1,613.0,0.262,0.461,1,19602.1,36,14.88,Online,Auto Refi,1,0.4587552024202854,19691,0,0,0,B,0,11761.259999999998,2352.252,0.0
57,59019.7,22,676.0,0.544,0.251,1,17237.49,60,11.2,Online,Debt Consolidation,1,0.4184396845638393,581,0,0,0,A,0,10342.494,2068.4988000000003,0.0
61,71199.96,18,649.0,0.347,0.24,0,12018.73,60,6.23,Branch,Personal Loan,0,0.2316058909253167,11634,0,1,0,A,1,0.0,1442.2476,1442.2476
43,102288.99,14,722.0,0.336,0.681,1,16400.26,36,7.11,Branch,Personal Loan,0,0.2181254588735297,12137,0,1,0,B,0,0.0,1968.0311999999997,0.0
57,67264.35,10,646.0,0.619,0.538,0,20321.68,60,14.75,Partner,Debt Consolidation,1,0.5589274917771536,17747,0,0,0,A,0,12193.008,2438.6016,0.0
67,60781.07,16,632.0,0.138,0.382,0,10965.31,60,5.62,Online,Auto Refi,0,0.1609391712686688,10992,0,0,1,A,0,0.0,1315.8372,0.0
30,71492.68,13,625.0,0.242,0.228,0,15349.91,36,6.48,Online,Personal Loan,0,0.2194828917100025,11722,0,0,0,A,0,0.0,1841.9892,0.0
43,78264.4,2,742.0,0.585,0.605,0,26340.17,60,5.13,Online,Personal Loan,0,0.1099505543309767,15323,0,0,1,A,0,0.0,3160.8203999999996,0.0
66,76776.79,9,719.0,0.371,0.574,0,23141.16,36,5.0,Partner,Personal Loan,0,0.1384678172969244,9621,0,1,1,A,1,0.0,2776.9392,2776.9392
45,77038.89,19,604.0,0.38,0.389,0,31090.52,36,12.85,Partner,Personal Loan,0,0.5342585878861609,12877,0,0,0,B,0,0.0,3730.8624,0.0
25,51055.07,21,639.0,0.103,0.391,0,14569.85,36,5.0,Partner,Personal Loan,0,0.1361183449981703,19548,0,0,1,B,1,0.0,1748.382,1748.382
64,67096.06,23,738.0,0.484,0.453,0,11939.6,60,5.0,Branch,Auto Refi,0,0.112501001536539,2477,0,0,1,B,1,0.0,1432.752,1432.752
41,86390.26,18,706.0,0.305,0.6,1,21675.75,36,21.28,Online,Personal Loan,1,0.5519396153781573,7639,1,0,0,A,0,13005.449999999999,2601.0899999999997,0.0
30,67387.8,20,667.0,0.062,0.586,0,15193.59,60,5.0,Online,Debt Consolidation,0,0.1364315469763536,18499,0,1,1,B,1,0.0,1823.2308,1823.2308
53,57866.35,2,653.0,0.214,0.358,2,14632.02,36,12.85,Online,Auto Refi,0,0.4289321653378002,15900,0,0,0,A,0,0.0,1755.8424,0.0
47,34572.9,10,669.0,0.196,0.442,0,11918.88,36,5.0,Partner,Auto Refi,0,0.1620210805309304,19569,0,1,1,A,1,0.0,1430.2656,1430.2656
67,61952.31,14,595.0,0.163,0.553,0,18881.21,36,11.17,Online,Auto Refi,0,0.3814477139227553,3714,0,0,0,A,0,0.0,2265.7452,0.0
55,69203.14,22,770.0,0.156,0.751,0,11881.76,36,7.95,Online,Auto Refi,1,0.2505542158078415,1662,1,0,0,A,0,7129.056,1425.8111999999999,0.0
24,47484.93,21,710.0,0.326,0.684,0,12668.34,60,5.0,Branch,Personal Loan,0,0.143331627276512,14897,0,1,1,B,1,0.0,1520.2008,1520.2008
30,59743.72,12,652.0,0.305,0.395,1,16122.06,36,10.62,Branch,Personal Loan,0,0.3306649094094688,9246,0,1,0,B,0,0.0,1934.6471999999999,0.0
48,68299.68,8,713.0,0.304,0.29,0,9814.15,60,5.0,Online,Personal Loan,0,0.1321246103855394,265,0,1,1,A,1,0.0,1177.6979999999999,1177.6979999999999
39,52064.04,20,595.0,0.335,0.294,0,20296.19,36,11.83,Branch,Auto Refi,0,0.3670637823003833,10475,0,0,0,B,0,0.0,2435.5427999999997,0.0
53,47880.76,0,659.0,0.344,0.149,0,27703.69,60,5.0,Online,Auto Refi,0,0.1787067671636151,1324,0,1,1,A,1,0.0,3324.4428,3324.4428
33,58566.35,7,781.0,0.383,0.717,0,9439.76,36,5.0,Branch,Personal Loan,0,0.0740623421242154,12527,0,1,1,B,1,0.0,1132.7712,1132.7712
50,75931.71,10,759.0,0.436,0.351,0,21562.0,60,5.0,Online,Auto Refi,0,0.1012671924999258,15184,0,0,1,B,1,0.0,2587.44,2587.44
54,60488.81,0,631.0,0.392,0.409,1,4855.28,60,15.06,Branch,Personal Loan,1,0.5029697854695224,2915,0,0,0,A,0,2913.1679999999997,582.6336,0.0
48,75735.5,20,830.0,0.359,0.701,1,14896.16,36,9.34,Online,Personal Loan,1,0.3969775296761669,1849,1,0,0,B,0,8937.696,1787.5392,0.0
26,29975.07,4,811.0,0.207,0.333,0,12269.67,60,5.0,Partner,Personal Loan,0,0.0609905465046521,4916,0,1,1,A,1,0.0,1472.3604,1472.3604
24,37872.01,20,633.0,0.131,0.513,1,2000.0,60,10.5,Online,Auto Refi,0,0.2715767817840936,11350,0,0,0,B,0,0.0,240.0,0.0
49,82927.07,24,602.0,0.174,0.66,1,17131.18,60,16.74,Branch,Auto Refi,0,0.6148811425584921,2714,0,0,0,A,0,0.0,2055.7416,0.0
65,91967.63,5,698.0,0.148,0.401,2,4185.77,60,7.42,Online,Personal Loan,1,0.1912921343706135,19163,0,0,0,A,0,2511.462,502.29240000000004,0.0
37,93038.11,3,697.0,0.4,0.275,0,9934.52,60,5.0,Branch,Debt Consolidation,0,0.1593478747195097,4303,0,1,1,B,1,0.0,1192.1424,1192.1424
30,112068.9,19,676.0,0.483,0.476,1,14187.74,36,12.53,Online,Personal Loan,1,0.384696282457771,3129,0,0,0,B,0,8512.644,1702.5287999999998,0.0
26,55121.58,21,594.0,0.335,0.262,0,20572.34,36,11.62,Branch,Debt Consolidation,0,0.3675552953432766,19544,0,0,0,A,0,0.0,2468.6808,0.0
55,39013.53,16,733.0,0.399,0.87,0,21747.2,60,5.24,Online,Debt Consolidation,0,0.1255206125148787,133,0,1,1,B,1,0.0,2609.664,2609.664
41,55315.81,17,830.0,0.537,0.318,0,32860.09,60,5.0,Branch,Personal Loan,0,0.0703634859576256,8731,0,0,1,B,1,0.0,3943.2107999999994,3943.2107999999994
48,65720.51,20,742.0,0.34,0.466,1,24677.74,36,5.0,Online,Auto Refi,0,0.134090619163541,16350,0,1,1,A,1,0.0,2961.3288000000002,2961.3288000000002
29,60650.57,22,830.0,0.233,0.583,0,13578.72,60,5.0,Online,Auto Refi,0,0.0526716748146535,10413,0,1,1,A,1,0.0,1629.4463999999998,1629.4463999999998
55,51891.96,24,731.0,0.307,0.211,0,16665.02,60,5.0,Online,Personal Loan,0,0.101103003300206,13990,0,1,1,B,1,0.0,1999.8024,1999.8024
27,79317.46,5,626.0,0.567,0.0,1,23254.49,36,14.58,Online,Auto Refi,1,0.5036328699205977,14524,0,0,0,A,0,13952.694000000001,2790.5388000000003,0.0
45,58289.54,2,684.0,0.527,0.338,0,3711.12,36,20.78,Online,Auto Refi,1,0.5508137205965388,17748,1,0,0,A,0,2226.672,445.33439999999996,0.0
43,82068.02,5,628.0,0.252,0.447,2,21004.98,60,17.74,Online,Personal Loan,0,0.5400482354408203,12351,0,0,0,A,0,0.0,2520.5976,0.0
66,40525.25,1,681.0,0.308,0.422,0,5493.8,36,5.0,Partner,Auto Refi,0,0.1505308768796549,10240,0,1,1,B,1,0.0,659.256,659.256
61,82345.4,3,644.0,0.281,0.403,0,12412.98,36,6.95,Branch,Personal Loan,0,0.2393568648727889,9051,0,1,0,B,0,0.0,1489.5575999999999,0.0
36,97703.53,12,662.0,0.257,0.358,0,2000.0,36,5.0,Online,Auto Refi,0,0.151173982406486,16239,0,1,1,A,1,0.0,240.0,240.0
52,57613.33,11,634.0,0.179,0.345,0,21879.92,36,5.73,Online,Personal Loan,1,0.2036883296081531,4765,0,0,0,B,0,13127.952,2625.5903999999996,0.0
29,29354.86,5,692.0,0.279,0.307,0,13137.64,60,5.0,Online,Debt Consolidation,0,0.1529604129733572,10462,0,1,1,A,1,0.0,1576.5167999999999,1576.5167999999999
67,93272.48,22,769.0,0.351,0.356,0,10234.57,60,5.0,Partner,Auto Refi,0,0.0732638012308783,3557,0,1,1,B,1,0.0,1228.1483999999998,1228.1483999999998
34,82028.31,8,693.0,0.458,0.672,1,22076.83,60,12.32,Branch,Personal Loan,0,0.359541998789685,10866,0,0,0,A,0,0.0,2649.2196,0.0
33,20000.0,2,740.0,0.359,0.346,1,23622.81,36,5.0,Online,Auto Refi,0,0.137642830491954,3928,0,1,1,A,1,0.0,2834.7372,2834.7372
38,88951.23,12,651.0,0.139,0.503,0,13505.3,60,5.13,Partner,Auto Refi,0,0.1347882488988182,4358,0,1,1,B,1,0.0,1620.6359999999997,1620.6359999999997
39,56241.85,18,757.0,0.481,0.497,0,10199.39,36,5.0,Partner,Debt Consolidation,0,0.1115322683979744,11313,0,0,1,A,0,0.0,1223.9268,0.0
39,69488.04,20,736.0,0.541,0.358,1,10537.73,60,6.39,Online,Debt Consolidation,0,0.3016344588094344,6650,0,0,0,B,0,0.0,1264.5276,0.0
56,45088.86,8,502.0,0.449,0.538,0,17636.72,60,25.0,Partner,Auto Refi,0,0.7967774398008166,3565,0,0,0,B,0,0.0,2116.4064,0.0
62,82445.92,24,802.0,0.209,0.525,0,15875.0,36,5.0,Online,Personal Loan,0,0.0860427963788613,4954,0,1,1,A,1,0.0,1905.0,1905.0
67,92374.31,21,715.0,0.256,0.381,0,7640.09,36,5.0,Online,Auto Refi,1,0.1312704248226119,53,0,1,1,A,1,4584.054,916.8108,-3667.2432
28,50590.67,11,670.0,0.292,0.509,0,13462.99,36,5.84,Branch,Personal Loan,0,0.191918296961171,14932,0,1,0,B,0,0.0,1615.5588,0.0
69,24614.67,8,711.0,0.269,0.539,0,16935.33,60,5.0,Partner,Debt Consolidation,0,0.1356346658607511,9263,0,1,1,A,1,0.0,2032.2396,2032.2396
64,73745.71,16,715.0,0.402,0.683,0,10845.6,36,18.39,Partner,Auto Refi,0,0.5539969008807306,6769,1,0,0,A,0,0.0,1301.472,0.0
31,32926.26,24,657.0,0.288,0.594,0,7268.14,36,7.68,Online,Personal Loan,1,0.2334688902682438,6463,0,1,0,A,1,4360.884,872.1768,-3488.7072
31,72705.16,8,552.0,0.513,0.453,0,2353.76,36,22.48,Online,Personal Loan,1,0.6359721596037485,3751,0,0,0,A,0,1412.256,282.45120000000003,0.0
63,69357.1,19,756.0,0.444,0.393,0,15531.66,36,5.0,Online,Personal Loan,0,0.1081980714405488,16408,0,0,1,A,0,0.0,1863.7992,0.0
38,36564.7,21,640.0,0.298,0.621,0,15335.85,60,9.79,Online,Auto Refi,0,0.3144058941974218,9807,0,1,0,B,0,0.0,1840.302,0.0
60,78707.63,9,652.0,0.36,0.566,0,2000.0,36,9.1,Online,Personal Loan,0,0.2722739474240618,7445,0,1,0,B,0,0.0,240.0,0.0
40,64877.31,11,631.0,0.242,0.385,1,14893.33,36,11.59,Online,Personal Loan,0,0.3718909594760208,19102,0,0,0,A,0,0.0,1787.1996,0.0
66,76805.19,21,668.0,0.188,0.522,0,9549.62,36,17.42,Partner,Auto Refi,0,0.4661347548847766,8895,1,0,0,A,0,0.0,1145.9544,0.0
48,34764.91,15,744.0,0.531,0.509,0,25193.54,60,5.0,Online,Auto Refi,0,0.1377585405450533,15086,0,0,1,A,0,0.0,3023.2248,0.0
24,46943.57,13,659.0,0.377,0.29,0,7367.56,36,6.21,Online,Debt Consolidation,1,0.2358682570804443,3425,0,1,0,B,0,4420.536,884.1072,0.0
46,54724.86,8,618.0,0.508,0.49,0,12744.36,60,15.13,Online,Auto Refi,0,0.5114619424997038,9812,0,0,0,A,0,0.0,1529.3232,0.0
35,56958.69,2,602.0,0.512,0.808,0,26772.0,36,20.84,Partner,Auto Refi,1,0.7098334014158536,10659,0,0,0,B,0,16063.199999999999,3212.64,0.0
64,54501.03,23,731.0,0.422,0.305,1,20013.52,36,5.0,Branch,Personal Loan,0,0.1480449825052009,3791,0,0,1,B,1,0.0,2401.6223999999997,2401.6223999999997
69,81820.78,3,701.0,0.267,0.626,0,18561.96,36,16.5,Partner,Auto Refi,1,0.4219495111134201,1204,1,0,0,B,0,11137.176,2227.4352,0.0
65,57969.41,12,673.0,0.488,0.444,0,9108.85,36,8.22,Partner,Debt Consolidation,0,0.2893764163105216,5673,0,0,0,A,0,0.0,1093.062,0.0
42,77410.68,13,739.0,0.413,0.535,0,13860.98,36,5.0,Online,Personal Loan,0,0.1029793188412459,10180,0,0,1,B,1,0.0,1663.3175999999999,1663.3175999999999
54,63745.8,22,748.0,0.288,0.443,0,17870.29,36,9.47,Branch,Auto Refi,0,0.2816916214597987,15367,1,0,0,A,0,0.0,2144.4348,0.0
63,60882.66,23,684.0,0.144,0.228,0,5349.44,60,5.0,Online,Personal Loan,0,0.1379228087507294,8899,0,1,1,B,1,0.0,641.9327999999999,641.9327999999999
49,62192.03,12,568.0,0.63,0.393,0,14815.38,36,22.43,Online,Auto Refi,1,0.7371805069471511,12117,0,0,0,A,0,8889.228,1777.8455999999999,0.0
63,107714.46,24,689.0,0.514,0.223,0,11172.36,36,5.34,Branch,Personal Loan,0,0.3017602700141634,7907,0,0,0,B,0,0.0,1340.6832,0.0
27,86602.42,8,684.0,0.548,0.479,0,9584.12,36,8.49,Online,Personal Loan,0,0.3183174782153108,4194,0,0,0,A,0,0.0,1150.0944,0.0
43,85791.19,22,805.0,0.255,0.846,0,2000.0,60,5.0,Partner,Personal Loan,0,0.0670564936016245,5237,0,1,1,B,1,0.0,240.0,240.0
53,88077.08,10,715.0,0.331,0.752,0,3997.37,36,5.0,Online,Personal Loan,0,0.1359464167548837,19474,0,1,1,A,1,0.0,479.6844,479.6844
23,51894.37,4,618.0,0.092,0.507,3,3673.81,60,21.04,Online,Auto Refi,1,0.4573759699331795,10216,0,0,0,A,0,2204.286,440.8572,0.0
35,61530.1,18,730.0,0.289,0.227,0,18324.74,36,5.0,Branch,Personal Loan,0,0.1124236353355489,5276,0,1,1,A,1,0.0,2198.9688,2198.9688
24,25027.78,4,737.0,0.27,0.473,0,13797.08,60,5.0,Branch,Personal Loan,0,0.0997443395001839,8326,0,1,1,A,1,0.0,1655.6496,1655.6496
32,66184.14,6,631.0,0.441,0.747,0,8028.6,36,15.17,Branch,Auto Refi,0,0.4627893109550462,9817,0,0,0,B,0,0.0,963.432,0.0
56,38322.98,16,612.0,0.402,0.509,1,7303.72,36,18.71,Branch,Personal Loan,0,0.5707345864376525,8067,0,0,0,B,0,0.0,876.4464,0.0
33,39105.27,5,806.0,0.454,0.528,0,28300.94,36,5.0,Partner,Personal Loan,0,0.0675053690171928,18172,0,0,1,A,0,0.0,3396.1128,0.0
60,85600.15,3,771.0,0.459,0.295,0,22385.16,36,5.0,Branch,Auto Refi,0,0.069009425492339,393,0,0,1,B,1,0.0,2686.2192,2686.2192
53,59829.2,6,558.0,0.294,0.413,0,15459.22,36,16.69,Partner,Auto Refi,0,0.5588036373058024,15469,0,0,0,A,0,0.0,1855.1064,0.0
48,42767.1,22,612.0,0.371,0.53,1,14853.58,60,18.32,Online,Personal Loan,0,0.5263358737795227,19420,0,0,0,A,0,0.0,1782.4296,0.0
69,76357.27,9,629.0,0.404,0.43,0,15120.54,36,10.99,Online,Personal Loan,0,0.3468479157375208,8514,0,0,0,B,0,0.0,1814.4648,0.0
68,62715.79,11,724.0,0.227,0.46,1,14109.7,36,5.0,Branch,Debt Consolidation,0,0.1513948756429094,14755,0,1,1,A,1,0.0,1693.164,1693.164
37,55538.69,1,677.0,0.244,0.604,0,13923.74,36,5.31,Online,Personal Loan,0,0.1517844093391231,8299,0,1,1,A,1,0.0,1670.8488,1670.8488
38,50220.69,23,637.0,0.23,0.416,1,25584.54,60,10.99,Online,Auto Refi,0,0.3650337147261703,1573,0,0,0,B,0,0.0,3070.1448,0.0
37,62284.01,9,675.0,0.352,0.455,0,2000.0,36,5.86,Partner,Auto Refi,1,0.1976811036993377,7290,0,1,0,A,1,1200.0,240.0,-960.0
55,83859.72,8,708.0,0.33,0.135,0,19682.65,36,5.0,Branch,Personal Loan,0,0.142081976769604,1864,0,1,1,A,1,0.0,2361.918,2361.918
25,78658.55,16,607.0,0.426,0.308,0,22335.11,60,12.48,Online,Debt Consolidation,1,0.4377654938523391,15947,0,0,0,A,0,13401.066,2680.2132,0.0
66,96040.29,20,743.0,0.438,0.569,1,5857.87,36,5.99,Online,Debt Consolidation,0,0.1620248719162775,16441,0,0,1,A,0,0.0,702.9444,0.0
43,92702.24,2,755.0,0.413,0.368,0,8391.12,60,5.0,Online,Auto Refi,0,0.0979085515768648,12238,0,0,1,B,1,0.0,1006.9344000000001,1006.9344000000001
21,63907.43,1,728.0,0.383,0.595,1,23193.65,36,6.62,Branch,Debt Consolidation,1,0.232688747709601,15626,0,1,0,B,0,13916.19,2783.2380000000003,0.0
64,74550.66,10,731.0,0.225,0.106,0,8380.78,36,5.0,Online,Personal Loan,0,0.0752254363790713,13052,0,1,1,B,1,0.0,1005.6936000000001,1005.6936000000001
45,45050.39,13,704.0,0.25,0.282,0,7186.9,36,5.0,Online,Auto Refi,0,0.1497109711466427,6896,0,1,1,A,1,0.0,862.4279999999999,862.4279999999999
43,78261.77,21,645.0,0.414,0.095,1,14010.1,36,10.29,Branch,Debt Consolidation,0,0.2946056166670092,6468,0,0,0,A,0,0.0,1681.212,0.0
39,69785.32,20,675.0,0.466,0.415,1,6636.13,60,11.56,Online,Personal Loan,0,0.3264681930573996,12316,0,0,0,B,0,0.0,796.3356,0.0
38,88012.25,12,664.0,0.144,0.716,1,25048.24,36,9.62,Online,Auto Refi,0,0.2967469641839016,8259,0,1,0,A,1,0.0,3005.7888000000003,3005.7888000000003
68,82000.3,15,721.0,0.183,0.082,1,17012.77,36,5.0,Online,Debt Consolidation,0,0.1148088220315328,14701,0,1,1,A,1,0.0,2041.5324,2041.5324
67,56090.42,18,783.0,0.314,0.255,0,24720.17,60,5.0,Branch,Debt Consolidation,0,0.066123380506322,2391,0,1,1,A,1,0.0,2966.4203999999995,2966.4203999999995
31,49324.06,11,771.0,0.245,0.664,1,2000.0,36,5.0,Online,Personal Loan,1,0.1098531812749182,1920,0,1,1,A,1,1200.0,240.0,-960.0
49,83966.03,10,582.0,0.669,0.554,0,19251.27,36,23.54,Branch,Personal Loan,1,0.7311965879480612,10330,0,0,0,B,0,11550.762,2310.1524,0.0
69,88356.81,16,748.0,0.376,0.666,0,17941.43,36,5.0,Online,Auto Refi,0,0.0980812547732921,15760,0,1,1,B,1,0.0,2152.9716,2152.9716
33,92897.57,19,659.0,0.477,0.545,0,17380.37,60,10.4,Branch,Personal Loan,0,0.3230462006949691,15083,0,0,0,B,0,0.0,2085.6443999999997,0.0
67,91948.67,5,715.0,0.264,0.18,0,19532.26,60,5.0,Branch,Personal Loan,0,0.1264442770614082,4963,0,1,1,A,1,0.0,2343.8711999999996,2343.8711999999996
54,69639.94,11,817.0,0.374,0.567,0,27399.78,36,5.0,Online,Auto Refi,0,0.0727719629518824,6734,0,1,1,B,1,0.0,3287.9736,3287.9736
65,98253.32,15,749.0,0.502,0.402,2,2000.0,60,8.72,Online,Personal Loan,0,0.2876094293813667,14480,0,0,0,B,0,0.0,240.0,0.0
23,67803.59,14,681.0,0.315,0.407,1,30373.88,60,8.03,Online,Debt Consolidation,1,0.2823725177843973,5087,0,1,0,A,1,18224.328,3644.8656,-14579.4624
31,75754.89,10,597.0,0.412,0.503,0,7400.9,36,15.72,Online,Auto Refi,0,0.4772418441273135,15097,0,0,0,A,0,0.0,888.108,0.0
43,22490.4,16,830.0,0.321,0.279,0,7915.05,60,5.0,Online,Auto Refi,0,0.0386221495178241,8397,0,1,1,B,1,0.0,949.806,949.806
65,47101.24,15,665.0,0.307,0.399,1,23239.19,36,9.38,Online,Personal Loan,1,0.2981957220395491,6635,0,1,0,B,0,13943.514,2788.7027999999996,0.0
36,76517.36,7,627.0,0.081,0.722,0,9581.78,60,8.07,Branch,Personal Loan,0,0.276215009352336,12413,0,0,0,B,0,0.0,1149.8136,0.0
64,78259.58,2,771.0,0.484,0.238,0,8519.46,60,5.0,Online,Auto Refi,1,0.081638765269838,1555,0,0,1,B,1,5111.6759999999995,1022.3351999999999,-4089.3407999999995
36,100665.42,17,658.0,0.532,0.65,0,24850.75,36,25.0,Online,Debt Consolidation,0,0.8255062258200216,15811,1,0,0,A,0,0.0,2982.0899999999997,0.0
34,73422.72,18,639.0,0.05,0.526,0,13861.83,36,5.0,Online,Personal Loan,0,0.1334851419163138,15413,0,0,1,B,1,0.0,1663.4196,1663.4196
54,73987.79,22,724.0,0.414,0.704,0,20491.71,60,5.0,Online,Personal Loan,1,0.1556540022006827,19103,0,0,1,B,1,12295.026,2459.0051999999996,-9836.0208
36,65618.24,7,696.0,0.322,0.672,0,19688.94,36,5.53,Online,Debt Consolidation,0,0.1646273013455469,6695,0,1,1,A,1,0.0,2362.6728,2362.6728
63,39357.84,24,722.0,0.526,0.65,0,13958.29,36,19.93,Online,Personal Loan,0,0.6023359695060823,11964,1,0,0,B,0,0.0,1674.9948,0.0
65,33540.65,7,651.0,0.246,0.0,0,10487.16,36,5.0,Online,Personal Loan,0,0.1165464687640416,6931,0,1,1,A,1,0.0,1258.4592,1258.4592
21,111146.09,4,659.0,0.46,0.3,0,15930.49,60,7.64,Branch,Auto Refi,0,0.2337911967383975,17174,0,0,0,A,0,0.0,1911.6588,0.0
50,75235.71,20,659.0,0.435,0.823,2,8587.5,60,25.0,Online,Personal Loan,1,0.8650333577202329,11796,1,0,0,A,0,5152.5,1030.5,0.0
66,70566.08,12,731.0,0.588,0.152,0,19614.38,60,5.0,Partner,Personal Loan,1,0.1122173781735789,11899,0,0,1,B,1,11768.628,2353.7256,-9414.9024
54,42989.48,12,680.0,0.199,0.43,0,14881.75,36,5.0,Online,Auto Refi,0,0.1683866544389213,17889,0,1,1,B,1,0.0,1785.81,1785.81
43,83245.65,7,704.0,0.279,0.87,0,15182.1,60,5.82,Online,Debt Consolidation,0,0.2611553052359459,6894,0,1,0,A,1,0.0,1821.852,1821.852
26,42860.85,5,558.0,0.323,0.401,0,14061.35,60,17.14,Branch,Debt Consolidation,1,0.5420742391917682,2278,0,0,0,B,0,8436.81,1687.362,0.0
38,97872.63,14,604.0,0.351,0.522,1,20100.42,36,18.66,Branch,Debt Consolidation,1,0.5593560523367676,9197,0,0,0,B,0,12060.251999999999,2412.0503999999996,0.0
24,59632.33,3,668.0,0.18,0.353,0,13612.34,36,5.0,Online,Auto Refi,0,0.1505456063468993,14985,0,1,1,A,1,0.0,1633.4808,1633.4808
44,77959.28,11,655.0,0.206,0.668,0,21488.49,60,7.16,Online,Auto Refi,0,0.218296849840658,13831,0,1,0,A,1,0.0,2578.6188,2578.6188
33,44226.46,13,623.0,0.213,0.576,1,20083.48,36,14.09,Branch,Personal Loan,1,0.4317722859650247,16196,0,0,0,B,0,12050.088,2410.0175999999997,0.0
59,44687.01,7,679.0,0.141,0.254,0,14993.08,36,5.0,Online,Personal Loan,0,0.1375069868510259,2873,0,1,1,A,1,0.0,1799.1696,1799.1696
35,77819.21,13,613.0,0.35,0.409,0,16371.86,36,11.4,Online,Debt Consolidation,0,0.3662536259840303,14045,0,0,0,B,0,0.0,1964.6232,0.0
62,50393.18,11,677.0,0.435,0.28,0,8680.62,36,5.57,Online,Auto Refi,0,0.1993341901216701,6028,0,0,0,B,0,0.0,1041.6744,0.0
65,53705.31,19,646.0,0.494,0.625,1,17149.49,36,18.06,Online,Personal Loan,1,0.5708873834988926,19124,0,0,0,B,0,10289.694000000001,2057.9388,0.0
60,56347.19,9,635.0,0.48,0.354,1,13848.5,36,15.84,Online,Personal Loan,0,0.4935800953491543,2811,0,0,0,B,0,0.0,1661.82,0.0
68,26419.97,7,684.0,0.485,0.295,0,28636.28,36,5.87,Online,Auto Refi,0,0.227271705270434,5182,0,0,0,A,0,0.0,3436.3536,0.0
69,59502.41,9,723.0,0.261,0.474,1,21325.32,36,5.0,Branch,Auto Refi,0,0.1514067847625889,18944,0,1,1,A,1,0.0,2559.0384,2559.0384
59,53961.61,18,718.0,0.282,0.165,1,18626.45,36,5.0,Online,Personal Loan,0,0.1511312030562544,6993,0,1,1,A,1,0.0,2235.174,2235.174
37,84642.93,7,706.0,0.067,0.336,1,17033.37,60,5.0,Partner,Personal Loan,0,0.1374665680833579,5563,0,1,1,A,1,0.0,2044.0043999999998,2044.0043999999998
60,70906.01,1,655.0,0.465,0.283,0,11507.0,36,8.0,Online,Personal Loan,0,0.2779345874584805,9627,0,0,0,B,0,0.0,1380.84,0.0
57,117053.37,19,716.0,0.503,0.448,0,7560.73,36,5.0,Online,Personal Loan,0,0.1069573067550435,14520,0,0,1,B,1,0.0,907.2875999999999,907.2875999999999
30,56702.0,15,691.0,0.295,0.452,0,14557.56,60,5.0,Online,Personal Loan,0,0.1525021046215015,4484,0,1,1,A,1,0.0,1746.9071999999999,1746.9071999999999
34,61304.93,19,648.0,0.313,0.507,0,13843.26,60,8.06,Online,Personal Loan,0,0.2711103775611221,3919,0,1,0,B,0,0.0,1661.1912,0.0
43,48137.9,1,749.0,0.289,0.609,0,6145.32,60,5.0,Online,Personal Loan,1,0.0836422605415083,6813,0,1,1,B,1,3687.1919999999996,737.4383999999999,-2949.7535999999996
36,21057.26,2,718.0,0.293,0.339,0,18648.36,60,5.0,Branch,Personal Loan,0,0.1391758297236476,14879,0,1,1,B,1,0.0,2237.8032,2237.8032
56,63551.31,19,673.0,0.577,0.44,0,20718.77,60,9.81,Branch,Personal Loan,1,0.3570393015218558,4427,0,0,0,A,0,12431.262,2486.2524,0.0
54,73898.07,13,560.0,0.256,0.628,0,7366.61,60,18.19,Online,Debt Consolidation,0,0.5672138227259576,13645,0,0,0,A,0,0.0,883.9931999999999,0.0
49,75823.7,1,784.0,0.209,0.52,0,15661.34,36,5.0,Online,Auto Refi,0,0.0731806347178542,2280,0,1,1,A,1,0.0,1879.3608,1879.3608
44,59626.91,14,796.0,0.106,0.098,0,23361.02,36,5.0,Partner,Personal Loan,0,0.0554271734170394,1553,0,1,1,B,1,0.0,2803.3224,2803.3224
38,128855.69,22,680.0,0.596,0.338,0,8109.6,36,8.42,Branch,Debt Consolidation,0,0.2338131233153211,16102,0,0,0,A,0,0.0,973.152,0.0
46,59750.45,1,697.0,0.185,0.429,0,11689.5,36,5.0,Online,Personal Loan,0,0.1464804213068103,14789,0,1,1,A,1,0.0,1402.74,1402.74
36,64039.92,5,734.0,0.511,0.176,0,9146.96,60,5.0,Online,Personal Loan,0,0.1004470052331534,18723,0,0,1,A,0,0.0,1097.6352,0.0
55,84869.77,22,671.0,0.301,0.343,0,13520.43,36,5.0,Partner,Debt Consolidation,0,0.1509990253549119,271,0,1,1,A,1,0.0,1622.4515999999999,1622.4515999999999
67,77388.78,18,732.0,0.466,0.655,1,11112.3,60,8.18,Online,Personal Loan,1,0.2337788579332952,14760,0,0,0,A,0,6667.379999999999,1333.4759999999999,0.0
47,68508.84,15,749.0,0.34,0.388,0,24074.39,36,5.0,Online,Personal Loan,0,0.1025309647071193,11649,0,1,1,A,1,0.0,2888.9267999999997,2888.9267999999997
36,56746.44,9,670.0,0.236,0.562,0,4976.33,36,18.72,Online,Personal Loan,1,0.4942055631752854,6904,1,0,0,B,0,2985.798,597.1596,0.0
66,73689.1,6,611.0,0.377,0.402,0,22679.59,36,12.13,Online,Debt Consolidation,0,0.3942436358871518,6041,0,0,0,B,0,0.0,2721.5508,0.0
24,20000.0,2,543.0,0.442,0.08,0,15611.33,36,17.74,Online,Auto Refi,0,0.5212981425311309,13002,0,0,0,A,0,0.0,1873.3596,0.0
31,83590.51,8,771.0,0.281,0.19,0,11228.02,60,5.0,Partner,Personal Loan,0,0.0725581894581236,2689,0,1,1,A,1,0.0,1347.3624,1347.3624
25,57045.89,20,718.0,0.589,0.511,0,7971.22,36,6.4,Online,Personal Loan,0,0.2414478569001581,16504,0,0,0,B,0,0.0,956.5464,0.0
69,67706.73,7,683.0,0.254,0.795,0,11842.79,60,6.52,Branch,Personal Loan,0,0.242976795678378,11060,0,1,0,B,0,0.0,1421.1348,0.0
41,57419.04,0,647.0,0.376,0.062,0,19079.58,60,5.36,Online,Personal Loan,1,0.1570660036883065,4088,0,1,1,A,1,11447.748000000001,2289.5496000000003,-9158.198400000001
25,64116.51,5,564.0,0.436,0.356,0,14042.24,36,18.41,Branch,Debt Consolidation,1,0.5359736612980369,17135,0,0,0,A,0,8425.344,1685.0688,0.0
37,52345.23,9,710.0,0.226,0.784,0,8700.62,60,5.0,Online,Personal Loan,0,0.1386962860009347,13743,0,1,1,A,1,0.0,1044.0744,1044.0744
39,42597.35,2,605.0,0.457,0.487,0,7384.95,36,15.43,Branch,Auto Refi,0,0.4511701833693023,19461,0,0,0,A,0,0.0,886.194,0.0
61,113937.88,7,601.0,0.404,0.383,1,20949.9,36,18.54,Partner,Debt Consolidation,1,0.5190990493545801,14927,0,0,0,B,0,12569.94,2513.9880000000003,0.0
31,80624.77,9,729.0,0.24,0.381,0,15786.47,60,5.0,Online,Auto Refi,1,0.1126690800573758,1446,0,1,1,A,1,9471.882,1894.3763999999999,-7577.5055999999995
40,79921.65,13,684.0,0.564,0.32,0,18551.46,36,7.32,Online,Personal Loan,0,0.2740563909703284,18908,0,0,0,A,0,0.0,2226.1751999999997,0.0
63,75144.5,22,658.0,0.372,0.501,1,16070.05,36,12.55,Partner,Auto Refi,0,0.4049503116095491,1465,0,1,0,A,1,0.0,1928.406,1928.406
67,46570.48,22,605.0,0.182,0.0,0,20067.43,60,5.35,Branch,Debt Consolidation,0,0.1545462861493293,19942,0,0,1,A,0,0.0,2408.0915999999997,0.0
60,57258.8,2,727.0,0.203,0.675,2,9580.57,60,8.22,Branch,Debt Consolidation,0,0.2776661105719313,11790,0,0,0,B,0,0.0,1149.6684,0.0
49,56692.79,14,593.0,0.421,0.299,1,28543.8,36,18.83,Online,Personal Loan,0,0.6249849559685868,15943,0,0,0,B,0,0.0,3425.256,0.0
36,64465.46,16,624.0,0.315,0.336,0,14139.37,60,8.86,Online,Personal Loan,0,0.2987152327121847,8364,0,0,0,B,0,0.0,1696.7244,0.0
24,59732.92,3,765.0,0.266,0.689,0,7254.88,36,5.0,Online,Auto Refi,0,0.0707401253724504,14453,0,1,1,A,1,0.0,870.5856,870.5856
39,100994.71,3,705.0,0.11,0.355,1,27656.25,36,5.0,Online,Personal Loan,0,0.1553063948552238,16220,0,1,1,A,1,0.0,3318.75,3318.75
39,47742.59,23,689.0,0.346,0.614,0,13813.77,60,5.97,Online,Personal Loan,0,0.1873754417012518,4200,0,1,0,B,0,0.0,1657.6524,0.0
33,74059.75,11,704.0,0.156,0.416,2,17914.71,36,7.11,Partner,Personal Loan,0,0.2543778981558419,14807,0,0,0,A,0,0.0,2149.7652,0.0
64,80654.72,14,782.0,0.406,0.236,0,26084.17,36,5.0,Online,Auto Refi,0,0.0735756068256997,16641,0,0,1,A,0,0.0,3130.1004,0.0
42,83488.3,0,752.0,0.225,0.698,1,14056.17,36,5.0,Partner,Personal Loan,0,0.1150841137831723,19394,0,1,1,B,1,0.0,1686.7404,1686.7404
42,61309.04,11,614.0,0.269,0.206,0,2028.13,60,7.75,Branch,Auto Refi,1,0.2600046862310924,12353,0,0,0,B,0,1216.878,243.3756,0.0
47,66299.68,23,777.0,0.248,0.277,0,2000.0,36,5.0,Branch,Auto Refi,0,0.0739359562220975,12953,0,1,1,B,1,0.0,240.0,240.0
39,41980.32,4,630.0,0.32,0.163,1,18370.57,36,10.82,Online,Debt Consolidation,0,0.3523135277177838,5471,0,0,0,B,0,0.0,2204.4683999999997,0.0
34,85262.94,21,808.0,0.339,0.564,0,13558.53,36,5.0,Online,Personal Loan,0,0.0660703251519641,6301,0,1,1,A,1,0.0,1627.0236,1627.0236
45,53057.14,9,606.0,0.247,0.511,0,17367.05,36,11.2,Online,Personal Loan,1,0.3517142737298746,688,0,0,0,A,0,10420.23,2084.046,0.0
38,80746.77,2,830.0,0.38,0.847,0,22759.49,36,5.0,Partner,Debt Consolidation,0,0.0670541513450507,10542,0,1,1,B,1,0.0,2731.1388,2731.1388
32,38055.99,24,599.0,0.12,0.338,0,20731.41,60,7.78,Partner,Personal Loan,1,0.2668505145362906,9762,0,0,0,A,0,12438.846,2487.7691999999997,0.0
32,59067.96,18,691.0,0.483,0.701,0,2000.0,36,8.8,Online,Personal Loan,1,0.2895124123037345,2828,0,0,0,B,0,1200.0,240.0,0.0
43,39605.31,18,611.0,0.353,0.544,1,5071.86,60,18.22,Online,Debt Consolidation,0,0.5309732051450908,16945,0,0,0,B,0,0.0,608.6231999999999,0.0
38,52546.09,10,656.0,0.375,0.32,0,13613.86,60,6.72,Partner,Personal Loan,1,0.245378905640041,17985,0,1,0,A,1,8168.316,1633.6632,-6534.6528
57,80643.98,3,727.0,0.28,0.264,0,11675.35,36,5.0,Online,Auto Refi,0,0.1139517063376204,3767,0,1,1,B,1,0.0,1401.042,1401.042
53,79023.87,17,660.0,0.445,0.353,0,10262.89,36,7.81,Online,Personal Loan,0,0.2739733608369978,18566,0,0,0,A,0,0.0,1231.5467999999998,0.0
45,63359.73,8,683.0,0.53,0.562,2,7434.42,60,18.62,Branch,Personal Loan,1,0.5332228735248725,3323,0,0,0,A,0,4460.652,892.1304,0.0
59,57156.55,14,721.0,0.278,0.363,0,19705.48,36,5.0,Branch,Debt Consolidation,0,0.1346953101682292,17603,0,1,1,A,1,0.0,2364.6576,2364.6576
38,29165.33,15,642.0,0.488,0.607,0,12274.6,36,13.16,Online,Debt Consolidation,0,0.4808160965085282,18860,0,0,0,A,0,0.0,1472.952,0.0
66,61361.45,10,687.0,0.3,0.565,0,15788.46,60,18.19,Branch,Debt Consolidation,1,0.4945399633557076,9044,1,0,0,B,0,9473.076,1894.6151999999997,0.0
49,97368.64,23,652.0,0.231,0.567,1,14593.57,36,11.07,Online,Debt Consolidation,0,0.374211571475121,18053,0,1,0,A,1,0.0,1751.2284,1751.2284
41,60211.78,14,745.0,0.291,0.358,0,11851.64,36,5.0,Partner,Personal Loan,0,0.0974254885907065,14399,0,1,1,B,1,0.0,1422.1968,1422.1968
53,62356.13,20,693.0,0.317,0.705,1,25925.39,36,9.79,Branch,Personal Loan,1,0.3254402004908527,15163,0,1,0,B,0,15555.233999999999,3111.0467999999996,0.0
25,62757.96,13,830.0,0.298,0.264,0,9282.58,60,5.0,Online,Debt Consolidation,0,0.0352326937819008,8941,0,1,1,B,1,0.0,1113.9096,1113.9096
37,112476.05,18,581.0,0.284,0.609,0,11496.03,60,16.0,Partner,Auto Refi,0,0.4951915998905183,13422,0,0,0,B,0,0.0,1379.5236,0.0
51,90900.58,15,715.0,0.364,0.391,0,12816.74,36,5.0,Online,Personal Loan,0,0.1501698380174352,9784,0,1,1,A,1,0.0,1538.0087999999998,1538.0087999999998
22,95171.58,6,765.0,0.405,0.223,0,18076.43,36,5.0,Partner,Auto Refi,0,0.0803954681568538,12409,0,0,1,A,0,0.0,2169.1716,0.0
41,67955.51,10,623.0,0.329,0.566,2,14904.46,36,25.0,Online,Debt Consolidation,1,0.7514610413371099,18849,1,0,0,B,0,8942.676,1788.5351999999998,0.0
58,61852.36,7,715.0,0.399,0.644,0,17219.73,36,5.0,Online,Personal Loan,1,0.1544503577971687,3678,0,1,1,B,1,10331.838,2066.3676,-8265.4704
46,70949.61,0,707.0,0.323,0.426,0,21036.65,60,5.0,Partner,Personal Loan,1,0.1351442770075112,8985,0,1,1,A,1,12621.99,2524.398,-10097.592
22,54282.39,6,691.0,0.378,0.402,0,19794.51,60,5.0,Branch,Personal Loan,0,0.1871846414864742,4614,0,1,0,B,0,0.0,2375.3412,0.0
29,50164.04,16,719.0,0.133,0.386,0,22602.09,60,5.0,Online,Debt Consolidation,0,0.1341921979579879,15888,0,1,1,A,1,0.0,2712.2508,2712.2508
44,73613.22,19,614.0,0.606,0.373,0,8610.83,60,16.36,Online,Personal Loan,1,0.5234848208542872,12779,0,0,0,B,0,5166.498,1033.2996,0.0
44,58666.95,5,734.0,0.465,0.617,1,21425.4,36,7.6,Branch,Debt Consolidation,0,0.2191876344939809,104,0,0,0,A,0,0.0,2571.0480000000002,0.0
44,47485.23,21,605.0,0.256,0.417,0,11183.63,36,10.54,Online,Debt Consolidation,0,0.3352285475980666,13850,0,0,0,B,0,0.0,1342.0356,0.0
47,29524.35,4,664.0,0.217,0.358,1,5876.91,36,7.48,Branch,Auto Refi,0,0.250265919775657,130,0,1,0,B,0,0.0,705.2292,0.0
35,71783.2,19,721.0,0.363,0.276,1,11932.57,60,5.0,Online,Personal Loan,0,0.154091410881255,3078,0,1,1,A,1,0.0,1431.9083999999998,1431.9083999999998
26,69156.27,14,707.0,0.381,0.629,0,19316.71,60,5.13,Online,Personal Loan,0,0.1491677485327883,9011,0,1,1,B,1,0.0,2318.0051999999996,2318.0051999999996
27,74385.36,10,604.0,0.413,0.478,0,16084.27,36,14.52,Online,Personal Loan,1,0.4345848149244959,556,0,0,0,B,0,9650.562,1930.1124,0.0
48,69636.07,6,689.0,0.364,0.447,0,4946.09,36,17.82,Online,Personal Loan,1,0.5064136941027935,1785,1,0,0,A,0,2967.654,593.5308,0.0
68,73310.2,7,773.0,0.322,0.212,0,16298.48,36,5.0,Branch,Personal Loan,1,0.0668207432181972,5457,0,1,1,B,1,9779.088,1955.8175999999999,-7823.270399999999
47,98110.27,14,643.0,0.213,0.714,0,22056.37,36,8.81,Online,Personal Loan,1,0.2958189193084498,5193,0,1,0,A,1,13233.821999999998,2646.7643999999996,-10587.057599999998
60,27769.14,12,662.0,0.28,0.459,0,23093.67,36,5.94,Partner,Personal Loan,0,0.2057853541840427,7920,0,1,0,A,1,0.0,2771.2403999999997,2771.2403999999997
40,72112.22,8,661.0,0.05,0.466,1,30640.06,36,6.0,Branch,Auto Refi,1,0.1786752853705373,11546,0,1,1,B,1,18384.036,3676.8072,-14707.2288
46,85071.57,23,670.0,0.345,0.547,0,20600.03,36,7.01,Online,Auto Refi,1,0.2183088431597348,551,0,1,0,B,0,12360.017999999998,2472.0035999999996,0.0
41,56877.6,18,654.0,0.192,0.562,0,16539.33,60,6.12,Online,Personal Loan,0,0.2082625276753385,11394,0,1,0,B,0,0.0,1984.7196000000001,0.0
50,85773.51,18,620.0,0.396,0.375,1,19004.26,60,16.01,Branch,Debt Consolidation,0,0.4737771285948113,2329,0,0,0,B,0,0.0,2280.5112,0.0
47,119168.06,6,655.0,0.216,0.167,0,12075.18,36,5.0,Online,Debt Consolidation,0,0.1145951848839638,14779,0,1,1,B,1,0.0,1449.0216,1449.0216
29,40433.83,2,724.0,0.349,0.648,0,5797.63,60,5.0,Branch,Personal Loan,1,0.1515596853869384,19872,0,1,1,B,1,3478.578,695.7156,-2782.8624
68,57613.15,23,596.0,0.316,0.316,0,20127.66,60,11.54,Online,Personal Loan,1,0.3469204605232786,10261,0,0,0,B,0,12076.596,2415.3192,0.0
25,49356.5,14,697.0,0.428,0.684,1,20126.74,36,11.34,Online,Personal Loan,0,0.3795037819179671,2664,0,0,0,A,0,0.0,2415.2088,0.0
34,73745.23,24,737.0,0.387,0.32,0,13998.26,36,5.0,Branch,Auto Refi,0,0.0983724584995637,2410,0,1,1,B,1,0.0,1679.7912,1679.7912
42,80148.66,9,830.0,0.423,0.324,0,15865.77,36,5.0,Online,Personal Loan,0,0.0441169091453702,2362,0,0,1,A,0,0.0,1903.8924,0.0
29,78932.89,24,598.0,0.286,0.042,0,28451.7,60,7.95,Online,Personal Loan,0,0.3998361684573942,2138,0,0,0,B,0,0.0,3414.204,0.0
52,69963.59,7,783.0,0.214,0.6,0,15154.92,36,5.0,Online,Debt Consolidation,0,0.0815871623864568,5929,0,1,1,B,1,0.0,1818.5904,1818.5904
46,42049.05,9,480.0,0.431,0.44,1,12433.96,36,25.0,Online,Debt Consolidation,1,0.7952638075112973,12718,0,0,0,A,0,7460.375999999999,1492.0751999999998,0.0
56,45726.32,10,731.0,0.243,0.42,0,15643.03,60,5.0,Branch,Debt Consolidation,0,0.1062158304554772,407,0,1,1,B,1,0.0,1877.1636,1877.1636
58,70326.6,4,624.0,0.381,0.484,0,16279.42,60,11.68,Online,Personal Loan,0,0.3940739853579651,19568,0,0,0,B,0,0.0,1953.5303999999999,0.0
25,88047.85,7,630.0,0.195,0.621,0,28141.14,36,8.89,Online,Auto Refi,0,0.2961460535975766,19526,0,0,0,A,0,0.0,3376.9368,0.0
31,76552.61,15,701.0,0.336,0.537,2,25129.96,60,12.08,Branch,Personal Loan,0,0.3498212981649902,7832,0,0,0,B,0,0.0,3015.5951999999997,0.0
64,54262.74,2,583.0,0.307,0.409,0,2000.0,36,25.0,Partner,Auto Refi,1,0.786409868801189,9536,1,0,0,B,0,1200.0,240.0,0.0
69,37472.87,3,664.0,0.378,0.747,0,5441.36,60,10.1,Online,Personal Loan,0,0.3100925642952243,3121,0,1,0,B,0,0.0,652.9631999999999,0.0
25,64356.39,5,721.0,0.271,0.467,0,6791.59,36,5.0,Online,Debt Consolidation,0,0.1361003502914041,2501,0,1,1,A,1,0.0,814.9908,814.9908
43,41204.83,15,498.0,0.226,0.404,0,25099.39,36,22.1,Online,Auto Refi,1,0.7237441402072212,2870,0,0,0,B,0,15059.633999999998,3011.9267999999997,0.0
39,63287.09,8,728.0,0.319,0.546,0,23442.97,60,5.0,Online,Debt Consolidation,0,0.1217249983496276,10672,0,1,1,B,1,0.0,2813.1564,2813.1564
35,59741.24,7,640.0,0.336,0.267,0,16249.58,36,7.05,Online,Personal Loan,0,0.2219815519842895,13102,0,1,0,B,0,0.0,1949.9496,0.0
65,62752.82,23,675.0,0.322,0.304,0,2000.0,36,5.0,Partner,Personal Loan,0,0.1458655374732912,7355,0,1,1,B,1,0.0,240.0,240.0
43,59548.05,15,591.0,0.089,0.373,0,15481.66,36,8.38,Online,Debt Consolidation,0,0.2759591900448198,15801,0,0,0,A,0,0.0,1857.7992,0.0
60,74713.34,21,773.0,0.411,0.512,0,16285.46,36,5.0,Partner,Debt Consolidation,0,0.0899213019722156,11817,0,0,1,A,0,0.0,1954.2551999999998,0.0
37,57362.33,19,754.0,0.295,0.265,0,16028.75,36,5.0,Branch,Personal Loan,0,0.0938539081078162,17157,0,1,1,B,1,0.0,1923.4499999999998,1923.4499999999998
40,43577.34,5,704.0,0.438,0.348,0,10053.64,36,5.0,Partner,Personal Loan,0,0.1735384976218654,4123,0,0,1,B,1,0.0,1206.4368,1206.4368
26,54057.88,15,542.0,0.525,0.278,0,12337.64,36,25.0,Online,Personal Loan,1,0.7949902769434576,19484,1,0,0,A,0,7402.583999999999,1480.5167999999999,0.0
44,54922.72,11,750.0,0.249,0.524,1,17388.0,36,5.0,Online,Personal Loan,0,0.1153934218803436,14772,0,1,1,A,1,0.0,2086.56,2086.56
61,72694.2,15,700.0,0.35,0.909,0,14448.94,60,7.66,Branch,Debt Consolidation,0,0.3195619959652559,13073,0,1,0,B,0,0.0,1733.8728,0.0
66,92997.85,22,787.0,0.193,0.396,0,13368.83,36,5.0,Online,Auto Refi,0,0.0740343804965469,4415,0,1,1,A,1,0.0,1604.2595999999999,1604.2595999999999
38,69306.1,14,680.0,0.239,0.607,1,29460.8,36,8.72,Online,Auto Refi,0,0.3148343440116046,1515,0,1,0,B,0,0.0,3535.296,0.0
27,72393.46,13,758.0,0.196,0.214,0,14560.05,36,5.0,Branch,Personal Loan,0,0.087905588398314,7336,0,1,1,A,1,0.0,1747.206,1747.206
62,53793.08,11,622.0,0.334,0.333,1,10574.15,60,13.9,Branch,Personal Loan,0,0.4176485389999214,17545,0,0,0,A,0,0.0,1268.898,0.0
28,81764.25,17,714.0,0.219,0.342,0,11124.6,36,5.0,Online,Debt Consolidation,0,0.1354523224104246,16176,0,1,1,A,1,0.0,1334.952,1334.952
55,86008.41,17,799.0,0.23,0.0,0,7572.74,60,5.0,Online,Debt Consolidation,0,0.0632790888287318,8432,0,1,1,A,1,0.0,908.7288,908.7288
67,55449.25,20,652.0,0.331,0.686,0,20398.33,60,9.84,Online,Auto Refi,1,0.283244327805313,6072,0,1,0,B,0,12238.998000000001,2447.7996000000003,0.0
48,56101.62,22,784.0,0.199,0.239,1,15917.88,36,5.0,Online,Debt Consolidation,0,0.1094306347874139,6434,0,1,1,A,1,0.0,1910.1455999999998,1910.1455999999998
66,83791.2,12,697.0,0.42,0.914,1,9885.61,36,13.75,Partner,Personal Loan,0,0.392813688721525,5725,0,0,0,A,0,0.0,1186.2732,0.0
46,83750.12,9,523.0,0.22,0.62,0,17415.92,36,21.63,Branch,Personal Loan,1,0.6721762794760502,15867,0,0,0,B,0,10449.551999999998,2089.9103999999998,0.0
40,60706.96,1,709.0,0.374,0.795,1,18772.58,36,10.16,Partner,Auto Refi,0,0.3073722450690676,8444,0,1,0,A,1,0.0,2252.7096,2252.7096
38,68900.37,11,735.0,0.312,0.397,1,29414.23,60,5.0,Online,Personal Loan,0,0.1311369528760322,16682,0,1,1,A,1,0.0,3529.7075999999997,3529.7075999999997
47,74541.29,12,592.0,0.518,0.42,0,14524.09,60,17.57,Online,Personal Loan,1,0.5146862490826144,18296,0,0,0,B,0,8714.454,1742.8908,0.0
22,75636.97,18,830.0,0.27,0.436,1,16473.64,60,5.0,Online,Auto Refi,0,0.0609193956490638,6085,0,1,1,A,1,0.0,1976.8367999999998,1976.8367999999998
42,61628.96,1,605.0,0.317,0.383,1,7544.54,36,16.16,Online,Auto Refi,1,0.5008509524127963,16772,0,0,0,B,0,4526.724,905.3448,0.0
37,79472.8,17,565.0,0.337,0.22,1,13310.13,36,19.41,Partner,Personal Loan,1,0.6080890164513343,16606,0,0,0,B,0,7986.0779999999995,1597.2155999999998,0.0
32,98250.36,16,566.0,0.208,0.604,0,23924.24,36,16.1,Online,Personal Loan,0,0.4935427804695968,10179,0,0,0,B,0,0.0,2870.9088,0.0
34,42140.12,21,580.0,0.202,0.512,0,2000.0,36,13.25,Online,Debt Consolidation,0,0.4217180150024027,624,0,0,0,B,0,0.0,240.0,0.0
50,85558.49,19,751.0,0.252,0.474,0,12228.12,36,5.0,Branch,Debt Consolidation,0,0.0993655882518558,5052,0,1,1,A,1,0.0,1467.3744000000002,1467.3744000000002
48,83330.13,1,768.0,0.295,0.217,0,11769.36,36,5.0,Online,Auto Refi,0,0.0660481617526061,10941,0,1,1,B,1,0.0,1412.3232,1412.3232
57,90822.91,15,688.0,0.349,0.98,0,26126.05,36,9.49,Online,Auto Refi,1,0.3851362142297198,14857,0,1,0,A,1,15675.63,3135.1259999999997,-12540.503999999999
60,74264.09,5,756.0,0.595,0.412,0,19121.26,60,5.0,Partner,Personal Loan,0,0.1284230494473458,16790,0,0,1,A,0,0.0,2294.5512,0.0
30,91994.25,8,665.0,0.464,0.285,0,21387.08,36,7.04,Branch,Debt Consolidation,1,0.2217452372721632,18447,0,0,0,A,0,12832.248000000001,2566.4496,0.0
34,56763.85,1,713.0,0.325,0.323,1,12799.78,60,5.0,Online,Personal Loan,0,0.1443138256296444,9468,0,1,1,A,1,0.0,1535.9736,1535.9736
26,55535.08,15,698.0,0.544,0.306,0,20109.41,36,5.71,Online,Auto Refi,1,0.2398137648420511,228,0,0,0,A,0,12065.645999999999,2413.1292,0.0
51,49394.64,8,712.0,0.236,0.585,1,17850.54,36,5.63,Branch,Personal Loan,0,0.19827527477696,9937,0,1,0,A,1,0.0,2142.0648,2142.0648
63,70973.55,24,670.0,0.312,0.234,1,5198.49,60,7.38,Branch,Personal Loan,0,0.2422792642999517,1170,0,1,0,A,1,0.0,623.8187999999999,623.8187999999999
33,89905.72,0,595.0,0.357,0.439,0,2000.0,36,13.99,Branch,Personal Loan,1,0.4427790207648845,14823,0,0,0,A,0,1200.0,240.0,0.0
48,47054.85,15,733.0,0.312,0.503,0,6765.72,36,5.0,Online,Auto Refi,0,0.1060500995155588,180,0,1,1,A,1,0.0,811.8864,811.8864
36,26490.16,9,695.0,0.368,0.42,0,8783.06,36,5.0,Online,Debt Consolidation,0,0.1554030546294874,14194,0,1,1,A,1,0.0,1053.9671999999998,1053.9671999999998
60,57721.19,13,652.0,0.483,0.381,1,11468.36,36,14.12,Online,Debt Consolidation,0,0.4407379371874483,3878,0,0,0,B,0,0.0,1376.2032,0.0
68,93619.18,2,497.0,0.05,0.636,0,28287.22,36,21.18,Partner,Personal Loan,0,0.6637098482948539,13474,0,0,0,B,0,0.0,3394.4664,0.0
27,53128.18,21,536.0,0.348,0.059,0,22558.82,60,16.26,Online,Personal Loan,1,0.4179317942245684,12203,0,0,0,B,0,13535.292,2707.0584,0.0
55,78648.21,2,608.0,0.248,0.279,1,13692.08,36,13.15,Online,Debt Consolidation,1,0.4155734435131221,2090,0,0,0,A,0,8215.248,1643.0495999999998,0.0
40,73705.14,21,677.0,0.313,0.471,0,19404.98,60,5.33,Branch,Personal Loan,1,0.1842755597647949,13660,0,1,0,B,0,11642.988,2328.5976,0.0
64,78718.11,22,718.0,0.486,0.425,0,17654.32,36,16.77,Online,Debt Consolidation,1,0.4855394813394749,225,1,0,0,B,0,10592.591999999999,2118.5184,0.0
57,63605.3,3,631.0,0.345,0.286,1,18420.96,36,12.56,Partner,Auto Refi,0,0.3862541059225844,19006,0,0,0,B,0,0.0,2210.5152,0.0
39,48664.51,3,613.0,0.302,0.591,0,20329.4,36,12.5,Branch,Debt Consolidation,0,0.348420783792548,9881,0,0,0,A,0,0.0,2439.5280000000002,0.0
38,48472.19,23,729.0,0.224,0.465,0,25021.07,60,5.0,Online,Personal Loan,0,0.1225005571160468,8094,0,1,1,A,1,0.0,3002.5283999999997,3002.5283999999997
27,60213.13,16,716.0,0.485,0.178,0,23058.2,36,5.0,Online,Personal Loan,1,0.1518599392218289,7326,0,0,1,A,0,13834.92,2766.984,0.0
65,71389.93,1,670.0,0.477,0.353,0,26986.41,36,7.4,Online,Personal Loan,1,0.3627998945006218,4533,0,0,0,A,0,16191.846,3238.3691999999996,0.0
69,83312.24,15,637.0,0.451,0.544,1,21294.15,60,17.16,Partner,Personal Loan,0,0.4821778577503298,16451,0,0,0,B,0,0.0,2555.2980000000002,0.0
39,73234.0,22,619.0,0.257,0.506,0,26258.43,36,9.95,Online,Personal Loan,1,0.3161930914065733,11580,0,0,0,B,0,15755.057999999999,3151.0116,0.0
46,76940.31,9,557.0,0.208,0.707,0,18164.37,36,18.36,Online,Personal Loan,0,0.5259078950755547,10198,0,0,0,B,0,0.0,2179.7243999999996,0.0
66,47422.23,16,779.0,0.355,0.671,0,20905.22,60,5.0,Online,Debt Consolidation,0,0.0762383962431458,6361,0,1,1,B,1,0.0,2508.6264,2508.6264
67,85273.61,23,708.0,0.228,0.618,0,17270.3,60,14.72,Branch,Debt Consolidation,0,0.3486335355887923,19531,1,0,0,A,0,0.0,2072.4359999999997,0.0
67,67500.66,7,634.0,0.198,0.43,0,15624.4,36,6.82,Online,Auto Refi,0,0.213537358648926,6211,0,0,0,A,0,0.0,1874.9279999999999,0.0
28,53885.39,11,709.0,0.296,0.565,0,23381.38,60,5.0,Online,Personal Loan,0,0.1312512181181304,16966,0,1,1,A,1,0.0,2805.7656,2805.7656
31,66103.31,24,678.0,0.41,0.496,0,13002.35,36,6.89,Branch,Personal Loan,0,0.2488795528378299,1072,0,0,0,B,0,0.0,1560.282,0.0
69,81325.26,16,704.0,0.181,0.978,0,17088.85,36,5.24,Online,Personal Loan,0,0.2887205414181527,9663,0,1,0,A,1,0.0,2050.662,2050.662
34,68968.97,1,618.0,0.38,0.14,0,12037.86,60,8.68,Online,Debt Consolidation,1,0.3056530844602061,19327,0,0,0,A,0,7222.716,1444.5432,0.0
66,22973.69,17,543.0,0.195,0.626,0,15803.11,36,18.81,Online,Debt Consolidation,1,0.5873390714373,6704,0,0,0,B,0,9481.866,1896.3732,0.0
22,26278.93,12,791.0,0.404,0.537,0,21281.9,36,5.0,Online,Personal Loan,0,0.0830640010324424,11822,0,0,1,B,1,0.0,2553.828,2553.828
28,68631.56,9,782.0,0.317,0.464,1,15322.71,60,5.0,Online,Debt Consolidation,0,0.1053686000265536,9726,0,1,1,A,1,0.0,1838.7251999999999,1838.7251999999999
68,85318.43,22,617.0,0.553,0.415,0,2209.69,60,15.27,Online,Personal Loan,0,0.4980360814458799,16023,0,0,0,A,0,0.0,265.1628,0.0
44,44654.21,23,664.0,0.173,0.037,0,11718.84,60,5.0,Online,Personal Loan,0,0.1724058318182629,18203,0,1,1,A,1,0.0,1406.2608,1406.2608
27,86716.89,4,662.0,0.333,0.512,0,24072.31,36,7.2,Branch,Personal Loan,1,0.242156832050909,19380,0,1,0,A,1,14443.386,2888.6772,-11554.7088
37,60424.08,14,644.0,0.414,0.395,0,18291.03,60,9.19,Branch,Personal Loan,0,0.3341478853142265,4036,0,0,0,A,0,0.0,2194.9235999999996,0.0
23,68726.69,12,679.0,0.265,0.382,0,17545.37,36,5.0,Online,Personal Loan,0,0.1363537073393287,4950,0,1,1,A,1,0.0,2105.4444,2105.4444
66,89585.54,19,669.0,0.104,0.655,0,22766.76,36,5.0,Online,Personal Loan,1,0.1219531286625014,1618,0,1,1,B,1,13660.055999999999,2732.0112,-10928.0448
44,71031.44,0,754.0,0.26,0.744,0,16404.02,60,5.0,Online,Debt Consolidation,0,0.0898344413073241,363,0,1,1,B,1,0.0,1968.4823999999999,1968.4823999999999
53,44235.34,13,670.0,0.383,0.475,0,14344.17,60,6.98,Branch,Debt Consolidation,1,0.2578630617208843,11415,0,1,0,B,0,8606.502,1721.3003999999999,0.0
23,100319.68,6,639.0,0.33,0.591,1,25914.09,36,14.84,Online,Debt Consolidation,0,0.5433529514464366,1317,0,0,0,A,0,0.0,3109.6908,0.0
22,44404.84,19,717.0,0.234,0.871,1,21951.89,36,7.61,Online,Personal Loan,0,0.2680652160169009,16757,0,1,0,B,0,0.0,2634.2268,0.0
47,60610.75,12,670.0,0.304,0.025,0,14518.55,60,5.0,Online,Debt Consolidation,0,0.1289401111652771,8610,0,1,1,A,1,0.0,1742.2259999999999,1742.2259999999999
40,58523.64,22,637.0,0.382,0.523,0,2000.0,36,10.68,Online,Personal Loan,0,0.3408173037679101,6839,0,0,0,A,0,0.0,240.0,0.0
25,55817.31,8,686.0,0.304,0.0,0,17082.39,60,5.0,Online,Auto Refi,0,0.1247023970234318,18324,0,1,1,B,1,0.0,2049.8867999999998,2049.8867999999998
50,53926.19,9,654.0,0.355,0.161,0,18439.08,36,5.31,Online,Personal Loan,0,0.1826376311909055,9221,0,1,0,A,1,0.0,2212.6896,2212.6896
54,35168.1,19,648.0,0.138,0.087,0,8068.36,36,5.0,Partner,Auto Refi,0,0.1340034077034567,16013,0,1,1,A,1,0.0,968.2031999999999,968.2031999999999
48,45814.53,4,636.0,0.46,0.323,0,3392.75,60,10.17,Online,Debt Consolidation,1,0.2652055488811657,6797,0,0,0,B,0,2035.6499999999999,407.13,0.0
69,39741.57,17,693.0,0.05,0.348,0,14733.62,36,5.0,Online,Auto Refi,0,0.1286918660244855,5212,0,1,1,B,1,0.0,1768.0344,1768.0344
49,70046.69,3,780.0,0.218,0.596,0,5056.91,36,5.0,Partner,Debt Consolidation,0,0.0870305831532887,14132,0,1,1,B,1,0.0,606.8292,606.8292
60,35143.26,13,575.0,0.373,0.269,0,29554.17,36,14.69,Online,Personal Loan,0,0.5002455336821411,13604,0,0,0,A,0,0.0,3546.5003999999994,0.0
35,93371.19,17,750.0,0.336,0.571,0,11115.15,36,5.0,Branch,Personal Loan,0,0.1084599705645743,10883,0,1,1,B,1,0.0,1333.818,1333.818
53,107202.16,15,671.0,0.264,0.401,1,11121.66,60,7.98,Online,Personal Loan,1,0.293734073305459,13644,0,1,0,B,0,6672.996,1334.5991999999999,0.0
40,58605.31,7,644.0,0.512,0.148,0,22086.29,60,8.53,Online,Auto Refi,0,0.3952998333875053,4577,0,0,0,A,0,0.0,2650.3548,0.0
53,70625.56,21,689.0,0.46,0.287,1,30428.82,60,8.68,Online,Debt Consolidation,0,0.3464122765567986,10620,0,0,0,B,0,0.0,3651.4584,0.0
63,85114.09,5,605.0,0.422,0.446,0,16910.19,60,14.25,Branch,Debt Consolidation,0,0.4247348348648033,10882,0,0,0,B,0,0.0,2029.2227999999998,0.0
46,63960.45,7,721.0,0.426,0.644,0,18569.59,60,5.0,Online,Personal Loan,0,0.1504924104016991,11811,0,0,1,B,1,0.0,2228.3507999999997,2228.3507999999997
69,61105.54,16,644.0,0.509,0.43,0,14373.79,60,11.39,Online,Debt Consolidation,1,0.4330813621046328,14774,0,0,0,A,0,8624.274,1724.8548,0.0
48,48999.19,3,609.0,0.392,0.518,2,16487.96,60,23.75,Branch,Personal Loan,0,0.6474519375293704,8227,0,0,0,A,0,0.0,1978.5551999999998,0.0
24,92397.89,14,602.0,0.203,0.467,0,18891.73,36,10.31,Online,Personal Loan,0,0.3326806455502716,17560,0,0,0,A,0,0.0,2267.0076,0.0
51,57184.07,12,641.0,0.418,0.386,0,8389.19,36,9.48,Branch,Personal Loan,1,0.3465375560524731,16143,0,0,0,A,0,5033.514,1006.7028,0.0
53,30656.03,18,702.0,0.378,0.558,2,13315.87,60,13.06,Online,Personal Loan,1,0.4588503591225608,242,0,0,0,B,0,7989.522,1597.9044000000001,0.0
49,34159.59,5,645.0,0.41,0.181,1,9300.25,36,11.2,Online,Auto Refi,0,0.3923634988882467,17506,0,0,0,A,0,0.0,1116.03,0.0
53,112670.34,14,645.0,0.463,0.728,0,10165.68,60,13.79,Branch,Debt Consolidation,1,0.3667782548697145,19338,0,0,0,A,0,6099.408,1219.8816,0.0
54,63274.34,20,651.0,0.107,0.786,1,16188.0,36,11.03,Branch,Auto Refi,0,0.4009289469007699,8889,0,1,0,B,0,0.0,1942.56,0.0
54,60179.71,5,575.0,0.329,0.337,0,31974.65,60,14.44,Online,Personal Loan,1,0.5711234475197694,18526,0,0,0,B,0,19184.79,3836.958,0.0
25,49121.61,23,713.0,0.338,0.022,0,9084.06,36,5.0,Online,Personal Loan,0,0.169433427881809,1652,0,1,1,B,1,0.0,1090.0872,1090.0872
39,32260.84,2,647.0,0.162,0.512,0,13099.14,36,5.78,Online,Auto Refi,1,0.1967853530045589,9588,0,1,0,A,1,7859.4839999999995,1571.8968,-6287.5872
49,81031.55,24,588.0,0.334,0.242,0,7692.53,60,11.96,Online,Personal Loan,0,0.3978765860342374,17167,0,0,0,A,0,0.0,923.1035999999999,0.0
29,46660.29,20,641.0,0.209,0.355,1,14780.12,36,9.59,Online,Personal Loan,1,0.3272640243150105,19293,0,1,0,A,1,8868.072,1773.6144,-7094.4576
60,58702.85,19,728.0,0.315,0.633,0,15964.5,60,5.0,Partner,Personal Loan,0,0.1325254567715181,5744,0,1,1,B,1,0.0,1915.74,1915.74
53,58039.14,21,679.0,0.165,0.375,0,7092.06,36,5.0,Online,Personal Loan,0,0.1590532836232934,2148,0,1,1,B,1,0.0,851.0472,851.0472
44,51585.9,1,830.0,0.144,0.23,0,16966.7,36,5.0,Online,Personal Loan,0,0.0291946341243507,11574,0,1,1,A,1,0.0,2036.004,2036.004
49,78848.38,3,700.0,0.277,0.407,1,16262.11,36,5.69,Online,Personal Loan,0,0.1861691779444134,10981,0,1,0,B,0,0.0,1951.4532,0.0
37,68340.1,24,774.0,0.458,0.345,0,20574.18,60,5.0,Online,Personal Loan,0,0.08293523892453,6702,0,0,1,B,1,0.0,2468.9016,2468.9016
50,41045.78,24,658.0,0.191,0.428,1,12303.21,36,8.3,Online,Auto Refi,0,0.3057207278308788,10763,0,1,0,B,0,0.0,1476.3852,0.0
56,78796.65,10,830.0,0.181,0.498,0,15777.53,60,5.0,Partner,Auto Refi,0,0.0445473034497484,11173,0,1,1,A,1,0.0,1893.3036,1893.3036
60,71254.1,3,697.0,0.485,0.34,0,11289.13,60,5.2,Partner,Personal Loan,0,0.2123998340097892,5442,0,0,0,B,0,0.0,1354.6955999999998,0.0
62,55971.95,18,634.0,0.227,0.361,0,13035.31,36,6.67,Branch,Auto Refi,1,0.2243098712402806,14993,0,0,0,B,0,7821.186,1564.2371999999998,0.0
28,54151.73,14,637.0,0.334,0.331,0,11303.76,36,7.86,Online,Auto Refi,0,0.2760751627630767,6672,0,0,0,A,0,0.0,1356.4512,0.0
21,36029.15,20,703.0,0.293,0.618,0,16237.45,60,5.0,Branch,Personal Loan,0,0.1524917534592918,10170,0,1,1,A,1,0.0,1948.494,1948.494
35,78626.84,1,696.0,0.274,0.658,0,16710.94,60,5.0,Online,Personal Loan,0,0.1313557477408622,16910,0,1,1,B,1,0.0,2005.3127999999997,2005.3127999999997
63,48923.66,4,800.0,0.159,0.658,0,12761.3,36,5.0,Online,Debt Consolidation,0,0.0753687004010165,937,0,1,1,B,1,0.0,1531.3559999999998,1531.3559999999998
69,23703.25,18,781.0,0.323,0.54,1,27714.58,36,5.0,Branch,Debt Consolidation,0,0.0859145692244434,18653,0,1,1,A,1,0.0,3325.7496,3325.7496
56,92922.9,23,721.0,0.397,0.712,1,13919.49,36,8.54,Online,Personal Loan,0,0.2913204456760135,4152,0,1,0,A,1,0.0,1670.3388,1670.3388
48,95374.29,7,672.0,0.184,0.778,0,8249.95,36,6.26,Branch,Debt Consolidation,0,0.2198893583878764,4605,0,1,0,B,0,0.0,989.994,0.0
65,58770.54,21,521.0,0.299,0.464,0,5489.36,36,25.0,Online,Personal Loan,1,0.7550764155393358,10841,1,0,0,B,0,3293.6159999999995,658.7231999999999,0.0
53,121028.21,2,781.0,0.284,0.458,0,6288.72,36,5.0,Online,Debt Consolidation,0,0.0704532868661097,7753,0,1,1,B,1,0.0,754.6464,754.6464
35,72514.9,10,614.0,0.285,0.763,0,25915.94,60,13.9,Branch,Personal Loan,1,0.463154374234794,15045,0,0,0,B,0,15549.563999999998,3109.9127999999996,0.0
59,50017.42,16,751.0,0.269,0.659,0,14775.95,60,5.0,Branch,Auto Refi,0,0.0976484238424807,13581,0,1,1,A,1,0.0,1773.114,1773.114
59,63162.14,18,653.0,0.439,0.514,0,12723.23,36,10.01,Online,Debt Consolidation,0,0.2976658970650411,3544,0,0,0,B,0,0.0,1526.7875999999999,0.0
29,93884.87,5,592.0,0.545,0.739,1,14787.62,36,25.0,Partner,Personal Loan,1,0.7929562379524066,16002,0,0,0,B,0,8872.572,1774.5144,0.0
53,69944.39,16,653.0,0.194,0.574,0,32304.54,60,6.3,Partner,Personal Loan,0,0.2456867967995171,9141,0,1,0,A,1,0.0,3876.5448,3876.5448
49,36718.35,0,578.0,0.294,0.421,2,12112.69,60,24.07,Online,Auto Refi,1,0.6878413307530835,5354,0,0,0,B,0,7267.6140000000005,1453.5228,0.0
37,38480.49,7,660.0,0.369,0.409,1,17211.82,36,11.22,Online,Auto Refi,0,0.3747650654645282,18249,0,1,0,A,1,0.0,2065.4184,2065.4184
45,61438.71,7,559.0,0.21,0.774,0,20527.66,36,19.01,Branch,Debt Consolidation,1,0.6380774621412115,6444,0,0,0,B,0,12316.596,2463.3192,0.0
52,70680.18,5,672.0,0.352,0.264,0,16608.86,60,5.0,Online,Personal Loan,0,0.1586371190125927,9136,0,1,1,B,1,0.0,1993.0632,1993.0632
26,48446.65,22,574.0,0.359,0.611,0,12825.96,36,18.59,Partner,Auto Refi,1,0.5982267727307721,13484,0,0,0,A,0,7695.575999999999,1539.1151999999997,0.0
57,26938.18,18,830.0,0.271,0.544,1,9407.03,36,5.0,Online,Personal Loan,0,0.0570650986222515,12526,0,1,1,A,1,0.0,1128.8436,1128.8436
64,84246.42,12,786.0,0.542,0.308,0,13815.1,36,5.0,Branch,Personal Loan,0,0.0823013010140955,7089,0,0,1,B,1,0.0,1657.812,1657.812
49,53349.34,1,768.0,0.404,0.218,0,9065.72,36,5.0,Online,Personal Loan,0,0.067763547240713,8980,0,0,1,B,1,0.0,1087.8863999999999,1087.8863999999999
38,62002.62,14,658.0,0.338,0.543,0,20463.43,36,7.97,Partner,Auto Refi,0,0.2769343162444237,16090,0,1,0,B,0,0.0,2455.6115999999997,0.0
66,72850.08,5,588.0,0.083,0.272,0,2992.21,60,7.6,Online,Auto Refi,1,0.1971512550435928,14322,0,0,0,A,0,1795.326,359.0652,0.0
29,37559.34,12,641.0,0.331,0.279,1,16687.9,60,11.07,Branch,Personal Loan,1,0.3655413825577531,15541,0,1,0,B,0,10012.74,2002.548,0.0
67,65407.39,14,660.0,0.236,0.556,1,19068.32,36,10.14,Partner,Personal Loan,0,0.3067429606666682,2322,0,1,0,A,1,0.0,2288.1983999999998,2288.1983999999998
24,41044.7,12,625.0,0.371,0.582,0,8394.47,36,12.44,Online,Auto Refi,1,0.4016181012066007,10597,0,0,0,A,0,5036.682,1007.3363999999999,0.0
37,69935.84,19,673.0,0.38,0.487,0,11083.42,60,6.78,Online,Debt Consolidation,1,0.2453309638073898,1797,0,1,0,B,0,6650.052,1330.0104,0.0
42,81485.92,22,771.0,0.207,0.64,0,5892.37,36,5.0,Online,Debt Consolidation,0,0.0825290164756373,3111,0,1,1,A,1,0.0,707.0844,707.0844
63,70653.16,10,649.0,0.25,0.611,0,18494.27,36,7.9,Partner,Debt Consolidation,0,0.2871042949445688,13994,0,1,0,B,0,0.0,2219.3124,0.0
53,63809.29,12,735.0,0.251,0.625,0,18186.45,60,5.0,Branch,Personal Loan,0,0.1068724341561085,19917,0,1,1,B,1,0.0,2182.374,2182.374
28,76621.5,4,559.0,0.316,0.321,0,13488.8,60,15.86,Online,Auto Refi,0,0.4925482079611942,15815,0,0,0,B,0,0.0,1618.656,0.0
35,96077.68,9,676.0,0.27,0.298,1,20921.82,60,6.72,Branch,Auto Refi,1,0.2222627983711946,17486,0,1,0,B,0,12553.091999999999,2510.6184,0.0
24,52121.97,2,668.0,0.195,0.378,2,19240.75,36,11.09,Online,Auto Refi,1,0.3330850211530934,4178,0,0,0,B,0,11544.449999999999,2308.89,0.0
23,86725.54,18,546.0,0.304,0.632,1,12687.78,36,25.0,Branch,Auto Refi,0,0.7651166278050452,14883,0,0,0,A,0,0.0,1522.5336,0.0
51,40459.95,23,633.0,0.46,0.495,0,20703.24,36,12.42,Online,Auto Refi,0,0.4085419910160454,9510,0,0,0,A,0,0.0,2484.3888,0.0
21,66684.92,23,743.0,0.325,0.274,0,2360.82,60,5.0,Online,Auto Refi,0,0.0833987988719613,18633,0,1,1,B,1,0.0,283.2984,283.2984
42,57572.78,17,616.0,0.407,0.412,0,11943.98,36,12.25,Branch,Personal Loan,0,0.4251910271652042,2313,0,0,0,B,0,0.0,1433.2776,0.0
22,72323.04,20,559.0,0.272,0.321,0,13325.49,60,14.92,Online,Auto Refi,1,0.4750112273504334,19118,0,0,0,A,0,7995.294,1599.0588,0.0
59,90107.32,11,719.0,0.291,0.604,1,21138.02,36,6.02,Branch,Personal Loan,0,0.1937659731964666,10912,0,1,0,A,1,0.0,2536.5624,2536.5624
43,43882.49,7,662.0,0.342,0.57,0,18016.46,36,7.91,Branch,Personal Loan,1,0.2758496358825964,7586,0,1,0,A,1,10809.875999999998,2161.9752,-8647.9008
29,81055.8,14,619.0,0.276,0.613,2,19524.13,36,21.31,Branch,Debt Consolidation,1,0.5775343347128639,11057,0,0,0,A,0,11714.478000000001,2342.8956,0.0
64,48340.63,11,590.0,0.375,0.38,0,7808.94,36,14.27,Branch,Debt Consolidation,0,0.4813054112276816,6691,0,0,0,B,0,0.0,937.0727999999999,0.0
62,97066.65,23,582.0,0.349,0.021,2,31847.12,36,20.29,Online,Personal Loan,1,0.7180682479905907,18488,0,0,0,B,0,19108.271999999997,3821.6544,0.0
44,49404.19,10,783.0,0.404,0.474,0,9499.63,36,5.0,Partner,Auto Refi,0,0.0745610707791432,9916,0,0,1,A,0,0.0,1139.9555999999998,0.0
52,103618.18,11,573.0,0.361,0.568,0,14050.2,36,18.18,Partner,Auto Refi,0,0.5490694364394071,4905,0,0,0,B,0,0.0,1686.0240000000001,0.0
34,61822.65,18,677.0,0.249,0.188,0,24958.67,36,5.0,Branch,Personal Loan,0,0.1531329812687465,16689,0,1,1,A,1,0.0,2995.0404,2995.0404
59,94064.2,1,763.0,0.142,0.563,0,10122.93,36,6.68,Online,Personal Loan,1,0.1377527143388447,4877,1,0,1,B,1,6073.758,1214.7516,-4859.0064
39,56412.62,13,720.0,0.288,0.484,1,6603.51,60,5.0,Online,Auto Refi,0,0.1573713074461721,3931,0,1,1,A,1,0.0,792.4212,792.4212
47,79927.31,22,614.0,0.291,0.403,0,19133.3,60,10.08,Online,Personal Loan,1,0.3057280472413606,15695,0,0,0,B,0,11479.98,2295.9959999999996,0.0
59,73668.92,24,535.0,0.356,0.424,0,16833.31,36,20.83,Partner,Auto Refi,1,0.6397177174760621,8354,0,0,0,A,0,10099.986,2019.9972,0.0
42,87949.98,23,586.0,0.276,0.33,1,5104.29,36,16.91,Partner,Debt Consolidation,0,0.566339434802536,27,0,0,0,A,0,0.0,612.5147999999999,0.0
53,82638.85,20,745.0,0.395,0.308,0,9242.31,60,5.0,Branch,Auto Refi,0,0.1125386949896115,4619,0,1,1,B,1,0.0,1109.0772,1109.0772
48,73782.15,20,576.0,0.397,0.298,1,17452.72,36,20.32,Partner,Personal Loan,0,0.5897836225375647,7056,0,0,0,A,0,0.0,2094.3264,0.0
48,114417.43,0,777.0,0.45,0.52,0,16275.85,36,5.0,Partner,Personal Loan,0,0.0772477362963353,17696,0,0,1,B,1,0.0,1953.1019999999999,1953.1019999999999
67,41700.49,22,638.0,0.283,0.609,0,4339.1,36,9.58,Branch,Auto Refi,0,0.310500624220387,14169,0,0,0,B,0,0.0,520.692,0.0
48,73818.04,12,639.0,0.358,0.079,0,8053.57,36,19.29,Online,Auto Refi,1,0.4577597966088107,4846,1,0,0,A,0,4832.142,966.4283999999999,0.0
30,73800.73,24,588.0,0.248,0.852,0,10488.76,60,17.35,Online,Auto Refi,1,0.6787080136961737,4240,0,0,0,B,0,6293.256,1258.6512,0.0
43,95742.93,24,658.0,0.203,0.51,0,16702.53,36,5.52,Online,Debt Consolidation,0,0.2388044155652454,19565,0,1,0,B,0,0.0,2004.3035999999997,0.0
66,82250.02,0,689.0,0.376,0.53,0,20265.94,36,5.7,Online,Personal Loan,0,0.1673486689569658,18101,0,1,1,B,1,0.0,2431.9127999999996,2431.9127999999996
47,92285.71,5,743.0,0.53,0.428,0,15043.17,36,5.0,Branch,Debt Consolidation,0,0.117488940489518,2196,0,0,1,B,1,0.0,1805.1804,1805.1804
61,72138.24,0,757.0,0.339,0.397,0,13728.25,60,5.0,Partner,Personal Loan,0,0.1052215365396148,3036,0,1,1,B,1,0.0,1647.3899999999999,1647.3899999999999
38,72112.44,16,601.0,0.279,0.54,0,9257.17,36,12.76,Online,Personal Loan,0,0.4053317414405984,6777,0,0,0,A,0,0.0,1110.8604,0.0
36,70699.64,14,830.0,0.501,0.458,0,16726.29,60,5.0,Partner,Personal Loan,0,0.0560396907308718,12753,0,0,1,B,1,0.0,2007.1548,2007.1548
43,35761.4,11,785.0,0.251,0.651,0,9858.5,60,5.0,Online,Debt Consolidation,0,0.0751352353986922,19833,0,1,1,B,1,0.0,1183.02,1183.02
53,67597.74,20,761.0,0.354,0.0,0,11276.37,60,5.0,Online,Personal Loan,0,0.0711478200860924,2715,0,1,1,B,1,0.0,1353.1644000000001,1353.1644000000001
58,98045.0,17,740.0,0.487,0.582,0,17809.38,60,5.0,Online,Auto Refi,0,0.117282554394981,3796,0,0,1,B,1,0.0,2137.1256,2137.1256
49,89294.24,5,675.0,0.37,0.275,0,20750.8,36,5.0,Online,Debt Consolidation,0,0.1586843445254829,3983,0,1,1,B,1,0.0,2490.096,2490.096
25,54117.59,0,704.0,0.3,0.807,0,23309.72,36,5.61,Partner,Personal Loan,1,0.1916884302510624,12574,0,1,0,A,1,13985.832,2797.1664,-11188.6656
61,58748.26,9,614.0,0.119,0.0,0,3426.39,60,5.0,Partner,Personal Loan,1,0.1292392225525747,3511,0,0,1,B,1,2055.834,411.16679999999997,-1644.6671999999999
43,86083.28,1,638.0,0.467,0.774,0,24998.84,36,15.24,Partner,Auto Refi,0,0.4625620745693363,14801,0,0,0,A,0,0.0,2999.8608,0.0
30,59160.84,23,548.0,0.287,0.253,0,15674.78,36,15.74,Partner,Debt Consolidation,1,0.4680855290906153,8045,0,0,0,A,0,9404.868,1880.9736,0.0
22,41217.71,13,737.0,0.078,0.432,0,12565.61,60,5.0,Online,Auto Refi,0,0.0846321506906599,19369,0,1,1,A,1,0.0,1507.8732,1507.8732
61,43680.72,9,692.0,0.238,0.22,1,14603.26,36,5.0,Online,Auto Refi,0,0.1605812510520943,13583,0,1,1,A,1,0.0,1752.3912,1752.3912
68,35538.96,3,631.0,0.179,0.445,0,18678.29,60,6.89,Partner,Debt Consolidation,0,0.2290027006712618,4771,0,0,0,B,0,0.0,2241.3948,0.0
36,64807.62,13,752.0,0.351,0.327,0,22376.57,36,5.0,Partner,Personal Loan,0,0.0987581309441198,492,0,1,1,A,1,0.0,2685.1884,2685.1884
42,63118.71,5,686.0,0.157,0.14,1,8627.17,60,5.0,Online,Debt Consolidation,0,0.1726564520895818,13270,0,1,1,A,1,0.0,1035.2604,1035.2604
40,47451.45,5,634.0,0.401,0.36,0,11105.63,60,9.61,Partner,Personal Loan,1,0.350962818847046,6360,0,0,0,B,0,6663.378,1332.6755999999998,0.0
56,34360.77,19,610.0,0.378,0.281,0,6039.92,60,10.92,Branch,Personal Loan,0,0.3834907718747669,5387,0,0,0,B,0,0.0,724.7904,0.0
52,48438.41,18,529.0,0.334,0.487,0,13972.67,60,21.8,Online,Auto Refi,1,0.7030669049856857,19233,0,0,0,B,0,8383.601999999999,1676.7204,0.0
43,20000.0,15,732.0,0.236,0.291,0,16874.04,60,5.0,Online,Auto Refi,0,0.0938669325115352,2098,0,1,1,A,1,0.0,2024.8848,2024.8848
43,83727.08,1,632.0,0.341,0.201,0,8577.55,60,7.25,Online,Auto Refi,0,0.2139643571895286,9682,0,0,0,B,0,0.0,1029.3059999999998,0.0
29,68270.67,24,694.0,0.47,0.717,0,24358.17,60,8.5,Branch,Personal Loan,1,0.3342063806075197,10322,0,0,0,B,0,14614.901999999998,2922.9803999999995,0.0
54,42583.74,12,742.0,0.276,0.702,0,17418.11,60,5.0,Branch,Personal Loan,0,0.09721405262687,7173,0,1,1,A,1,0.0,2090.1732,2090.1732
41,57879.65,20,729.0,0.245,0.308,0,22563.0,60,5.0,Partner,Debt Consolidation,0,0.1140430941707257,16847,0,1,1,B,1,0.0,2707.56,2707.56
46,78774.72,4,704.0,0.42,0.328,2,9127.04,36,11.11,Online,Personal Loan,0,0.3536699083504384,4120,0,0,0,B,0,0.0,1095.2448000000002,0.0
40,76881.3,0,747.0,0.494,0.568,0,10496.37,36,5.0,Branch,Auto Refi,0,0.1040361464492246,14935,0,0,1,B,1,0.0,1259.5644,1259.5644
45,75603.63,8,674.0,0.476,0.361,0,14453.24,60,7.15,Online,Personal Loan,0,0.2443147235706046,594,0,0,0,B,0,0.0,1734.3888,0.0
63,53380.73,3,648.0,0.325,0.2,0,18141.3,36,5.61,Partner,Debt Consolidation,1,0.1834158470851681,17619,0,1,0,A,1,10884.779999999999,2176.9559999999997,-8707.823999999999
68,86184.98,19,710.0,0.359,0.311,0,20619.74,60,5.0,Partner,Personal Loan,0,0.1325260042631953,7458,0,1,1,B,1,0.0,2474.3688,2474.3688
26,95344.13,18,666.0,0.206,0.618,0,14358.3,60,5.8,Partner,Debt Consolidation,0,0.1963233461774699,18353,0,1,0,B,0,0.0,1722.9959999999999,0.0
29,96552.74,24,713.0,0.424,0.157,0,18280.61,36,5.0,Partner,Debt Consolidation,0,0.2069488009483109,18328,0,0,0,A,0,0.0,2193.6732,0.0
30,64403.6,24,653.0,0.468,0.424,0,2000.0,60,9.63,Online,Debt Consolidation,0,0.3035478140799069,10988,0,0,0,B,0,0.0,240.0,0.0
59,64293.43,19,762.0,0.251,0.486,0,22659.15,36,5.0,Online,Personal Loan,0,0.0856518215684272,8632,0,1,1,A,1,0.0,2719.098,2719.098
67,62573.62,3,621.0,0.37,0.343,0,5771.79,36,10.18,Online,Debt Consolidation,1,0.2813635531268912,2875,0,0,0,B,0,3463.074,692.6148,0.0
29,100835.41,16,649.0,0.319,0.561,0,18883.1,36,22.92,Branch,Auto Refi,0,0.6170878421307567,5056,1,0,0,A,0,0.0,2265.9719999999998,0.0
54,41101.87,12,608.0,0.209,0.411,0,19475.93,60,9.21,Online,Debt Consolidation,0,0.3373778005811265,4435,0,0,0,A,0,0.0,2337.1115999999997,0.0
43,61587.56,12,740.0,0.538,0.511,1,8538.88,36,7.34,Online,Personal Loan,0,0.2266158020517858,12097,0,0,0,A,0,0.0,1024.6655999999998,0.0
23,77175.9,4,682.0,0.273,0.362,0,15706.06,36,5.0,Online,Personal Loan,0,0.1504148030897398,14726,0,1,1,A,1,0.0,1884.7271999999998,1884.7271999999998
64,84599.81,23,789.0,0.293,0.443,0,17173.28,36,5.0,Online,Debt Consolidation,0,0.0707025264985331,6514,0,1,1,B,1,0.0,2060.7936,2060.7936
64,68964.85,4,597.0,0.352,0.98,1,15526.14,60,24.62,Partner,Debt Consolidation,1,0.7613843907993396,18005,0,0,0,A,0,9315.684,1863.1367999999998,0.0
56,48980.74,11,725.0,0.442,0.174,0,5253.83,60,5.0,Partner,Personal Loan,1,0.1591076996130205,6048,0,0,1,B,1,3152.298,630.4596,-2521.8383999999996
44,70853.83,13,756.0,0.382,0.567,0,12328.97,36,5.0,Online,Auto Refi,0,0.1069913013637357,11196,0,1,1,A,1,0.0,1479.4763999999998,1479.4763999999998
27,50499.91,0,761.0,0.211,0.557,0,13131.92,36,8.0,Online,Auto Refi,0,0.1851766595134441,9685,1,0,0,A,0,0.0,1575.8304,0.0
41,68455.56,4,681.0,0.487,0.311,0,10709.55,60,6.27,Online,Auto Refi,0,0.2662687723120939,6289,0,0,0,A,0,0.0,1285.146,0.0
42,64704.52,9,683.0,0.301,0.166,0,12581.65,60,5.0,Online,Personal Loan,0,0.1456175698727198,4612,0,1,1,B,1,0.0,1509.798,1509.798
32,39227.76,21,536.0,0.276,0.658,0,23566.14,36,21.74,Branch,Personal Loan,0,0.6341508124808014,6445,0,0,0,A,0,0.0,2827.9368,0.0
45,88279.36,4,684.0,0.418,0.333,0,17364.9,36,5.21,Online,Auto Refi,1,0.1938614366324053,4026,0,0,0,B,0,10418.94,2083.788,0.0
41,70914.0,11,646.0,0.327,0.491,0,30744.19,36,8.35,Online,Debt Consolidation,0,0.3133712875761657,11522,0,1,0,B,0,0.0,3689.3027999999995,0.0
46,86472.83,6,702.0,0.394,0.552,2,16259.8,36,13.34,Partner,Personal Loan,1,0.4106487535552455,11140,0,0,0,B,0,9755.88,1951.176,0.0
52,59851.86,22,647.0,0.499,0.514,0,3591.96,36,11.87,Online,Auto Refi,0,0.4952022349028892,720,0,0,0,B,0,0.0,431.0352,0.0
48,75569.84,2,759.0,0.383,0.735,0,4828.78,36,5.0,Online,Auto Refi,0,0.1138009802441962,15167,0,1,1,B,1,0.0,579.4535999999999,579.4535999999999
39,62589.94,11,771.0,0.376,0.402,0,21287.84,60,5.0,Branch,Personal Loan,0,0.0873450416987803,6106,0,1,1,B,1,0.0,2554.5407999999998,2554.5407999999998
43,80924.09,5,689.0,0.641,0.545,1,33853.65,36,15.12,Partner,Debt Consolidation,1,0.743495408172238,6061,0,0,0,B,0,20312.19,4062.438,0.0
69,74171.54,13,745.0,0.199,0.106,0,11607.45,36,5.0,Online,Debt Consolidation,0,0.078956502809091,16596,0,1,1,B,1,0.0,1392.894,1392.894
45,72365.04,8,724.0,0.144,0.465,0,8077.14,60,5.0,Online,Auto Refi,0,0.1200383748599377,3254,0,1,1,B,1,0.0,969.2568,969.2568
27,42428.45,10,661.0,0.313,0.4,2,14890.75,36,14.57,Online,Auto Refi,0,0.4268109389122223,17502,0,0,0,A,0,0.0,1786.8899999999999,0.0
31,20000.0,5,573.0,0.059,0.512,0,17514.03,36,11.07,Online,Personal Loan,0,0.3515247947158855,5618,0,0,0,A,0,0.0,2101.6836,0.0
44,86373.37,9,652.0,0.299,0.343,0,3490.44,36,6.05,Online,Debt Consolidation,0,0.2022635833868734,10842,0,1,0,A,1,0.0,418.8528,418.8528
63,50130.95,23,830.0,0.05,0.303,1,19390.98,60,5.0,Branch,Auto Refi,0,0.1025902913711915,17585,0,1,1,A,1,0.0,2326.9175999999998,2326.9175999999998
46,65173.76,18,760.0,0.289,0.34,0,23036.68,36,5.0,Online,Auto Refi,0,0.076512942638808,11015,0,1,1,A,1,0.0,2764.4016,2764.4016
62,45808.56,7,594.0,0.317,0.44,0,19486.35,36,13.19,Branch,Debt Consolidation,0,0.4377131967583139,6949,0,0,0,B,0,0.0,2338.3619999999996,0.0
26,44244.94,21,668.0,0.359,0.384,0,23937.67,36,6.03,Branch,Auto Refi,0,0.2100574866370741,172,0,1,0,B,0,0.0,2872.5204,0.0
51,37218.15,19,709.0,0.206,0.545,0,20470.18,36,5.0,Online,Personal Loan,0,0.1486874698713731,9160,0,1,1,B,1,0.0,2456.4216,2456.4216
44,69405.94,2,783.0,0.443,0.404,0,16202.04,36,5.0,Branch,Personal Loan,0,0.0829765562499384,11399,0,0,1,B,1,0.0,1944.2448,1944.2448
45,51047.59,23,815.0,0.448,0.801,3,21484.46,36,9.33,Online,Auto Refi,0,0.4592293175460211,2412,0,0,0,B,0,0.0,2578.1351999999997,0.0
54,66144.31,22,611.0,0.499,0.433,0,9771.65,60,15.11,Online,Auto Refi,1,0.5454715055121888,835,0,0,0,B,0,5862.99,1172.598,0.0
49,62699.77,6,594.0,0.277,0.56,0,15988.11,60,13.75,Online,Debt Consolidation,0,0.4332173132806696,11740,0,0,0,B,0,0.0,1918.5732,0.0
55,84057.78,7,593.0,0.268,0.276,0,8614.68,36,10.47,Online,Personal Loan,1,0.3227794440808607,18506,0,0,0,A,0,5168.808,1033.7616,0.0
34,94631.79,19,674.0,0.378,0.428,3,20469.32,36,19.76,Online,Debt Consolidation,1,0.6113659505355912,15863,0,0,0,A,0,12281.591999999999,2456.3183999999997,0.0
58,67466.27,11,824.0,0.49,0.339,0,9008.57,60,5.0,Online,Auto Refi,0,0.0757845092291276,15343,0,0,1,A,0,0.0,1081.0284,0.0
22,87933.38,8,745.0,0.503,0.81,0,2512.09,36,5.33,Online,Personal Loan,0,0.124893089281651,7508,0,0,1,A,0,0.0,301.4508,0.0
53,54805.95,23,717.0,0.235,0.336,0,12322.59,36,5.0,Partner,Auto Refi,0,0.1412088368871308,13857,0,1,1,B,1,0.0,1478.7108,1478.7108
44,52834.16,14,739.0,0.272,0.508,0,2545.8,60,5.0,Online,Personal Loan,0,0.0823933160333438,5728,0,1,1,B,1,0.0,305.49600000000004,305.49600000000004
32,75983.6,9,664.0,0.427,0.807,1,18064.01,36,16.57,Branch,Debt Consolidation,0,0.5008964363303866,5278,0,0,0,B,0,0.0,2167.6811999999995,0.0
55,72601.08,17,681.0,0.178,0.605,0,18108.63,36,5.0,Online,Auto Refi,0,0.1530788273664066,4419,0,1,1,A,1,0.0,2173.0356,2173.0356
46,81231.3,19,769.0,0.271,0.461,0,19699.53,36,5.0,Branch,Auto Refi,0,0.0770053091442795,1219,0,1,1,B,1,0.0,2363.9435999999996,2363.9435999999996
40,32267.24,5,563.0,0.439,0.034,0,18860.12,36,14.73,Branch,Debt Consolidation,1,0.352278562437947,14136,0,0,0,B,0,11316.071999999998,2263.2144,0.0
39,60209.68,22,762.0,0.277,0.431,0,18737.71,36,5.0,Partner,Debt Consolidation,0,0.0845898581565451,11290,0,1,1,B,1,0.0,2248.5251999999996,2248.5251999999996
52,55494.34,11,658.0,0.428,0.674,0,21244.68,36,10.95,Online,Personal Loan,1,0.3536881214295388,2765,0,0,0,A,0,12746.807999999999,2549.3615999999997,0.0
25,40069.97,24,718.0,0.427,0.431,0,13574.43,36,5.0,Branch,Debt Consolidation,0,0.1591215552846502,6312,0,0,1,B,1,0.0,1628.9316,1628.9316
56,57552.54,24,733.0,0.425,0.444,0,26747.36,60,5.0,Branch,Debt Consolidation,0,0.1223572650375117,11863,0,0,1,A,0,0.0,3209.6832,0.0
29,43094.8,18,696.0,0.75,0.21,0,25788.28,60,8.34,Online,Personal Loan,0,0.2386310928158358,18675,0,0,0,A,0,0.0,3094.5935999999997,0.0
37,92031.04,20,615.0,0.2,0.611,0,12692.56,36,10.36,Online,Auto Refi,0,0.3168614851244384,7322,0,0,0,A,0,0.0,1523.1072,0.0
29,78391.32,7,746.0,0.383,0.237,1,19476.67,60,5.0,Online,Debt Consolidation,1,0.1394121199892061,12364,0,1,1,A,1,11686.001999999999,2337.2003999999997,-9348.801599999999
26,38997.11,21,643.0,0.174,0.376,0,20061.74,36,5.2,Partner,Debt Consolidation,1,0.1814407727635465,17021,0,1,0,B,0,12037.044,2407.4088,0.0
29,20000.0,17,587.0,0.4,0.204,0,19316.07,36,13.05,Branch,Auto Refi,0,0.4044399535016711,11170,0,0,0,A,0,0.0,2317.9284,0.0
69,115131.0,1,643.0,0.229,0.703,0,24969.92,36,9.02,Online,Auto Refi,0,0.3913744037913704,7771,0,1,0,A,1,0.0,2996.3903999999998,2996.3903999999998
67,45040.67,20,674.0,0.279,0.509,1,23058.06,60,9.03,Online,Personal Loan,0,0.3000671873160735,7258,0,1,0,B,0,0.0,2766.9672,0.0
59,61990.31,0,713.0,0.485,0.704,2,6258.93,36,15.8,Branch,Personal Loan,0,0.4716738158245553,15267,0,0,0,B,0,0.0,751.0716,0.0
44,78139.16,12,597.0,0.306,0.818,1,15959.35,36,22.05,Online,Personal Loan,0,0.7328237145094902,12653,0,0,0,A,0,0.0,1915.122,0.0
52,69365.2,4,603.0,0.326,0.448,0,16729.41,60,12.49,Online,Auto Refi,0,0.446766922589474,12110,0,0,0,B,0,0.0,2007.5292,0.0
51,41766.02,12,796.0,0.282,0.805,1,7546.0,60,5.0,Online,Debt Consolidation,0,0.1159294832376593,11298,0,1,1,A,1,0.0,905.52,905.52
54,56004.52,19,759.0,0.308,0.279,0,14900.37,36,5.0,Online,Auto Refi,0,0.0954973939289092,7653,0,1,1,A,1,0.0,1788.0444,1788.0444
48,96001.18,24,623.0,0.419,0.403,0,22926.28,36,11.64,Partner,Personal Loan,1,0.4924012604153547,3372,0,0,0,A,0,13755.767999999998,2751.1535999999996,0.0
50,31605.8,24,616.0,0.575,0.288,0,15245.22,36,14.41,Branch,Personal Loan,0,0.5229291991888473,2474,0,0,0,A,0,0.0,1829.4263999999998,0.0
55,45019.61,10,742.0,0.174,0.238,0,16658.72,60,5.0,Online,Auto Refi,0,0.0965007461201652,14070,0,1,1,B,1,0.0,1999.0464000000002,1999.0464000000002
50,48191.18,9,714.0,0.49,0.46,0,19331.93,36,5.0,Online,Auto Refi,1,0.1813117412277005,19127,0,0,0,A,0,11599.158,2319.8316,0.0
22,29581.47,5,563.0,0.562,0.574,1,16454.0,36,25.0,Online,Debt Consolidation,1,0.8087104046971276,2212,0,0,0,B,0,9872.4,1974.48,0.0
43,73798.09,7,566.0,0.188,0.024,0,11589.24,36,9.18,Online,Personal Loan,1,0.2946347467496245,1529,0,0,0,B,0,6953.544,1390.7087999999999,0.0
58,62165.06,19,810.0,0.433,0.292,0,24266.41,36,5.0,Online,Debt Consolidation,0,0.0673659810070691,4236,0,0,1,B,1,0.0,2911.9692,2911.9692
23,50892.51,13,742.0,0.152,0.416,0,16191.05,60,5.0,Branch,Personal Loan,0,0.1013887342914252,17178,0,1,1,B,1,0.0,1942.926,1942.926
24,40312.78,15,733.0,0.346,0.42,0,18878.79,60,5.0,Online,Personal Loan,0,0.1049772348553996,16191,0,1,1,A,1,0.0,2265.4548,2265.4548
53,30322.32,17,656.0,0.356,0.524,1,20819.66,60,12.62,Partner,Debt Consolidation,0,0.4258716203686827,9719,0,1,0,B,0,0.0,2498.3592,0.0
56,52103.27,2,605.0,0.335,0.163,0,14523.81,36,9.39,Branch,Personal Loan,0,0.3165528047401661,6269,0,0,0,A,0,0.0,1742.8572,0.0
60,20000.0,2,654.0,0.508,0.653,0,12460.32,36,12.8,Online,Debt Consolidation,1,0.4395430869609864,6906,0,0,0,B,0,7476.191999999999,1495.2384,0.0
23,46646.52,18,591.0,0.144,0.36,0,15489.12,36,9.21,Online,Auto Refi,0,0.2754047109555845,3368,0,0,0,B,0,0.0,1858.6944,0.0
65,86746.35,6,685.0,0.174,0.621,2,14441.34,36,11.45,Online,Personal Loan,0,0.3313021632395867,13170,0,0,0,A,0,0.0,1732.9608,0.0
53,40386.32,6,717.0,0.21,0.462,1,7470.39,36,5.0,Online,Debt Consolidation,0,0.1732033894214488,1140,0,1,1,A,1,0.0,896.4468,896.4468
62,41462.09,8,657.0,0.39,0.419,0,9790.96,60,7.77,Online,Personal Loan,0,0.2897058038205862,1737,0,1,0,A,1,0.0,1174.9152,1174.9152
41,88945.08,23,583.0,0.508,0.478,0,25162.75,36,19.12,Online,Personal Loan,1,0.6077370831882111,10969,0,0,0,B,0,15097.65,3019.5299999999997,0.0
55,52677.76,13,741.0,0.412,0.663,1,15259.91,60,6.55,Online,Personal Loan,1,0.2187932160263649,9367,0,0,0,B,0,9155.946,1831.1892,0.0
39,56928.52,22,687.0,0.237,0.33,0,14144.39,60,5.0,Online,Personal Loan,1,0.1454866347799289,10270,0,1,1,A,1,8486.634,1697.3267999999998,-6789.3072
51,63580.77,4,723.0,0.454,0.787,0,9222.6,36,6.25,Online,Auto Refi,0,0.2237154322397999,1771,0,0,0,A,0,0.0,1106.712,0.0
25,43031.63,14,718.0,0.162,0.563,0,15567.71,36,11.54,Online,Debt Consolidation,1,0.3388017169371887,15587,1,0,0,A,0,9340.625999999998,1868.1251999999997,0.0
27,33337.55,23,637.0,0.269,0.302,0,9759.09,60,6.5,Branch,Debt Consolidation,0,0.2168660876018895,2353,0,0,0,A,0,0.0,1171.0908,0.0
37,27074.46,10,742.0,0.194,0.506,1,10396.0,36,5.0,Branch,Personal Loan,0,0.140489896515883,16292,0,1,1,B,1,0.0,1247.52,1247.52
49,77499.18,5,655.0,0.261,0.26,0,21881.73,36,17.51,Online,Debt Consolidation,0,0.5343648033408243,8582,1,0,0,A,0,0.0,2625.8075999999996,0.0
34,37368.35,12,668.0,0.208,0.451,0,26171.16,36,5.0,Online,Debt Consolidation,0,0.1588776928242125,4549,0,1,1,A,1,0.0,3140.5391999999997,3140.5391999999997
44,85290.14,19,625.0,0.351,0.35,0,15229.06,60,9.55,Online,Debt Consolidation,0,0.3006434548482747,6618,0,0,0,A,0,0.0,1827.4871999999998,0.0
22,94132.32,0,721.0,0.421,0.348,1,15290.23,60,5.7,Partner,Personal Loan,1,0.2134015799580549,518,0,0,0,A,0,9174.137999999999,1834.8275999999998,0.0
51,74658.94,12,566.0,0.302,0.751,0,24638.99,36,19.9,Branch,Auto Refi,1,0.6574384829147955,3059,0,0,0,B,0,14783.394,2956.6788,0.0
25,44058.14,6,684.0,0.369,0.599,0,11138.49,36,6.6,Partner,Personal Loan,1,0.2381406132970401,7945,0,1,0,A,1,6683.094,1336.6188,-5346.4752
39,79421.31,23,597.0,0.341,0.253,1,24997.26,36,16.13,Online,Personal Loan,1,0.5178533415571127,8308,0,0,0,B,0,14998.355999999998,2999.6711999999998,0.0
49,116002.58,2,628.0,0.311,0.493,0,13560.32,36,9.94,Branch,Auto Refi,1,0.1913984539654534,5283,0,0,0,A,0,8136.191999999999,1627.2384,0.0
22,55105.1,8,648.0,0.21,0.615,0,17491.91,36,7.38,Online,Auto Refi,1,0.2242702733810654,17598,0,1,0,A,1,10495.145999999999,2099.0292,-8396.1168
27,80625.83,0,553.0,0.458,0.628,0,22765.2,60,23.2,Online,Debt Consolidation,1,0.6179038490715935,11026,0,0,0,B,0,13659.12,2731.824,0.0
45,92021.87,23,701.0,0.551,0.724,0,18396.96,60,9.34,Partner,Personal Loan,0,0.3320632167608375,5749,0,0,0,A,0,0.0,2207.6351999999997,0.0
24,95367.3,16,598.0,0.258,0.399,0,19771.14,36,11.06,Online,Debt Consolidation,1,0.3917796665545822,10417,0,0,0,B,0,11862.684,2372.5368,0.0
52,77833.8,16,704.0,0.348,0.82,0,2000.0,36,6.42,Branch,Debt Consolidation,0,0.2828874948623756,7103,0,1,0,B,0,0.0,240.0,0.0
50,63541.22,11,746.0,0.46,0.418,0,23437.31,36,5.0,Partner,Auto Refi,0,0.107211909707106,18355,0,0,1,A,0,0.0,2812.4772000000003,0.0
30,77879.08,23,814.0,0.148,0.533,0,17680.96,60,5.0,Online,Debt Consolidation,0,0.0725563992543139,19005,0,1,1,B,1,0.0,2121.7151999999996,2121.7151999999996
68,101021.02,4,687.0,0.283,0.349,0,14797.4,60,5.0,Partner,Personal Loan,1,0.1484630759082874,4325,0,1,1,B,1,8878.439999999999,1775.6879999999999,-7102.751999999999
55,73802.03,13,660.0,0.428,0.637,0,10722.66,36,10.34,Online,Auto Refi,0,0.3380772528622466,19289,0,0,0,B,0,0.0,1286.7192,0.0
58,60029.29,8,655.0,0.183,0.466,1,24534.63,36,8.78,Online,Personal Loan,0,0.3216720167553168,9847,0,1,0,B,0,0.0,2944.1556,0.0
37,77385.2,16,782.0,0.329,0.451,0,8415.32,36,5.0,Online,Auto Refi,0,0.0785885170785405,15293,0,1,1,B,1,0.0,1009.8384,1009.8384
36,37830.41,1,726.0,0.305,0.386,0,25298.25,60,5.0,Online,Auto Refi,1,0.1058302987829444,5197,0,1,1,B,1,15178.949999999999,3035.79,-12143.16
50,60569.33,8,741.0,0.211,0.387,1,25051.77,60,5.0,Online,Debt Consolidation,0,0.1353731351087857,9097,0,1,1,B,1,0.0,3006.2124,3006.2124
27,61823.42,5,655.0,0.394,0.559,0,4761.55,36,9.39,Online,Debt Consolidation,1,0.3221715016980156,14861,0,1,0,B,0,2856.93,571.386,0.0
21,60793.79,14,739.0,0.483,0.431,0,8240.58,36,14.28,Online,Auto Refi,1,0.3537726563095157,14452,1,0,0,A,0,4944.348,988.8696,0.0
53,58172.38,20,767.0,0.208,0.713,2,17278.54,36,5.18,Online,Personal Loan,0,0.1337773031410122,6207,0,0,1,A,0,0.0,2073.4248000000002,0.0
43,27556.89,15,705.0,0.405,0.694,0,17480.29,36,6.21,Online,Personal Loan,0,0.2062613407477184,17426,0,0,0,B,0,0.0,2097.6348,0.0
48,60200.79,17,638.0,0.553,0.717,0,15311.81,60,16.38,Online,Personal Loan,1,0.4853152450951373,16814,0,0,0,A,0,9187.086,1837.4171999999999,0.0
25,95191.63,16,727.0,0.514,0.158,0,23829.6,60,5.0,Online,Debt Consolidation,0,0.1521288472098402,13101,0,0,1,B,1,0.0,2859.5519999999997,2859.5519999999997
33,91119.88,12,739.0,0.296,0.296,0,21146.46,36,5.0,Online,Auto Refi,0,0.0933452917531656,14315,0,1,1,B,1,0.0,2537.5751999999998,2537.5751999999998
33,74591.31,18,830.0,0.23,0.515,0,20201.15,60,5.0,Branch,Auto Refi,0,0.0448066125423437,7225,0,1,1,A,1,0.0,2424.138,2424.138
39,48320.37,24,735.0,0.409,0.37,0,12874.0,36,5.0,Partner,Debt Consolidation,1,0.1049772943610498,5856,0,0,1,B,1,7724.4,1544.8799999999999,-6179.5199999999995
59,31231.29,8,773.0,0.375,0.294,1,11506.41,60,5.0,Partner,Personal Loan,0,0.1095267955774401,13469,0,1,1,B,1,0.0,1380.7692,1380.7692
43,48499.44,2,673.0,0.415,0.312,0,8201.39,36,5.86,Online,Auto Refi,0,0.2072390147754591,386,0,0,0,B,0,0.0,984.1667999999999,0.0
33,66333.39,7,752.0,0.372,0.723,0,17909.42,60,5.0,Branch,Personal Loan,0,0.0982154647272768,2851,0,1,1,B,1,0.0,2149.1303999999996,2149.1303999999996
24,62244.26,8,682.0,0.291,0.329,0,10518.63,60,5.0,Branch,Debt Consolidation,0,0.1473904820860266,18288,0,1,1,A,1,0.0,1262.2355999999997,1262.2355999999997
49,73960.14,19,640.0,0.3,0.547,0,19161.52,36,9.0,Branch,Personal Loan,1,0.3328731609743233,1159,0,1,0,B,0,11496.912,2299.3824,0.0
52,51543.12,11,677.0,0.348,0.571,0,21947.8,36,6.65,Online,Auto Refi,0,0.2628132661095416,12854,0,1,0,B,0,0.0,2633.736,0.0
27,97929.89,10,793.0,0.158,0.807,1,17863.32,36,5.0,Online,Personal Loan,1,0.1267563167519689,1637,0,1,1,B,1,10717.992,2143.5984,-8574.3936
23,71979.56,17,727.0,0.336,0.203,0,19998.74,36,5.0,Online,Auto Refi,0,0.1153045159728504,15140,0,1,1,A,1,0.0,2399.8488,2399.8488
45,78131.43,2,620.0,0.141,0.247,0,26209.52,60,5.55,Partner,Personal Loan,0,0.1629472481743012,586,0,0,1,B,1,0.0,3145.1423999999997,3145.1423999999997
57,40474.8,10,690.0,0.596,0.449,1,15009.0,60,25.0,Branch,Debt Consolidation,1,0.7651284537430777,5788,1,0,0,A,0,9005.4,1801.08,0.0
25,63918.28,15,718.0,0.206,0.254,1,26196.39,60,5.0,Branch,Debt Consolidation,0,0.1440303960133731,3017,0,1,1,A,1,0.0,3143.5667999999996,3143.5667999999996
49,30695.96,4,561.0,0.298,0.712,0,9397.87,60,19.95,Online,Debt Consolidation,1,0.5869011055375859,19520,0,0,0,B,0,5638.722000000001,1127.7444,0.0
35,68038.32,7,752.0,0.091,0.549,0,10549.4,36,5.0,Online,Personal Loan,1,0.0849575533309174,14606,0,1,1,B,1,6329.639999999999,1265.9279999999999,-5063.7119999999995
53,65313.46,17,572.0,0.208,0.308,0,12615.19,60,11.97,Online,Personal Loan,1,0.3840637181703618,16136,0,0,0,A,0,7569.114,1513.8228,0.0
50,62593.39,2,654.0,0.058,0.621,0,11318.99,36,5.0,Branch,Personal Loan,0,0.1581811406912235,8568,0,1,1,B,1,0.0,1358.2787999999998,1358.2787999999998
47,50459.13,17,713.0,0.308,0.773,0,26269.6,36,5.0,Online,Personal Loan,1,0.1403485544105858,18333,0,1,1,A,1,15761.759999999998,3152.352,-12609.408
55,89351.55,21,778.0,0.391,0.547,1,12091.83,36,5.0,Branch,Personal Loan,1,0.1182933759133256,12063,0,1,1,A,1,7255.098,1451.0195999999999,-5804.0784
37,68724.77,17,600.0,0.268,0.312,0,20367.29,60,10.09,Online,Personal Loan,0,0.3204774192409291,1550,0,0,0,B,0,0.0,2444.0748,0.0
49,47586.14,8,763.0,0.374,0.395,0,8616.87,36,5.0,Online,Personal Loan,0,0.0827604705758224,13433,0,1,1,B,1,0.0,1034.0244,1034.0244
37,83034.24,24,765.0,0.462,0.268,0,17072.13,36,5.0,Branch,Auto Refi,0,0.0890834638753153,1466,0,0,1,A,0,0.0,2048.6556,0.0
32,57704.44,6,657.0,0.329,0.388,0,7895.1,36,6.5,Online,Personal Loan,0,0.220542686239237,7565,0,1,0,A,1,0.0,947.412,947.412
43,43792.2,19,658.0,0.285,0.445,0,21419.55,60,6.23,Partner,Personal Loan,0,0.2410037880214953,11676,0,1,0,A,1,0.0,2570.346,2570.346
48,87585.1,21,683.0,0.339,0.341,0,21087.42,60,5.0,Online,Auto Refi,0,0.1536265346739282,16317,0,1,1,A,1,0.0,2530.4903999999997,2530.4903999999997
44,78454.23,3,802.0,0.301,0.361,0,17172.77,60,5.0,Branch,Auto Refi,0,0.0701796813966734,2242,0,1,1,B,1,0.0,2060.7324,2060.7324
43,41005.85,14,774.0,0.237,0.451,0,25126.86,36,5.0,Online,Personal Loan,0,0.0774156230944041,12114,0,1,1,B,1,0.0,3015.2232,3015.2232
34,67953.07,12,599.0,0.226,0.34,0,21137.73,60,9.7,Branch,Debt Consolidation,1,0.3331091312829737,14432,0,0,0,B,0,12682.637999999999,2536.5276,0.0
52,57591.47,23,616.0,0.418,0.112,0,16121.05,60,9.22,Online,Debt Consolidation,1,0.3207877856620878,15090,0,0,0,B,0,9672.63,1934.5259999999998,0.0
35,55472.27,9,663.0,0.25,0.117,1,22851.66,60,6.02,Partner,Personal Loan,0,0.2174532034487181,16801,0,1,0,B,0,0.0,2742.1992,0.0
26,106381.92,18,789.0,0.214,0.54,0,27142.19,36,5.0,Partner,Auto Refi,0,0.092543698882928,1988,0,1,1,A,1,0.0,3257.0627999999997,3257.0627999999997
33,75029.38,24,640.0,0.345,0.954,0,10873.16,36,14.4,Online,Auto Refi,0,0.4737894020709952,12375,0,1,0,B,0,0.0,1304.7792,0.0
43,74932.61,6,698.0,0.37,0.618,0,2339.62,36,5.66,Online,Auto Refi,0,0.169193369395337,8991,0,1,1,B,1,0.0,280.7544,280.7544
39,74574.35,4,695.0,0.161,0.402,0,7438.11,36,5.0,Branch,Personal Loan,1,0.1707345794624074,15371,0,1,1,B,1,4462.866,892.5731999999999,-3570.2928
50,83135.54,2,630.0,0.159,0.335,0,8136.05,36,5.7,Online,Debt Consolidation,0,0.1910774440683513,19922,0,0,0,B,0,0.0,976.326,0.0
49,54203.72,16,786.0,0.395,0.515,0,18655.02,36,5.0,Online,Debt Consolidation,0,0.0885496676241452,9780,0,1,1,B,1,0.0,2238.6023999999998,2238.6023999999998
59,71508.9,16,650.0,0.289,0.719,0,11472.28,60,9.62,Online,Personal Loan,1,0.2921202965875634,950,0,1,0,A,1,6883.368,1376.6736,-5506.6944
26,73755.45,6,704.0,0.426,0.479,0,23763.82,60,5.0,Online,Debt Consolidation,0,0.18111740105882,14934,0,0,0,A,0,0.0,2851.6584,0.0
43,95844.39,21,713.0,0.5,0.404,0,14633.08,36,5.0,Partner,Debt Consolidation,0,0.1902675192542818,8626,0,0,0,A,0,0.0,1755.9696,0.0
24,84956.38,8,642.0,0.395,0.735,1,18260.15,36,17.61,Online,Auto Refi,0,0.5122940198686871,4266,0,1,0,B,0,0.0,2191.2180000000003,0.0
51,77727.9,7,737.0,0.062,0.229,0,7567.26,36,5.0,Partner,Auto Refi,0,0.0823332892201221,6338,0,1,1,A,1,0.0,908.0712,908.0712
30,53270.57,18,685.0,0.066,0.774,1,12687.59,36,6.82,Online,Auto Refi,1,0.2430146487633729,7404,0,1,0,A,1,7612.554,1522.5108,-6090.0432
29,63762.56,21,830.0,0.129,0.076,1,4551.62,60,5.0,Partner,Debt Consolidation,0,0.0898914503862649,8851,0,1,1,B,1,0.0,546.1944,546.1944
55,71613.36,17,700.0,0.324,0.564,0,22440.23,36,5.0,Online,Personal Loan,0,0.1626050895870664,4680,0,1,1,B,1,0.0,2692.8276,2692.8276
69,72768.45,24,704.0,0.541,0.105,0,8992.23,60,5.0,Online,Personal Loan,0,0.1657021794338488,352,0,0,1,B,1,0.0,1079.0675999999999,1079.0675999999999
30,75890.6,16,699.0,0.425,0.342,0,7530.43,60,5.0,Online,Debt Consolidation,1,0.1687373849901126,13217,0,0,1,A,0,4518.258,903.6516,0.0
55,92727.8,19,746.0,0.275,0.829,2,2000.0,36,9.17,Partner,Personal Loan,1,0.3622724586796685,7302,0,0,0,A,0,1200.0,240.0,0.0
54,36041.97,4,701.0,0.143,0.591,0,21014.21,36,5.0,Online,Debt Consolidation,0,0.1551718309298868,11687,0,1,1,B,1,0.0,2521.7052,2521.7052
61,44625.04,16,629.0,0.504,0.475,0,16697.67,36,13.5,Online,Personal Loan,1,0.4522898223729363,6219,0,0,0,B,0,10018.601999999999,2003.7203999999997,0.0
25,88772.34,6,685.0,0.455,0.277,0,14135.1,36,5.16,Branch,Auto Refi,0,0.1639313268291916,12654,0,0,1,A,0,0.0,1696.212,0.0
37,78626.16,19,803.0,0.227,0.014,0,6585.96,60,5.0,Online,Debt Consolidation,0,0.0573377965425542,16454,0,1,1,A,1,0.0,790.3152,790.3152
46,70184.54,20,738.0,0.331,0.587,1,16055.5,36,5.0,Online,Auto Refi,0,0.1303757143070204,12560,0,1,1,B,1,0.0,1926.6599999999999,1926.6599999999999
55,85650.52,6,696.0,0.345,0.0,0,12887.14,60,5.0,Online,Personal Loan,0,0.1323783394029226,2259,0,1,1,B,1,0.0,1546.4568,1546.4568
24,62466.24,13,689.0,0.327,0.319,0,6361.12,36,5.0,Branch,Auto Refi,0,0.1563880612528939,2784,0,1,1,A,1,0.0,763.3344,763.3344
61,52124.62,2,644.0,0.591,0.542,0,6622.71,36,14.45,Online,Debt Consolidation,0,0.5325595352716107,7545,0,0,0,B,0,0.0,794.7252,0.0
50,34656.88,1,810.0,0.215,0.294,0,21052.06,60,5.0,Partner,Personal Loan,0,0.0568898284216925,12200,0,1,1,A,1,0.0,2526.2472000000002,2526.2472000000002
67,65483.83,3,585.0,0.596,0.101,0,26162.57,36,16.38,Online,Personal Loan,0,0.5055504121863116,9157,0,0,0,A,0,0.0,3139.5083999999997,0.0
47,61276.83,0,721.0,0.271,0.591,0,13377.42,36,5.0,Online,Personal Loan,0,0.1245343687583077,8047,0,1,1,A,1,0.0,1605.2903999999999,1605.2903999999999
26,20000.0,7,767.0,0.441,0.3,0,3033.9,36,5.0,Branch,Debt Consolidation,0,0.1165196807727052,12730,0,0,1,A,0,0.0,364.068,0.0
59,102003.51,2,665.0,0.362,0.498,1,12354.25,36,11.53,Branch,Auto Refi,0,0.3383631658725163,6764,0,1,0,B,0,0.0,1482.51,0.0
65,47839.33,0,614.0,0.386,0.195,0,13058.43,36,9.75,Online,Debt Consolidation,1,0.2840633864239497,558,0,0,0,B,0,7835.058,1567.0116,0.0
21,69224.56,20,711.0,0.424,0.359,0,12064.27,36,5.0,Online,Personal Loan,0,0.155875986231819,17485,0,0,1,A,0,0.0,1447.7124,0.0
31,66444.13,23,830.0,0.462,0.377,0,9876.64,60,5.0,Online,Personal Loan,0,0.051548516026702,11977,0,0,1,A,0,0.0,1185.1968,0.0
58,61263.72,16,634.0,0.05,0.638,0,12933.55,60,6.23,Online,Auto Refi,0,0.2185045672160857,11018,0,0,0,A,0,0.0,1552.0259999999998,0.0
29,57240.75,3,688.0,0.209,0.403,0,7707.34,36,5.0,Branch,Auto Refi,0,0.1589537065483848,16177,0,1,1,A,1,0.0,924.8808,924.8808
30,67152.71,3,670.0,0.162,0.45,0,14332.29,60,5.0,Branch,Auto Refi,0,0.1680700278817326,1644,0,1,1,A,1,0.0,1719.8748,1719.8748
57,80557.06,8,693.0,0.326,0.416,1,3860.53,36,7.15,Branch,Debt Consolidation,0,0.2879752532734859,2544,0,1,0,B,0,0.0,463.2636,0.0
38,75138.18,12,703.0,0.492,0.753,1,15115.14,36,12.72,Online,Auto Refi,0,0.4283401297459012,12034,0,0,0,B,0,0.0,1813.8167999999998,0.0
52,51788.85,12,705.0,0.193,0.126,0,18054.44,36,5.0,Online,Auto Refi,0,0.1573231834795431,510,0,1,1,B,1,0.0,2166.5328,2166.5328
30,58318.91,2,579.0,0.255,0.48,0,9390.43,36,14.11,Online,Debt Consolidation,1,0.4104589838731467,18720,0,0,0,B,0,5634.258,1126.8516,0.0
46,73631.99,13,762.0,0.383,0.063,0,2000.0,36,5.0,Online,Auto Refi,0,0.0668566280918719,1169,0,1,1,A,1,0.0,240.0,240.0
53,66736.4,4,784.0,0.05,0.601,0,2077.14,60,5.0,Online,Debt Consolidation,0,0.0995158915718198,12915,0,1,1,A,1,0.0,249.25679999999997,249.25679999999997
44,48976.05,21,599.0,0.506,0.276,1,17475.16,36,19.73,Online,Debt Consolidation,1,0.5935477621412365,5686,0,0,0,A,0,10485.096,2097.0191999999997,0.0
34,64870.23,3,767.0,0.378,0.068,0,16233.99,36,5.0,Online,Debt Consolidation,0,0.0652547067140002,14998,0,1,1,A,1,0.0,1948.0788,1948.0788
27,25442.05,16,574.0,0.508,0.329,0,17604.0,60,18.47,Branch,Debt Consolidation,0,0.5329769275504056,12040,0,0,0,A,0,0.0,2112.48,0.0
22,65493.95,5,780.0,0.226,0.729,0,22542.79,36,5.0,Branch,Personal Loan,0,0.0793382591822665,13802,0,1,1,B,1,0.0,2705.1348,2705.1348
21,59307.9,12,638.0,0.465,0.746,0,16824.58,60,14.85,Online,Personal Loan,1,0.4607132923451776,19502,0,0,0,A,0,10094.748000000001,2018.9496000000001,0.0
52,57429.39,15,708.0,0.285,0.494,0,24521.29,60,5.0,Partner,Debt Consolidation,1,0.1498014486764013,10636,0,1,1,B,1,14712.774,2942.5548,-11770.2192
63,37461.33,8,653.0,0.182,0.569,1,12502.97,36,9.98,Online,Personal Loan,0,0.3144251874457359,10637,0,1,0,B,0,0.0,1500.3564,0.0
23,58931.19,24,606.0,0.557,0.974,0,19990.0,36,23.22,Partner,Debt Consolidation,1,0.66238500872098,17371,0,0,0,B,0,11994.0,2398.7999999999997,0.0
68,88664.22,2,631.0,0.303,0.417,0,17268.93,60,22.95,Partner,Personal Loan,0,0.5666118554668655,10384,1,0,0,B,0,0.0,2072.2716,0.0
64,67367.29,3,702.0,0.278,0.336,1,13587.65,36,5.04,Online,Personal Loan,1,0.1475492853591408,13580,0,1,1,A,1,8152.589999999999,1630.5179999999998,-6522.071999999999
41,86743.62,15,757.0,0.294,0.231,1,10420.49,36,5.0,Online,Debt Consolidation,0,0.1233476969454064,10730,0,1,1,B,1,0.0,1250.4587999999999,1250.4587999999999
28,73457.18,10,798.0,0.221,0.342,0,6650.01,60,5.0,Partner,Personal Loan,0,0.0724574348803663,2492,0,1,1,B,1,0.0,798.0012,798.0012
39,68301.75,19,748.0,0.406,0.631,0,9554.29,60,5.0,Branch,Personal Loan,0,0.099790706216425,3568,0,0,1,B,1,0.0,1146.5148000000002,1146.5148000000002
66,94386.74,1,712.0,0.559,0.138,0,22168.81,36,15.69,Branch,Personal Loan,1,0.4433381127863255,18616,1,0,0,A,0,13301.286,2660.2572,0.0
47,64866.22,14,588.0,0.181,0.116,0,14514.43,36,7.79,Branch,Auto Refi,1,0.2724308312731926,11206,0,0,0,A,0,8708.658,1741.7316,0.0
38,72468.38,17,603.0,0.363,0.279,0,14106.56,36,11.39,Online,Personal Loan,1,0.3552345502162825,6280,0,0,0,A,0,8463.936,1692.7872,0.0
21,71860.5,12,685.0,0.245,0.398,1,13751.9,36,6.46,Branch,Personal Loan,0,0.2307079938196604,19905,0,1,0,B,0,0.0,1650.2279999999998,0.0
67,57291.42,24,749.0,0.349,0.304,0,17060.07,36,9.16,Online,Personal Loan,0,0.2331489371000862,17374,1,0,0,B,0,0.0,2047.2084,0.0
55,123325.57,3,685.0,0.239,0.573,0,9649.51,36,5.0,Branch,Auto Refi,0,0.0820966287168011,1088,0,1,1,A,1,0.0,1157.9412,1157.9412
45,43599.33,24,597.0,0.51,0.776,0,4608.22,36,21.05,Online,Personal Loan,0,0.6907762959364695,18316,0,0,0,B,0,0.0,552.9864,0.0
34,102643.57,24,742.0,0.206,0.738,1,25508.21,60,5.0,Branch,Personal Loan,0,0.1788330684722564,12618,0,1,1,A,1,0.0,3060.9851999999996,3060.9851999999996
24,30640.58,12,717.0,0.339,0.474,1,31017.02,60,5.8,Online,Personal Loan,0,0.2010959282770093,18181,0,1,0,A,1,0.0,3722.0424,3722.0424
47,71702.8,11,741.0,0.164,0.379,1,4616.24,36,5.0,Online,Personal Loan,0,0.1328843218710934,17734,0,1,1,B,1,0.0,553.9488,553.9488
38,60497.54,23,799.0,0.325,0.46,0,26194.69,60,5.0,Online,Debt Consolidation,0,0.0809403858273596,706,0,1,1,B,1,0.0,3143.3628,3143.3628
69,104001.76,11,640.0,0.171,0.928,0,15050.77,36,10.59,Online,Personal Loan,1,0.2696458193455364,4221,0,1,0,B,0,9030.462,1806.0924,0.0
24,80737.12,14,585.0,0.302,0.563,0,14666.04,36,15.4,Branch,Personal Loan,0,0.518899483682687,4205,0,0,0,B,0,0.0,1759.9248,0.0
25,69628.62,0,587.0,0.22,0.454,0,15616.27,36,12.11,Online,Debt Consolidation,1,0.3857834877809658,2452,0,0,0,A,0,9369.762,1873.9524,0.0
48,94886.35,3,776.0,0.547,0.425,0,15535.47,60,5.0,Online,Personal Loan,0,0.1075410735730982,12059,0,0,1,A,0,0.0,1864.2563999999998,0.0
44,94947.48,23,673.0,0.559,0.552,1,21610.92,60,15.3,Branch,Personal Loan,0,0.4859043340664865,12898,0,0,0,A,0,0.0,2593.3104,0.0
49,73249.78,22,615.0,0.469,0.563,0,10835.28,36,15.42,Online,Personal Loan,1,0.4478436563615675,16218,0,0,0,A,0,6501.168000000001,1300.2336,0.0
28,53709.67,13,642.0,0.145,0.25,0,16369.19,36,5.0,Online,Personal Loan,0,0.1287217633277231,5802,0,1,1,A,1,0.0,1964.3028,1964.3028
45,62016.47,19,737.0,0.125,0.454,0,2000.0,60,5.0,Online,Personal Loan,0,0.0741807847535158,1601,0,1,1,B,1,0.0,240.0,240.0
49,79929.98,10,526.0,0.23,0.586,0,17041.99,36,25.0,Branch,Auto Refi,1,0.8009709814800551,13148,1,0,0,A,0,10225.194000000001,2045.0388,0.0
47,104818.01,24,597.0,0.302,0.498,0,7812.59,36,13.28,Branch,Debt Consolidation,1,0.5245686666711454,4425,0,0,0,A,0,4687.554,937.5108,0.0
40,64887.73,4,618.0,0.244,0.097,0,14764.0,60,5.99,Online,Auto Refi,0,0.1790978281068534,17280,0,0,1,A,0,0.0,1771.6799999999998,0.0
54,35148.97,10,754.0,0.272,0.665,0,17451.55,36,5.0,Branch,Personal Loan,0,0.09721405262687,17521,0,1,1,B,1,0.0,2094.1859999999997,2094.1859999999997
61,130018.17,2,648.0,0.362,0.734,2,8283.29,60,21.14,Online,Auto Refi,0,0.3612097964670538,15895,0,0,0,B,0,0.0,993.9948,0.0
50,56115.81,9,712.0,0.339,0.494,0,4219.89,36,5.0,Online,Debt Consolidation,0,0.1388963385761883,7408,0,1,1,B,1,0.0,506.3868,506.3868
64,39815.89,16,687.0,0.163,0.55,0,13759.83,60,5.0,Branch,Auto Refi,0,0.1558410841755379,15424,0,1,1,B,1,0.0,1651.1796,1651.1796
63,53783.9,5,745.0,0.182,0.355,1,12934.19,36,5.0,Online,Debt Consolidation,0,0.1354274320162436,11317,0,1,1,A,1,0.0,1552.1028000000001,1552.1028000000001
65,29147.5,24,585.0,0.181,0.483,0,11384.59,60,11.85,Branch,Debt Consolidation,0,0.4047999073468863,800,0,0,0,A,0,0.0,1366.1508,0.0
67,45572.62,2,791.0,0.421,0.401,1,17499.96,36,5.0,Partner,Personal Loan,0,0.1165374019028876,17726,0,0,1,B,1,0.0,2099.9952,2099.9952
50,70473.29,18,686.0,0.476,0.477,0,18283.45,60,7.11,Partner,Debt Consolidation,0,0.27010485788779,9151,0,0,0,B,0,0.0,2194.014,0.0
67,70103.5,19,621.0,0.217,0.291,1,21797.34,36,11.09,Branch,Personal Loan,0,0.3273153207954571,10221,0,0,0,A,0,0.0,2615.6808,0.0
59,73051.84,0,657.0,0.146,0.443,0,20731.88,36,5.0,Online,Debt Consolidation,0,0.1384014544230371,6827,0,1,1,A,1,0.0,2487.8256,2487.8256
40,33475.31,23,659.0,0.287,0.14,1,16725.06,60,7.1,Online,Personal Loan,0,0.2187752777167052,5347,0,1,0,B,0,0.0,2007.0072,0.0
40,65016.29,18,630.0,0.294,0.291,0,11258.02,36,7.49,Branch,Personal Loan,0,0.2389856777614377,19994,0,0,0,B,0,0.0,1350.9624000000001,0.0
54,73508.79,10,737.0,0.088,0.442,0,21338.73,60,5.0,Branch,Debt Consolidation,1,0.0945214494016882,3123,0,1,1,B,1,12803.238,2560.6476,-10242.5904
43,65302.83,10,694.0,0.29,0.414,1,8021.76,36,6.47,Partner,Auto Refi,0,0.2285719176695483,19200,0,1,0,B,0,0.0,962.6111999999999,0.0
63,76692.05,5,655.0,0.298,0.505,0,25485.89,60,7.2,Branch,Debt Consolidation,0,0.2285818136686184,12463,0,1,0,A,1,0.0,3058.3068,3058.3068
27,60855.13,24,671.0,0.319,0.826,0,10166.65,36,9.15,Branch,Debt Consolidation,0,0.3477511624303068,13193,0,1,0,A,1,0.0,1219.9979999999998,1219.9979999999998
53,87113.87,4,728.0,0.464,0.62,0,20591.37,60,5.0,Online,Auto Refi,0,0.1274262609705971,15449,0,0,1,A,0,0.0,2470.9644,0.0
35,68233.49,19,634.0,0.325,0.14,0,18410.32,36,6.25,Branch,Auto Refi,0,0.2258477131589432,18974,0,0,0,B,0,0.0,2209.2383999999997,0.0
21,26248.09,12,716.0,0.212,0.14,0,21755.44,60,5.0,Branch,Debt Consolidation,0,0.1107657148421427,17962,0,1,1,B,1,0.0,2610.6528,2610.6528
61,36893.72,22,755.0,0.193,0.459,0,25268.72,60,5.0,Branch,Auto Refi,0,0.1094139908294255,16664,0,1,1,A,1,0.0,3032.2464,3032.2464
41,129856.64,14,651.0,0.25,0.556,0,13242.96,36,7.19,Partner,Personal Loan,0,0.1222751666904714,4709,0,1,1,A,1,0.0,1589.1552,1589.1552
49,32132.84,0,480.0,0.396,0.201,0,10057.44,60,25.0,Branch,Personal Loan,1,0.8248691395163875,6892,0,0,0,A,0,6034.464,1206.8928,0.0
49,50546.14,8,694.0,0.315,0.608,0,19522.82,60,5.06,Online,Personal Loan,0,0.1601521261288549,18997,0,1,1,A,1,0.0,2342.7383999999997,2342.7383999999997
27,63931.77,0,664.0,0.401,0.342,0,16278.12,36,6.6,Online,Auto Refi,1,0.2163184416293536,16687,0,0,0,B,0,9766.872,1953.3744,0.0
44,86152.71,13,627.0,0.392,0.328,0,17413.97,36,9.83,Partner,Personal Loan,0,0.3104253661042054,6741,0,0,0,A,0,0.0,2089.6764000000003,0.0
40,68369.46,12,819.0,0.346,0.409,1,9675.43,36,7.39,Branch,Personal Loan,0,0.2300094841562953,13772,1,0,0,A,0,0.0,1161.0516,0.0
43,69393.44,22,674.0,0.247,0.674,0,24438.16,60,6.21,Online,Personal Loan,0,0.2133555046384414,9822,0,1,0,A,1,0.0,2932.5791999999997,2932.5791999999997
43,56633.07,9,696.0,0.329,0.668,1,15740.94,36,9.36,Online,Personal Loan,1,0.2816333951999333,7384,0,1,0,A,1,9444.564,1888.9128,-7555.6512
66,36792.61,16,815.0,0.436,0.537,0,2595.77,36,5.0,Partner,Debt Consolidation,0,0.0733802049755542,6448,0,0,1,A,0,0.0,311.4924,0.0
35,78459.31,19,631.0,0.3,0.416,0,20384.65,36,8.68,Online,Personal Loan,0,0.3024766088342029,17302,0,0,0,A,0,0.0,2446.158,0.0
66,89706.94,10,668.0,0.331,0.256,0,14779.53,36,5.0,Partner,Personal Loan,0,0.1411612504254128,18045,0,1,1,A,1,0.0,1773.5436,1773.5436
25,84574.73,15,774.0,0.307,0.537,0,17541.82,60,5.0,Branch,Personal Loan,0,0.0732065177531531,15362,0,1,1,B,1,0.0,2105.0184,2105.0184
51,89907.16,21,672.0,0.231,0.615,0,12366.09,36,5.68,Online,Auto Refi,0,0.1803861388512639,5344,0,1,0,B,0,0.0,1483.9307999999999,0.0
25,56279.26,21,702.0,0.323,0.398,0,12999.44,36,5.0,Branch,Auto Refi,1,0.1521326074849799,18297,0,1,1,B,1,7799.664,1559.9328,-6239.7312
34,49405.06,0,545.0,0.275,0.574,0,13337.65,36,19.75,Branch,Debt Consolidation,0,0.5855396749152871,11504,0,0,0,B,0,0.0,1600.5179999999998,0.0
33,38735.49,22,703.0,0.246,0.571,1,9208.71,36,6.39,Online,Personal Loan,0,0.2179657441635656,18654,0,1,0,A,1,0.0,1105.0451999999998,1105.0451999999998
38,49738.58,24,654.0,0.34,0.447,0,22068.34,36,7.44,Online,Auto Refi,0,0.237876124831604,17299,0,1,0,B,0,0.0,2648.2008,0.0
34,33849.94,18,698.0,0.3,0.539,0,22982.58,60,5.0,Branch,Debt Consolidation,1,0.1467432919886716,18432,0,1,1,B,1,13789.548,2757.9096,-11031.6384
54,66829.51,24,632.0,0.356,0.356,0,21737.87,36,9.03,Partner,Auto Refi,0,0.3058203353131072,11579,0,0,0,A,0,0.0,2608.5443999999998,0.0
22,46321.73,22,716.0,0.32,0.44,1,12663.89,36,5.38,Online,Personal Loan,0,0.1811857699713274,8435,0,1,0,A,1,0.0,1519.6668,1519.6668
46,60458.4,16,694.0,0.322,0.59,0,28187.65,36,18.09,Online,Debt Consolidation,1,0.5363498139928224,1443,1,0,0,B,0,16912.59,3382.518,0.0
27,64261.12,9,612.0,0.098,0.561,1,19416.19,60,12.76,Branch,Personal Loan,0,0.3770511380323752,16618,0,0,0,B,0,0.0,2329.9428,0.0
24,43299.17,23,669.0,0.399,0.795,1,20060.26,60,15.29,Online,Personal Loan,0,0.4686937536048675,3028,0,1,0,A,1,0.0,2407.2311999999997,2407.2311999999997
34,28970.18,16,734.0,0.563,0.257,0,22240.54,36,14.58,Branch,Auto Refi,0,0.2867733452552727,4356,1,0,0,B,0,0.0,2668.8648,0.0
67,34768.69,13,608.0,0.257,0.432,0,18579.77,36,10.33,Online,Debt Consolidation,1,0.2979847846445284,1916,0,0,0,A,0,11147.862,2229.5724,0.0
45,64224.29,10,672.0,0.497,0.247,1,8002.0,60,24.97,Online,Debt Consolidation,0,0.7615673290624205,2244,1,0,0,A,0,0.0,960.24,0.0
45,91641.75,5,643.0,0.218,0.774,0,7990.42,60,9.51,Branch,Debt Consolidation,0,0.3128042577285584,16485,0,1,0,A,1,0.0,958.8503999999999,958.8503999999999
55,70047.39,4,688.0,0.431,0.282,0,3251.57,36,5.0,Online,Personal Loan,0,0.1592183209084619,3259,0,0,1,A,0,0.0,390.1884,0.0
60,45058.73,22,590.0,0.413,0.121,0,5789.13,60,12.01,Partner,Debt Consolidation,0,0.3915875052145858,16008,0,0,0,B,0,0.0,694.6956,0.0
53,98643.21,6,678.0,0.283,0.482,1,6625.35,60,8.46,Online,Auto Refi,0,0.3223003313907632,7434,0,1,0,A,1,0.0,795.042,795.042
31,35594.21,5,678.0,0.344,0.482,0,17405.71,60,5.74,Online,Personal Loan,0,0.1787471189934488,15905,0,1,1,A,1,0.0,2088.6852,2088.6852
55,48685.22,13,705.0,0.322,0.093,2,22509.31,36,6.86,Branch,Personal Loan,1,0.2769486318786394,8769,0,0,0,B,0,13505.586000000001,2701.1172,0.0
49,34573.12,20,752.0,0.392,0.92,0,8506.08,36,5.0,Online,Debt Consolidation,0,0.1097140114455244,6474,0,1,1,A,1,0.0,1020.7296,1020.7296
60,51493.9,12,556.0,0.212,0.753,0,5837.01,36,19.15,Branch,Auto Refi,1,0.6337238690642011,11347,0,0,0,B,0,3502.206,700.4412,0.0
25,78249.81,11,793.0,0.451,0.409,0,19471.29,60,5.0,Branch,Personal Loan,0,0.0814215363038829,4440,0,0,1,B,1,0.0,2336.5548,2336.5548
51,73962.08,2,735.0,0.25,0.383,1,20050.53,36,5.0,Online,Debt Consolidation,0,0.1341749037001517,6610,0,1,1,B,1,0.0,2406.0636,2406.0636
66,44998.63,19,659.0,0.492,0.084,1,2000.0,60,10.22,Online,Personal Loan,0,0.2467767608560403,11061,0,0,0,A,0,0.0,240.0,0.0
58,93467.61,20,699.0,0.196,0.408,0,20954.62,36,5.0,Partner,Auto Refi,0,0.1545991224938062,14471,0,1,1,B,1,0.0,2514.5544,2514.5544
39,79568.78,4,587.0,0.143,0.361,1,23858.39,60,14.2,Online,Auto Refi,1,0.4148950952000774,14355,0,0,0,B,0,14315.034,2863.0067999999997,0.0
43,62660.47,16,695.0,0.447,0.556,0,21590.06,36,6.51,Online,Debt Consolidation,0,0.2271153964557448,5968,0,0,0,A,0,0.0,2590.8072,0.0
27,72808.6,8,593.0,0.068,0.889,0,10182.11,36,13.28,Online,Personal Loan,1,0.4800981990967447,3086,0,0,0,B,0,6109.2660000000005,1221.8532,0.0
41,43851.62,15,688.0,0.467,0.599,1,21378.57,60,12.24,Online,Personal Loan,0,0.3699509728603222,4810,0,0,0,B,0,0.0,2565.4284,0.0
43,74115.84,5,694.0,0.349,0.889,0,2000.0,36,8.01,Online,Auto Refi,1,0.2976560778659333,628,0,1,0,B,0,1200.0,240.0,0.0
68,59865.1,11,674.0,0.113,0.317,1,12054.88,60,5.0,Branch,Personal Loan,0,0.1386581992729718,5428,0,1,1,B,1,0.0,1446.5855999999999,1446.5855999999999
49,71213.67,7,660.0,0.296,0.207,0,23676.29,60,16.98,Online,Personal Loan,1,0.4990817954636978,8289,1,0,0,B,0,14205.774,2841.1548,0.0
38,86233.36,1,681.0,0.15,0.095,0,16274.26,36,5.0,Branch,Personal Loan,0,0.1040638428849315,10652,0,1,1,A,1,0.0,1952.9112,1952.9112
59,59417.32,7,637.0,0.226,0.378,1,15029.2,36,10.57,Online,Personal Loan,1,0.3053306568991043,16070,0,0,0,B,0,9017.52,1803.5040000000001,0.0
22,69035.81,4,751.0,0.409,0.0,1,21326.16,36,5.0,Online,Personal Loan,0,0.1139559650554923,3845,0,0,1,B,1,0.0,2559.1392,2559.1392
29,72365.23,17,760.0,0.157,0.515,0,8624.75,36,5.0,Online,Personal Loan,0,0.083005699229381,19297,0,1,1,A,1,0.0,1034.97,1034.97
38,110977.11,10,697.0,0.378,0.751,0,16624.41,36,7.0,Online,Auto Refi,1,0.2204412299502281,17918,0,1,0,A,1,9974.645999999999,1994.9291999999998,-7979.716799999999
63,62042.07,11,584.0,0.189,0.479,0,6853.36,60,12.13,Online,Debt Consolidation,0,0.389217379684656,4318,0,0,0,A,0,0.0,822.4032,0.0
61,73327.59,0,565.0,0.322,0.469,0,14547.65,60,25.0,Online,Personal Loan,1,0.7812488537082679,8384,1,0,0,B,0,8728.59,1745.7179999999998,0.0
56,50819.47,9,708.0,0.082,0.369,0,20379.64,36,5.0,Online,Auto Refi,1,0.126665582725361,4119,0,1,1,A,1,12227.784,2445.5568,-9782.2272
39,62905.8,3,637.0,0.264,0.5,0,16484.65,36,8.29,Partner,Auto Refi,0,0.2841959917132456,15251,0,0,0,B,0,0.0,1978.1580000000001,0.0
27,76210.0,2,714.0,0.252,0.575,1,9449.18,60,5.58,Online,Auto Refi,0,0.1878431421556772,15679,0,1,0,B,0,0.0,1133.9016,0.0
25,58537.71,18,567.0,0.385,0.663,0,24016.96,36,20.6,Partner,Debt Consolidation,0,0.5740710955350026,14239,0,0,0,A,0,0.0,2882.0352,0.0
59,107821.07,9,733.0,0.325,0.123,0,20011.02,36,5.0,Branch,Auto Refi,0,0.0944097560878597,10890,0,1,1,A,1,0.0,2401.3224,2401.3224
64,126604.96,8,751.0,0.227,0.566,0,23562.79,60,5.0,Online,Auto Refi,0,0.0424366980431192,15345,0,1,1,B,1,0.0,2827.5348,2827.5348
55,64146.1,7,673.0,0.05,0.383,0,19132.26,36,5.0,Online,Debt Consolidation,0,0.1456417719505423,1775,0,1,1,A,1,0.0,2295.8711999999996,2295.8711999999996
47,100186.79,0,624.0,0.27,0.236,1,28154.97,60,11.28,Online,Debt Consolidation,0,0.315129769403623,6840,0,0,0,B,0,0.0,3378.5964,0.0
48,46587.64,3,538.0,0.093,0.395,0,20878.9,36,14.4,Branch,Auto Refi,0,0.4072560621442428,15096,0,0,0,A,0,0.0,2505.4680000000003,0.0
36,43096.12,13,645.0,0.429,0.272,0,19906.39,36,8.21,Online,Personal Loan,0,0.2882521716501208,1853,0,0,0,A,0,0.0,2388.7668,0.0
61,91930.89,6,718.0,0.322,0.458,0,10212.34,36,5.0,Partner,Personal Loan,0,0.1544533407539089,5009,0,1,1,A,1,0.0,1225.4808,1225.4808
43,93437.49,18,607.0,0.421,0.67,0,16614.64,60,16.68,Partner,Debt Consolidation,0,0.5234790810021196,18782,0,0,0,B,0,0.0,1993.7567999999999,0.0
66,42112.87,23,608.0,0.386,0.368,2,21422.67,36,22.07,Partner,Personal Loan,1,0.6760883956068748,309,0,0,0,A,0,12853.601999999999,2570.7203999999997,0.0
23,20000.0,22,631.0,0.22,0.758,1,22848.85,36,15.4,Online,Personal Loan,1,0.478779122517144,10065,0,0,0,B,0,13709.31,2741.8619999999996,0.0
35,89801.59,6,816.0,0.131,0.503,1,18942.92,36,5.0,Partner,Personal Loan,0,0.0899847382143222,16047,0,1,1,B,1,0.0,2273.1503999999995,2273.1503999999995
60,53187.21,3,758.0,0.407,0.56,1,9398.5,36,5.0,Online,Personal Loan,0,0.1334736339883885,4912,0,0,1,B,1,0.0,1127.82,1127.82
66,70565.5,11,729.0,0.211,0.539,0,12663.0,36,5.0,Branch,Personal Loan,1,0.1229206415390985,16164,0,1,1,B,1,7597.799999999999,1519.56,-6078.24
45,86493.39,8,684.0,0.646,0.225,0,13613.29,36,7.8,Partner,Personal Loan,1,0.3524181990785569,424,0,0,0,A,0,8167.974,1633.5948,0.0
65,59812.23,7,579.0,0.309,0.598,0,24266.06,36,16.73,Online,Personal Loan,0,0.5456360904553541,18388,0,0,0,B,0,0.0,2911.9272,0.0
69,40222.83,0,706.0,0.283,0.947,0,14783.27,36,6.35,Online,Debt Consolidation,0,0.2022018183786328,10388,0,1,0,B,0,0.0,1773.9924,0.0
34,52670.14,12,591.0,0.299,0.188,0,13719.14,36,10.36,Online,Auto Refi,0,0.3138312087903002,13536,0,0,0,A,0,0.0,1646.2967999999998,0.0
63,30192.84,7,663.0,0.351,0.349,0,10717.36,60,19.51,Partner,Debt Consolidation,1,0.5629607726246624,8496,1,0,0,B,0,6430.416,1286.0832,0.0
54,66850.03,13,627.0,0.244,0.743,1,10482.07,36,16.25,Branch,Personal Loan,1,0.5234071720435214,3675,0,0,0,A,0,6289.241999999999,1257.8483999999999,0.0
30,88424.09,11,666.0,0.514,0.588,0,10979.48,60,10.87,Branch,Personal Loan,0,0.360012685069785,7320,0,0,0,B,0,0.0,1317.5375999999999,0.0
55,98761.91,9,751.0,0.687,0.241,0,18573.34,36,5.0,Online,Personal Loan,0,0.1029775039003631,942,0,0,1,A,0,0.0,2228.8008,0.0
59,76952.46,18,596.0,0.253,0.318,0,20440.75,36,10.36,Branch,Personal Loan,0,0.3255946824646257,18354,0,0,0,B,0,0.0,2452.89,0.0
52,59286.4,22,620.0,0.338,0.176,0,14252.4,60,8.09,Partner,Debt Consolidation,0,0.2830935971696264,10435,0,0,0,A,0,0.0,1710.2879999999998,0.0
57,65694.98,7,818.0,0.353,0.297,0,24244.57,60,5.0,Partner,Debt Consolidation,0,0.0724416961439198,480,0,1,1,B,1,0.0,2909.3484,2909.3484
68,65342.28,24,720.0,0.27,0.103,1,18369.85,60,5.0,Online,Debt Consolidation,0,0.1260529489756447,18002,0,1,1,B,1,0.0,2204.3819999999996,2204.3819999999996
23,74223.88,14,516.0,0.231,0.407,0,13859.33,36,20.2,Online,Debt Consolidation,0,0.5735602623256457,10639,0,0,0,A,0,0.0,1663.1196,0.0
51,85042.71,13,740.0,0.534,0.479,0,24598.6,60,5.0,Branch,Auto Refi,0,0.113110033105763,19345,0,0,1,A,0,0.0,2951.832,0.0
37,78599.19,5,726.0,0.198,0.447,0,14550.92,36,5.0,Online,Personal Loan,1,0.1222667858253712,9235,0,1,1,A,1,8730.552,1746.1104,-6984.4416
60,55021.15,18,607.0,0.411,0.537,0,12820.87,60,25.0,Online,Personal Loan,1,0.773879919757593,2057,1,0,0,A,0,7692.522,1538.5044,0.0
41,70138.15,1,609.0,0.309,0.302,1,14053.1,60,14.61,Online,Personal Loan,0,0.4108746758628659,17007,0,0,0,B,0,0.0,1686.372,0.0
57,60967.01,9,772.0,0.296,0.689,1,16283.47,36,5.0,Online,Auto Refi,0,0.0965042341183783,8870,0,1,1,B,1,0.0,1954.0163999999997,1954.0163999999997
25,63331.06,12,665.0,0.388,0.453,0,14054.65,60,7.26,Partner,Debt Consolidation,0,0.2335051607333496,11784,0,1,0,A,1,0.0,1686.558,1686.558
68,21781.91,21,557.0,0.362,0.532,0,6809.99,36,19.75,Branch,Debt Consolidation,0,0.6187233010033968,14049,0,0,0,B,0,0.0,817.1987999999999,0.0
32,79459.81,15,729.0,0.445,0.39,2,2678.67,60,9.57,Branch,Personal Loan,0,0.2954457393047376,18655,0,0,0,A,0,0.0,321.4404,0.0
63,50660.92,14,661.0,0.262,0.792,0,12295.43,60,8.75,Partner,Debt Consolidation,1,0.3290646266897245,1628,0,1,0,A,1,7377.258,1475.4515999999999,-5901.8063999999995
47,70867.43,18,574.0,0.34,0.358,0,7598.5,36,15.05,Online,Auto Refi,0,0.4781402194070796,16344,0,0,0,B,0,0.0,911.8199999999999,0.0
51,43793.2,18,747.0,0.712,0.384,0,22244.11,36,5.0,Partner,Auto Refi,0,0.1057265427422075,10132,0,0,1,B,1,0.0,2669.2932,2669.2932
37,86971.16,12,596.0,0.478,0.445,0,14525.75,36,16.56,Online,Personal Loan,0,0.4703552722316648,5083,0,0,0,B,0,0.0,1743.09,0.0
32,69171.11,12,778.0,0.323,0.397,0,15073.36,60,5.0,Partner,Personal Loan,0,0.0807797675670521,10532,0,1,1,B,1,0.0,1808.8032,1808.8032
67,89294.0,6,705.0,0.206,0.49,0,6506.69,36,5.0,Online,Debt Consolidation,1,0.1443276588242444,2483,0,1,1,B,1,3904.0139999999997,780.8027999999999,-3123.2111999999997
22,50995.9,11,705.0,0.291,0.242,0,19341.98,36,5.0,Branch,Debt Consolidation,0,0.1380402461341571,9563,0,1,1,B,1,0.0,2321.0375999999997,2321.0375999999997
41,51642.51,10,731.0,0.179,0.599,0,14422.93,36,5.0,Online,Personal Loan,0,0.0995440550893236,18221,0,1,1,B,1,0.0,1730.7516,1730.7516
30,68315.05,17,795.0,0.405,0.567,0,14846.3,60,5.0,Online,Auto Refi,0,0.082733884482939,7413,0,0,1,A,0,0.0,1781.5559999999998,0.0
64,49394.09,5,659.0,0.142,0.412,0,20802.82,36,5.0,Branch,Personal Loan,0,0.1454305396657298,17520,0,1,1,A,1,0.0,2496.3384,2496.3384
65,85166.48,1,690.0,0.334,0.792,0,16129.55,60,7.18,Online,Personal Loan,0,0.1961576679923436,8149,0,1,0,A,1,0.0,1935.5459999999998,1935.5459999999998
21,43860.16,23,700.0,0.264,0.644,2,3770.45,36,11.83,Branch,Debt Consolidation,0,0.3702808972749917,17083,0,0,0,A,0,0.0,452.45399999999995,0.0
56,52399.61,22,822.0,0.391,0.344,0,8954.33,36,5.0,Partner,Personal Loan,0,0.0761809379647482,14497,0,1,1,A,1,0.0,1074.5195999999999,1074.5195999999999
55,55448.11,0,596.0,0.249,0.306,2,27446.98,36,19.81,Online,Personal Loan,1,0.6602135647179616,5998,0,0,0,B,0,16468.188,3293.6376,0.0
41,60211.76,23,723.0,0.05,0.533,1,13286.29,36,5.0,Branch,Personal Loan,1,0.1415264550156403,83,0,1,1,A,1,7971.774,1594.3548,-6377.4192
56,70320.99,14,655.0,0.385,0.667,0,20593.58,60,10.3,Branch,Personal Loan,0,0.3217062363819418,3025,0,1,0,A,1,0.0,2471.2296,2471.2296
33,63390.05,20,750.0,0.268,0.844,0,11249.57,60,5.0,Online,Personal Loan,0,0.1096755827191432,5097,0,1,1,A,1,0.0,1349.9484,1349.9484
27,72123.71,9,783.0,0.283,0.821,0,14156.69,60,5.0,Online,Debt Consolidation,0,0.0888794249338304,18961,0,1,1,A,1,0.0,1698.8028,1698.8028
21,46082.6,13,641.0,0.256,0.326,0,18707.28,36,6.15,Partner,Debt Consolidation,1,0.2058215176424785,2247,0,1,0,A,1,11224.367999999999,2244.8736,-8979.4944
39,75604.75,4,746.0,0.282,0.479,0,12666.24,60,5.0,Online,Debt Consolidation,0,0.099675574676147,11718,0,1,1,A,1,0.0,1519.9488,1519.9488
30,49983.1,0,629.0,0.395,0.98,0,13537.6,60,17.2,Branch,Personal Loan,1,0.6284609166164791,4951,0,0,0,A,0,8122.5599999999995,1624.512,0.0
59,88117.83,12,765.0,0.259,0.682,1,10703.96,36,5.0,Online,Auto Refi,0,0.0919156403433691,14682,0,1,1,B,1,0.0,1284.4751999999999,1284.4751999999999
42,46824.84,16,480.0,0.273,0.587,0,18752.1,36,25.0,Partner,Auto Refi,0,0.8436419479200342,13655,0,0,0,B,0,0.0,2250.252,0.0
46,35534.61,16,649.0,0.46,0.434,0,14734.53,60,10.0,Online,Personal Loan,1,0.3032780096837304,671,0,0,0,A,0,8840.718,1768.1436,0.0
35,54309.34,12,592.0,0.296,0.271,0,23544.32,36,11.15,Online,Debt Consolidation,1,0.3819167869506916,9001,0,0,0,B,0,14126.591999999999,2825.3183999999997,0.0
32,57583.63,10,703.0,0.501,0.307,2,2000.0,36,12.62,Online,Personal Loan,1,0.3515057390910296,19342,0,0,0,B,0,1200.0,240.0,0.0
59,73708.8,19,676.0,0.223,0.611,0,23078.05,60,5.21,Branch,Personal Loan,0,0.1839359325413698,5598,0,1,0,B,0,0.0,2769.366,0.0
39,69108.14,23,830.0,0.33,0.481,1,14682.77,36,5.0,Online,Personal Loan,0,0.0768213901977178,8926,0,1,1,B,1,0.0,1761.9324,1761.9324
50,44320.69,0,657.0,0.139,0.485,1,11165.69,36,7.98,Partner,Auto Refi,0,0.2761149467008666,3885,0,1,0,A,1,0.0,1339.8828,1339.8828
28,40533.51,21,739.0,0.162,0.419,1,17432.17,36,5.0,Branch,Auto Refi,0,0.1429517673860223,12284,0,1,1,B,1,0.0,2091.8603999999996,2091.8603999999996
62,68541.18,18,667.0,0.382,0.385,0,19265.98,60,6.43,Partner,Auto Refi,0,0.2536438428798037,19791,0,1,0,B,0,0.0,2311.9175999999998,0.0
34,101050.41,7,765.0,0.052,0.368,0,17657.44,60,5.0,Branch,Auto Refi,0,0.0947397988489392,17227,0,1,1,B,1,0.0,2118.8927999999996,2118.8927999999996
64,55456.58,9,694.0,0.347,0.665,0,8823.25,36,5.97,Online,Debt Consolidation,1,0.1727437072422412,16922,0,1,1,A,1,5293.95,1058.79,-4235.16
66,110263.44,13,687.0,0.37,0.709,1,18409.24,36,11.55,Online,Auto Refi,1,0.2878501457511437,16248,0,1,0,A,1,11045.544,2209.1088,-8836.4352
38,73822.54,16,628.0,0.056,0.494,0,18430.65,60,5.64,Online,Auto Refi,1,0.1650200171601071,18470,0,0,1,A,0,11058.390000000001,2211.678,0.0
55,49818.03,10,666.0,0.296,0.392,0,14923.97,60,5.29,Online,Personal Loan,0,0.187373849670912,7843,0,1,0,A,1,0.0,1790.8763999999999,1790.8763999999999
29,74947.25,6,695.0,0.356,0.759,0,15339.32,36,6.88,Branch,Personal Loan,0,0.245360846131881,19287,0,1,0,A,1,0.0,1840.7184,1840.7184
26,100855.8,22,683.0,0.265,0.135,0,17173.59,60,5.0,Partner,Personal Loan,0,0.157173309364544,749,0,1,1,A,1,0.0,2060.8307999999997,2060.8307999999997
63,92450.07,18,655.0,0.456,0.584,0,19057.29,36,10.88,Online,Debt Consolidation,1,0.3290816281568464,6821,0,0,0,A,0,11434.374,2286.8748,0.0
67,64364.63,8,598.0,0.313,0.621,0,26056.42,60,14.79,Online,Debt Consolidation,0,0.5360360494879671,6026,0,0,0,B,0,0.0,3126.7704,0.0
48,64463.17,22,703.0,0.328,0.223,0,12494.8,36,5.0,Online,Personal Loan,0,0.1479399974703242,13810,0,1,1,B,1,0.0,1499.3759999999997,1499.3759999999997
22,65566.13,11,566.0,0.438,0.168,0,17054.64,36,15.88,Online,Personal Loan,0,0.4244773118430651,14626,0,0,0,B,0,0.0,2046.5567999999998,0.0
23,75480.68,18,646.0,0.345,0.56,0,20512.56,36,9.44,Online,Debt Consolidation,1,0.3119619818172121,5488,0,1,0,A,1,12307.536,2461.5072,-9846.0288
37,71111.87,18,682.0,0.516,0.535,0,11174.31,36,8.71,Branch,Debt Consolidation,0,0.3324058216198117,852,0,0,0,A,0,0.0,1340.9171999999999,0.0
59,65517.12,23,770.0,0.241,0.549,1,30048.97,60,5.0,Online,Debt Consolidation,0,0.1113728557287447,6352,0,1,1,A,1,0.0,3605.8764,3605.8764
66,51836.08,12,763.0,0.193,0.205,0,2135.98,60,5.0,Online,Debt Consolidation,0,0.0604414037517128,2270,0,1,1,A,1,0.0,256.31759999999997,256.31759999999997
62,66209.22,21,629.0,0.209,0.633,0,12316.37,36,9.38,Branch,Personal Loan,1,0.3205667360776942,7782,0,0,0,A,0,7389.822,1477.9644,0.0
30,87617.39,23,740.0,0.332,0.406,0,2000.0,60,5.0,Online,Personal Loan,0,0.0875239374055664,4690,0,1,1,B,1,0.0,240.0,240.0
51,22885.91,16,683.0,0.364,0.245,1,11618.51,60,7.16,Online,Auto Refi,0,0.2396623280304871,8005,0,1,0,B,0,0.0,1394.2212,0.0
51,69640.04,17,670.0,0.256,0.58,0,11024.92,36,5.87,Online,Personal Loan,0,0.2007326874607707,14610,0,1,0,A,1,0.0,1322.9904,1322.9904
25,81014.78,12,810.0,0.336,0.503,0,15187.55,36,5.0,Partner,Personal Loan,0,0.0674906548567007,11154,0,1,1,A,1,0.0,1822.5059999999999,1822.5059999999999
30,82212.49,4,634.0,0.136,0.293,0,16761.61,36,5.0,Online,Personal Loan,0,0.1360861707658197,13229,0,0,1,A,0,0.0,2011.3932,0.0
46,69544.38,14,785.0,0.404,0.778,0,19506.35,36,5.0,Online,Debt Consolidation,0,0.083166507243786,6223,0,0,1,A,0,0.0,2340.7619999999997,0.0
58,75986.89,0,650.0,0.352,0.32,0,13914.52,36,6.87,Online,Personal Loan,1,0.208456791508393,13169,0,1,0,B,0,8348.712,1669.7424,0.0
52,79548.67,4,597.0,0.321,0.358,1,11960.63,36,16.91,Online,Debt Consolidation,1,0.5510896257427996,14212,0,0,0,A,0,7176.378,1435.2756,0.0
29,67352.09,16,683.0,0.355,0.559,0,4028.48,36,6.14,Online,Personal Loan,0,0.205423499222971,4337,0,1,0,A,1,0.0,483.4176,483.4176
52,56803.81,8,661.0,0.399,0.403,0,14697.41,36,7.41,Branch,Personal Loan,0,0.2597140973998743,19231,0,1,0,A,1,0.0,1763.6892,1763.6892
32,83931.26,7,650.0,0.431,0.542,0,10147.61,36,10.48,Online,Auto Refi,0,0.3276718329996157,18295,0,0,0,A,0,0.0,1217.7132,0.0
33,117605.71,19,683.0,0.39,0.545,0,17131.71,36,6.58,Online,Auto Refi,0,0.1592465580285067,17194,0,1,1,B,1,0.0,2055.8052,2055.8052
21,56409.88,13,724.0,0.582,0.235,0,16050.27,36,5.0,Partner,Debt Consolidation,1,0.1605908986401698,96,0,0,1,A,0,9630.162,1926.0324,0.0
47,73999.9,5,759.0,0.304,0.549,2,15877.48,36,5.86,Branch,Personal Loan,0,0.1923405881842984,16937,0,0,0,A,0,0.0,1905.2975999999999,0.0
43,72734.54,9,588.0,0.265,0.326,0,8097.32,36,11.52,Branch,Auto Refi,0,0.3898366063267849,15250,0,0,0,B,0,0.0,971.6783999999999,0.0
59,66493.3,5,518.0,0.347,0.678,0,2000.0,36,25.0,Online,Auto Refi,1,0.7709072995233713,17594,0,0,0,B,0,1200.0,240.0,0.0
46,47758.06,20,773.0,0.265,0.419,0,10726.88,36,5.0,Online,Debt Consolidation,0,0.080100558432493,7798,0,1,1,B,1,0.0,1287.2255999999998,1287.2255999999998
35,71130.48,5,591.0,0.62,0.353,1,13135.45,36,23.86,Branch,Personal Loan,1,0.6963456574722696,6596,0,0,0,A,0,7881.27,1576.2540000000001,0.0
61,49419.39,13,716.0,0.306,0.488,1,19394.54,36,5.49,Online,Personal Loan,1,0.1844223862716644,7654,0,1,0,A,1,11636.724,2327.3448,-9309.3792
60,67180.01,20,563.0,0.523,0.476,0,11582.14,36,21.8,Online,Personal Loan,1,0.6664473151425823,12455,0,0,0,B,0,6949.284,1389.8567999999998,0.0
21,35516.78,23,668.0,0.205,0.709,0,11695.16,60,6.33,Online,Personal Loan,0,0.206824196786665,1272,0,1,0,B,0,0.0,1403.4191999999998,0.0
48,63516.45,15,674.0,0.299,0.486,0,20388.41,60,5.46,Branch,Debt Consolidation,0,0.1750131558981301,18603,0,1,1,B,1,0.0,2446.6092,2446.6092
37,37096.67,22,742.0,0.354,0.223,0,16457.25,36,5.0,Online,Personal Loan,0,0.0907389526102462,17687,0,1,1,B,1,0.0,1974.87,1974.87
66,65956.77,1,709.0,0.172,0.071,0,9230.42,36,5.0,Online,Auto Refi,0,0.1166741057070326,16062,0,1,1,B,1,0.0,1107.6504,1107.6504
34,32562.68,8,645.0,0.225,0.174,0,15923.23,60,5.0,Branch,Auto Refi,1,0.1436307932251785,9067,0,1,1,B,1,9553.938,1910.7875999999999,-7643.1504
39,52481.99,7,748.0,0.288,0.369,1,6022.82,60,5.0,Branch,Personal Loan,0,0.1309162571203679,16363,0,1,1,A,1,0.0,722.7384,722.7384
56,63507.97,14,639.0,0.05,0.792,1,24253.84,60,11.34,Branch,Personal Loan,1,0.4198252040897444,6071,0,0,0,A,0,14552.304,2910.4608,0.0
41,53075.34,19,689.0,0.453,0.39,0,9479.27,60,5.76,Online,Personal Loan,0,0.1690391545424653,10770,0,0,1,A,0,0.0,1137.5124,0.0
66,54180.87,3,656.0,0.358,0.361,0,10821.3,60,20.63,Online,Debt Consolidation,0,0.552390500015094,19882,1,0,0,B,0,0.0,1298.5559999999998,0.0
59,74058.91,16,725.0,0.174,0.488,0,15788.74,60,5.0,Branch,Personal Loan,0,0.146977177927232,15471,0,1,1,B,1,0.0,1894.6488,1894.6488
34,69723.6,11,652.0,0.403,0.289,0,20412.67,36,7.24,Online,Auto Refi,0,0.2312978105724809,8162,0,0,0,B,0,0.0,2449.5204,0.0
34,57500.05,1,722.0,0.428,0.656,0,12500.77,60,5.0,Partner,Auto Refi,0,0.1397044738087604,1841,0,0,1,B,1,0.0,1500.0924,1500.0924
53,73079.84,13,610.0,0.312,0.459,0,16592.22,60,11.56,Online,Auto Refi,0,0.378108301380506,15770,0,0,0,B,0,0.0,1991.0664000000002,0.0
65,21094.73,12,764.0,0.182,0.346,1,17983.2,36,5.0,Online,Auto Refi,0,0.0922135915112122,12556,0,1,1,B,1,0.0,2157.984,2157.984
44,85340.19,8,620.0,0.403,0.622,0,10420.09,60,14.12,Online,Personal Loan,0,0.4095803658109095,11936,0,0,0,A,0,0.0,1250.4107999999999,0.0
45,55118.61,22,669.0,0.291,0.246,0,16532.9,60,5.0,Branch,Debt Consolidation,0,0.1484916260759954,2217,0,1,1,A,1,0.0,1983.948,1983.948
67,113606.07,16,684.0,0.388,0.089,0,9662.31,60,5.0,Partner,Personal Loan,0,0.1120283303791346,9179,0,1,1,B,1,0.0,1159.4771999999998,1159.4771999999998
56,57054.39,9,715.0,0.605,0.499,0,18856.69,60,6.84,Online,Auto Refi,0,0.2741525812224139,9667,0,0,0,A,0,0.0,2262.8028,0.0
69,81846.78,12,616.0,0.508,0.341,0,19154.59,36,13.52,Branch,Personal Loan,1,0.4150841240325951,11408,0,0,0,B,0,11492.753999999999,2298.5508,0.0
37,25936.29,8,660.0,0.189,0.511,0,10341.05,36,5.17,Online,Personal Loan,1,0.1665870880337429,15145,0,1,1,A,1,6204.629999999999,1240.926,-4963.704
60,79148.57,9,653.0,0.451,0.339,0,26056.25,36,8.42,Partner,Personal Loan,0,0.3056704149997725,535,0,0,0,B,0,0.0,3126.75,0.0
30,76522.14,8,703.0,0.197,0.311,1,22070.28,36,5.0,Partner,Debt Consolidation,0,0.1611081242818892,9366,0,1,1,B,1,0.0,2648.4336,2648.4336
61,76771.22,17,641.0,0.361,0.448,0,3129.6,36,9.09,Partner,Personal Loan,1,0.3066661810688691,14027,0,1,0,A,1,1877.7599999999998,375.55199999999996,-1502.2079999999999
54,40491.6,2,569.0,0.241,0.076,0,16381.2,36,10.44,Partner,Personal Loan,0,0.3097526553513018,4712,0,0,0,A,0,0.0,1965.744,0.0
68,82706.83,1,616.0,0.417,0.398,0,5104.38,36,12.31,Branch,Personal Loan,0,0.4546542886433229,14418,0,0,0,B,0,0.0,612.5255999999999,0.0
45,86005.09,17,674.0,0.458,0.642,0,28470.91,60,9.52,Online,Auto Refi,0,0.2727302687658889,8090,0,0,0,B,0,0.0,3416.5092,0.0
62,86932.96,21,726.0,0.235,0.453,0,14142.87,36,5.0,Online,Personal Loan,0,0.1256876414802513,13950,0,1,1,A,1,0.0,1697.1444000000001,1697.1444000000001
21,91548.6,11,564.0,0.507,0.706,1,11662.5,60,25.0,Online,Debt Consolidation,1,0.7723023687351077,6692,0,0,0,A,0,6997.5,1399.5,0.0
43,62085.35,5,736.0,0.358,0.669,0,25754.84,60,5.0,Branch,Personal Loan,1,0.0965424548138475,4516,0,1,1,B,1,15452.903999999999,3090.5807999999997,-12362.323199999999
41,83809.91,6,744.0,0.326,0.528,0,15519.24,36,5.0,Online,Debt Consolidation,0,0.1015883817548875,2245,0,1,1,A,1,0.0,1862.3087999999998,1862.3087999999998
36,51028.37,9,623.0,0.253,0.364,0,16698.7,36,8.07,Online,Personal Loan,0,0.2695714887593193,15320,0,0,0,B,0,0.0,2003.844,0.0
68,77234.99,23,654.0,0.068,0.628,0,19479.08,36,5.0,Online,Personal Loan,0,0.1240839962691944,11805,0,1,1,B,1,0.0,2337.4896000000003,2337.4896000000003
41,51617.06,12,497.0,0.477,0.98,1,2000.0,60,25.0,Branch,Personal Loan,1,0.8238578115931583,6669,0,0,0,B,0,1200.0,240.0,0.0
47,53422.26,22,712.0,0.449,0.499,0,13008.87,60,5.0,Partner,Personal Loan,0,0.1561129096715169,9477,0,0,1,B,1,0.0,1561.0644,1561.0644
54,73713.37,23,596.0,0.079,0.524,1,16876.87,60,13.7,Online,Personal Loan,0,0.3998240837762079,833,0,0,0,A,0,0.0,2025.2243999999998,0.0
56,35504.94,5,830.0,0.49,0.411,0,23485.92,36,5.0,Online,Auto Refi,0,0.0557795274465251,8721,0,0,1,A,0,0.0,2818.3104,0.0
66,92478.89,22,617.0,0.15,0.846,0,14458.81,36,11.78,Online,Personal Loan,0,0.3408052500376494,8645,0,0,0,A,0,0.0,1735.0572,0.0
67,66185.16,21,760.0,0.18,0.656,0,4192.92,36,5.0,Online,Personal Loan,0,0.0771164542576205,14481,0,1,1,A,1,0.0,503.1504,503.1504
43,56219.83,3,708.0,0.19,0.295,0,18144.99,36,10.26,Online,Personal Loan,0,0.2846570602211623,925,1,0,0,A,0,0.0,2177.3988,0.0
57,44926.25,21,656.0,0.347,0.42,1,18745.62,36,25.0,Online,Personal Loan,1,0.7583144339079614,789,1,0,0,A,0,11247.372,2249.4743999999996,0.0
48,56471.75,2,811.0,0.185,0.407,0,24964.24,36,5.0,Branch,Auto Refi,0,0.0657250204916927,5631,0,1,1,A,1,0.0,2995.7088,2995.7088
32,62557.99,20,602.0,0.287,0.574,0,10846.0,36,13.24,Online,Personal Loan,0,0.4101961537675427,2125,0,0,0,B,0,0.0,1301.52,0.0
25,37703.01,23,638.0,0.37,0.74,0,20139.4,60,12.77,Branch,Personal Loan,0,0.4173201048020291,6982,0,0,0,A,0,0.0,2416.728,0.0
53,65120.87,13,580.0,0.444,0.676,1,14047.07,36,25.0,Online,Auto Refi,1,0.736878526978402,4767,0,0,0,A,0,8428.242,1685.6483999999998,0.0
66,42257.36,24,689.0,0.374,0.547,0,11724.36,36,5.87,Online,Auto Refi,0,0.1972848458747582,11096,0,1,0,B,0,0.0,1406.9232,0.0
36,72854.3,10,648.0,0.375,0.457,1,9857.32,60,25.0,Online,Debt Consolidation,1,0.756424670606724,14438,1,0,0,A,0,5914.392,1182.8783999999998,0.0
22,61576.17,5,714.0,0.185,0.139,0,12059.31,36,5.0,Online,Personal Loan,0,0.1304617185734884,4058,0,1,1,A,1,0.0,1447.1172,1447.1172
64,80466.02,4,751.0,0.534,0.475,0,14905.02,60,5.0,Online,Personal Loan,0,0.1104938910985299,12032,0,0,1,B,1,0.0,1788.6024,1788.6024
56,42369.61,0,645.0,0.056,0.186,0,10316.36,36,5.0,Online,Debt Consolidation,0,0.1323265282481849,5090,0,1,1,A,1,0.0,1237.9632,1237.9632
60,54456.95,10,788.0,0.404,0.479,0,7970.86,60,5.0,Online,Auto Refi,0,0.0829468842665109,9063,0,0,1,A,0,0.0,956.5031999999999,0.0
44,109499.3,2,702.0,0.281,0.279,0,6435.45,36,5.0,Branch,Personal Loan,0,0.1416219224964737,15409,0,1,1,A,1,0.0,772.2539999999999,772.2539999999999
46,61987.14,22,678.0,0.474,0.21,0,9412.99,36,5.5,Online,Auto Refi,0,0.1954189494899198,12379,0,0,0,B,0,0.0,1129.5588,0.0
28,80394.03,8,689.0,0.471,0.6,1,28281.96,36,12.18,Partner,Personal Loan,0,0.367455761912282,3871,0,0,0,A,0,0.0,3393.8352,0.0
48,61589.22,23,669.0,0.269,0.272,0,26108.26,60,5.0,Online,Debt Consolidation,1,0.1513406103897429,11054,0,1,1,A,1,15664.955999999998,3132.9911999999995,-12531.964799999998
46,30664.05,19,694.0,0.237,0.371,0,8738.23,60,5.0,Online,Personal Loan,0,0.1467966575233461,1471,0,1,1,B,1,0.0,1048.5875999999998,1048.5875999999998
36,68051.75,9,597.0,0.414,0.675,0,29837.56,60,17.76,Branch,Personal Loan,1,0.5818286770018745,10266,0,0,0,A,0,17902.536,3580.5072,0.0
28,84690.83,20,626.0,0.227,0.068,1,16289.91,60,8.46,Branch,Debt Consolidation,0,0.2754074354598126,8912,0,0,0,B,0,0.0,1954.7892,0.0
44,56304.28,10,696.0,0.31,0.431,0,25955.89,36,5.0,Online,Personal Loan,0,0.1515096973655995,14069,0,1,1,B,1,0.0,3114.7068,3114.7068
43,77642.95,20,694.0,0.272,0.75,0,3997.34,36,5.53,Branch,Personal Loan,1,0.1931086502725032,9117,0,1,0,A,1,2398.404,479.6808,-1918.7232
54,41891.91,22,568.0,0.163,0.212,0,7974.42,36,10.44,Online,Auto Refi,0,0.3395924672755148,4071,0,0,0,B,0,0.0,956.9304,0.0
37,64572.56,1,575.0,0.128,0.564,1,10031.08,60,17.79,Online,Auto Refi,0,0.5110063030616043,6483,0,0,0,B,0,0.0,1203.7296,0.0
55,50927.46,20,687.0,0.244,0.212,0,10543.05,60,5.0,Partner,Personal Loan,1,0.1703394399979975,19466,0,1,1,A,1,6325.829999999999,1265.166,-5060.663999999999
37,35270.63,21,643.0,0.348,0.55,1,19346.29,60,14.28,Partner,Debt Consolidation,0,0.4208086743808555,4892,0,1,0,B,0,0.0,2321.5548,0.0
42,52930.69,2,607.0,0.324,0.309,0,24118.43,36,10.48,Branch,Personal Loan,1,0.3284706715630101,4308,0,0,0,B,0,14471.057999999999,2894.2116,0.0
55,75320.8,7,755.0,0.085,0.219,0,16744.95,36,5.0,Online,Debt Consolidation,1,0.0847730072466258,13211,0,1,1,A,1,10046.97,2009.394,-8037.575999999999
29,57736.48,21,690.0,0.39,0.359,0,21500.71,36,5.0,Online,Auto Refi,0,0.1664517502332339,10599,0,1,1,A,1,0.0,2580.0852,2580.0852
66,70362.83,0,719.0,0.467,0.054,0,13769.4,36,5.0,Partner,Auto Refi,1,0.1040078936359879,4731,0,0,1,A,0,8261.64,1652.328,0.0
39,87512.36,11,555.0,0.263,0.248,0,17586.2,36,14.42,Partner,Auto Refi,0,0.3858084992185411,223,0,0,0,B,0,0.0,2110.344,0.0
33,76009.54,21,562.0,0.209,0.256,1,16426.46,60,17.48,Online,Debt Consolidation,1,0.5433976022958277,4904,0,0,0,A,0,9855.875999999998,1971.1752,0.0
44,54066.6,22,767.0,0.378,0.117,0,21457.4,36,5.0,Online,Auto Refi,0,0.0788758840648764,8298,0,1,1,B,1,0.0,2574.888,2574.888
22,47195.37,0,700.0,0.22,0.769,0,5592.89,60,5.0,Branch,Auto Refi,1,0.1458632633950961,2277,0,1,1,B,1,3355.734,671.1468,-2684.5872
23,56363.51,14,738.0,0.27,0.497,0,11632.78,60,5.0,Online,Auto Refi,0,0.0961745040695504,9066,0,1,1,B,1,0.0,1395.9336,1395.9336
24,79908.05,11,613.0,0.244,0.428,1,5650.56,60,14.14,Online,Debt Consolidation,0,0.4230494478673394,11333,0,0,0,B,0,0.0,678.0672000000001,0.0
65,20000.0,15,689.0,0.168,0.593,1,11085.73,60,20.31,Branch,Auto Refi,1,0.5686430981216157,11729,1,0,0,B,0,6651.437999999999,1330.2875999999999,0.0
38,20000.0,5,694.0,0.299,0.354,0,20751.16,60,14.79,Online,Auto Refi,0,0.456116606187968,3560,1,0,0,B,0,0.0,2490.1392,0.0
27,41546.08,24,663.0,0.342,0.85,1,4788.88,36,15.38,Online,Personal Loan,0,0.5034623427821032,12107,0,1,0,B,0,0.0,574.6656,0.0
65,31487.89,2,825.0,0.355,0.213,0,16341.55,36,5.0,Branch,Personal Loan,0,0.0344928039459242,12661,0,1,1,A,1,0.0,1960.9859999999999,1960.9859999999999
26,44289.3,20,618.0,0.36,0.683,0,6809.18,36,14.19,Branch,Debt Consolidation,1,0.4262550479529817,18056,0,0,0,A,0,4085.508,817.1016,0.0
31,45928.58,6,669.0,0.41,0.487,0,2000.0,36,7.66,Online,Debt Consolidation,1,0.2351088663466191,6186,0,0,0,B,0,1200.0,240.0,0.0
63,74392.94,22,762.0,0.549,0.145,1,17387.74,36,5.0,Online,Personal Loan,0,0.1431333272054207,2894,0,0,1,B,1,0.0,2086.5288,2086.5288
34,67626.42,6,733.0,0.203,0.78,0,16625.54,60,5.0,Online,Auto Refi,0,0.1074042102462822,19138,0,1,1,A,1,0.0,1995.0648,1995.0648
60,37433.9,1,709.0,0.338,0.529,0,11898.47,60,5.0,Online,Auto Refi,0,0.1413323343383685,5374,0,1,1,B,1,0.0,1427.8164,1427.8164
62,44285.81,1,753.0,0.385,0.56,1,2000.0,60,5.0,Branch,Personal Loan,0,0.1361501683713002,12645,0,1,1,A,1,0.0,240.0,240.0
51,62445.57,24,617.0,0.198,0.752,0,16131.43,60,11.63,Online,Personal Loan,0,0.3912825352880369,8588,0,0,0,A,0,0.0,1935.7716,0.0
35,67161.05,5,699.0,0.358,0.284,0,29502.81,36,5.0,Partner,Debt Consolidation,0,0.1516784189767546,11876,0,1,1,A,1,0.0,3540.3372,3540.3372
30,46356.36,10,689.0,0.294,0.528,0,24264.86,60,5.0,Online,Personal Loan,0,0.1539221334328177,5683,0,1,1,B,1,0.0,2911.7832,2911.7832
45,71183.7,8,563.0,0.05,0.324,1,7735.25,60,14.68,Online,Debt Consolidation,0,0.4539755274626992,14140,0,0,0,B,0,0.0,928.23,0.0
28,75562.78,15,681.0,0.386,0.644,0,15662.45,36,7.58,Branch,Auto Refi,0,0.2498581031272184,4161,0,1,0,A,1,0.0,1879.494,1879.494
68,62575.96,13,691.0,0.258,0.169,0,14845.39,60,5.0,Partner,Personal Loan,1,0.1442238889987563,5707,0,1,1,A,1,8907.233999999999,1781.4468,-7125.787199999999
41,60343.29,7,529.0,0.383,0.19,0,19054.76,60,19.44,Online,Personal Loan,0,0.553042423711893,19375,0,0,0,A,0,0.0,2286.5712,0.0
46,87321.13,13,735.0,0.647,0.622,1,28336.6,36,10.89,Online,Auto Refi,0,0.3596758130059955,4279,0,0,0,A,0,0.0,3400.392,0.0
40,47075.51,8,629.0,0.383,0.343,0,15721.33,36,9.68,Online,Auto Refi,0,0.3276693785943063,13969,0,0,0,A,0,0.0,1886.5595999999998,0.0
42,50134.13,16,749.0,0.182,0.193,0,12621.01,36,5.0,Branch,Personal Loan,0,0.0901722325637414,15395,0,1,1,B,1,0.0,1514.5212,1514.5212
28,69434.61,23,683.0,0.199,0.742,0,14480.38,36,5.34,Branch,Auto Refi,1,0.1774347857084825,5478,0,1,1,A,1,8688.228,1737.6455999999998,-6950.582399999999
41,51642.43,10,584.0,0.548,0.607,0,30777.54,60,21.36,Branch,Personal Loan,1,0.6858143024786482,12992,0,0,0,B,0,18466.524,3693.3048,0.0
27,98387.23,4,702.0,0.427,0.412,0,11841.36,36,5.0,Branch,Debt Consolidation,0,0.1811473585705842,18778,0,0,0,A,0,0.0,1420.9632,0.0
51,63928.88,18,666.0,0.367,0.445,0,20498.22,36,20.68,Branch,Personal Loan,1,0.5830825971575705,11492,1,0,0,B,0,12298.932,2459.7864,0.0
33,104016.33,3,594.0,0.482,0.213,1,17009.18,60,19.11,Branch,Personal Loan,0,0.5784939369595581,9170,0,0,0,B,0,0.0,2041.1016,0.0
50,96034.45,20,688.0,0.321,0.302,1,14735.34,60,6.55,Online,Personal Loan,0,0.2256737155839193,11146,0,1,0,B,0,0.0,1768.2408,0.0
42,81441.25,11,686.0,0.487,0.313,1,21184.98,60,24.04,Branch,Personal Loan,0,0.6327237796528903,11870,1,0,0,B,0,0.0,2542.1976,0.0
52,64990.16,1,686.0,0.216,0.284,1,17309.76,36,5.01,Online,Personal Loan,0,0.1515950877597929,19874,0,1,1,B,1,0.0,2077.1711999999998,2077.1711999999998
28,81042.08,14,508.0,0.302,0.502,0,2000.0,36,23.61,Branch,Personal Loan,1,0.6611090017218823,15600,0,0,0,B,0,1200.0,240.0,0.0
42,54480.46,8,671.0,0.208,0.814,0,18857.04,36,20.98,Branch,Personal Loan,1,0.6591413891896175,425,1,0,0,A,0,11314.224,2262.8448,0.0
32,84741.38,13,805.0,0.128,0.587,0,5210.08,36,5.0,Branch,Debt Consolidation,0,0.0596298182098202,12551,0,1,1,B,1,0.0,625.2096,625.2096
26,51169.44,0,651.0,0.326,0.069,0,2000.0,60,5.0,Branch,Debt Consolidation,0,0.1126760684795166,8279,0,1,1,A,1,0.0,240.0,240.0
41,67757.13,20,730.0,0.349,0.131,1,2000.0,36,5.0,Online,Personal Loan,0,0.1408807956992294,6625,0,1,1,B,1,0.0,240.0,240.0
33,85452.3,13,806.0,0.345,0.582,0,13585.01,60,5.0,Online,Debt Consolidation,0,0.0650491112023532,13926,0,1,1,B,1,0.0,1630.2012,1630.2012
61,76805.31,15,648.0,0.109,0.274,0,31941.28,60,5.0,Online,Auto Refi,0,0.4004226557797823,7388,0,1,0,A,1,0.0,3832.9536,3832.9536
52,38046.73,8,755.0,0.162,0.286,0,11423.16,36,5.0,Branch,Personal Loan,0,0.1015217574913359,17528,0,1,1,B,1,0.0,1370.7792,1370.7792
41,82002.87,22,628.0,0.579,0.347,1,12231.98,36,18.73,Online,Personal Loan,1,0.6295864262290258,987,0,0,0,A,0,7339.187999999999,1467.8375999999998,0.0
53,97527.01,3,696.0,0.338,0.152,0,16281.47,36,5.0,Branch,Auto Refi,1,0.1549272323547719,1940,0,1,1,A,1,9768.882,1953.7763999999997,-7815.1056
42,56123.09,13,670.0,0.4,0.235,0,8621.7,36,5.26,Online,Personal Loan,0,0.1726067236852197,17589,0,1,1,A,1,0.0,1034.604,1034.604
38,77492.67,12,677.0,0.16,0.183,0,2360.88,60,5.0,Branch,Auto Refi,1,0.142183633637028,14120,0,1,1,A,1,1416.528,283.3056,-1133.2224
50,25285.47,13,684.0,0.259,0.384,0,27696.4,36,5.0,Branch,Personal Loan,0,0.191373059884204,11193,0,1,0,B,0,0.0,3323.568,0.0
59,41107.47,4,639.0,0.189,0.672,1,2000.0,60,12.78,Online,Debt Consolidation,0,0.3875707921416434,4886,0,0,0,B,0,0.0,240.0,0.0
56,21849.34,13,636.0,0.409,0.52,1,6456.89,36,25.0,Online,Debt Consolidation,1,0.7545900736044385,7095,1,0,0,A,0,3874.134,774.8268,0.0
28,65428.61,3,712.0,0.237,0.748,0,5031.26,36,5.0,Partner,Personal Loan,0,0.1529740730191686,722,0,1,1,B,1,0.0,603.7512,603.7512
60,88201.83,11,605.0,0.433,0.743,0,18292.92,36,18.06,Online,Debt Consolidation,0,0.5201649459297341,13031,0,0,0,B,0,0.0,2195.1503999999995,0.0
41,55021.18,22,621.0,0.268,0.603,0,23215.22,60,11.01,Online,Personal Loan,0,0.3255061380549787,1089,0,0,0,A,0,0.0,2785.8264,0.0
62,47492.58,14,673.0,0.347,0.347,1,17958.74,60,8.81,Partner,Personal Loan,0,0.313844828039777,10226,0,1,0,B,0,0.0,2155.0488,0.0
46,42681.65,22,787.0,0.405,0.431,0,29204.99,60,5.0,Online,Auto Refi,0,0.0851743528662417,1020,0,0,1,A,0,0.0,3504.5988,0.0
28,51731.74,20,744.0,0.352,0.423,1,18896.64,36,5.0,Online,Personal Loan,0,0.1336007301016321,2174,0,1,1,A,1,0.0,2267.5968,2267.5968
66,55125.72,3,637.0,0.115,0.62,1,5052.7,60,10.98,Online,Personal Loan,1,0.3056174041478479,16779,0,0,0,B,0,3031.62,606.324,0.0
24,56671.61,7,690.0,0.364,0.635,1,9300.44,60,10.29,Online,Debt Consolidation,1,0.3062089656861543,6668,0,1,0,B,0,5580.264,1116.0528,0.0
61,66423.42,20,693.0,0.369,0.609,0,10640.44,60,5.93,Online,Debt Consolidation,0,0.2127761799469455,14429,0,1,0,B,0,0.0,1276.8528000000001,0.0
37,36844.88,7,527.0,0.304,0.899,0,15301.5,60,25.0,Branch,Personal Loan,0,0.8617555299622237,15102,0,0,0,A,0,0.0,1836.1799999999998,0.0
69,20000.0,10,814.0,0.377,0.452,0,20772.72,60,5.0,Branch,Auto Refi,0,0.0713691574081685,3856,0,1,1,A,1,0.0,2492.7264,2492.7264
45,97171.89,0,656.0,0.494,0.412,0,17440.94,36,9.65,Online,Personal Loan,0,0.3417116237459973,5726,0,0,0,B,0,0.0,2092.9127999999996,0.0
66,71080.92,21,667.0,0.173,0.421,0,11768.74,36,5.0,Online,Debt Consolidation,0,0.1547880075960897,9764,0,1,1,B,1,0.0,1412.2487999999998,1412.2487999999998
22,103963.36,21,715.0,0.461,0.505,0,9723.79,36,5.0,Online,Personal Loan,0,0.140157979475812,647,0,0,1,B,1,0.0,1166.8548,1166.8548
40,58111.96,20,499.0,0.173,0.802,0,19396.46,60,25.0,Online,Auto Refi,1,0.7798538442590821,18909,0,0,0,B,0,11637.875999999998,2327.5751999999998,0.0
59,54865.12,24,581.0,0.17,0.274,0,20538.85,36,9.85,Online,Personal Loan,0,0.3104917660873081,2826,0,0,0,A,0,0.0,2464.662,0.0
44,58055.04,14,650.0,0.325,0.512,1,13323.5,36,12.51,Partner,Debt Consolidation,0,0.404233750029479,7270,0,1,0,B,0,0.0,1598.82,0.0
34,46784.24,5,661.0,0.172,0.33,0,22659.31,36,5.0,Online,Personal Loan,1,0.1574929325663089,6317,0,1,1,A,1,13595.586000000001,2719.1172,-10876.4688
39,69890.45,9,690.0,0.05,0.742,0,21734.25,36,5.0,Online,Debt Consolidation,0,0.138231624821667,5007,0,1,1,A,1,0.0,2608.11,2608.11
67,76043.61,20,506.0,0.391,0.489,0,27010.66,60,25.0,Online,Personal Loan,1,0.8178108585763897,13164,0,0,0,B,0,16206.395999999999,3241.2792,0.0
54,27866.91,4,733.0,0.481,0.834,0,27933.16,60,6.17,Online,Personal Loan,0,0.240388053546509,15893,0,0,0,B,0,0.0,3351.9791999999998,0.0
46,65011.44,6,591.0,0.406,0.238,0,4337.37,36,13.12,Partner,Auto Refi,1,0.4255681434988279,4647,0,0,0,B,0,2602.422,520.4843999999999,0.0
25,50117.15,1,673.0,0.115,0.502,1,16711.86,60,6.27,Online,Personal Loan,0,0.1804346807890421,15720,0,1,0,A,1,0.0,2005.4232,2005.4232
28,43669.7,12,654.0,0.241,0.435,0,11699.08,60,5.8,Branch,Personal Loan,0,0.2035930231206097,7638,0,1,0,B,0,0.0,1403.8896,0.0
43,47180.16,11,652.0,0.255,0.4,0,24591.81,60,5.91,Partner,Auto Refi,0,0.2000329052843102,15605,0,1,0,B,0,0.0,2951.0172000000002,0.0
25,67984.95,16,756.0,0.348,0.524,0,9791.92,60,5.0,Branch,Personal Loan,0,0.1079467694539423,9645,0,1,1,A,1,0.0,1175.0303999999999,1175.0303999999999
60,61405.13,16,732.0,0.21,0.073,0,18753.49,60,5.0,Branch,Personal Loan,0,0.0805888639012457,18665,0,1,1,B,1,0.0,2250.4188,2250.4188
50,114270.23,6,724.0,0.353,0.137,1,23668.67,36,5.0,Online,Auto Refi,0,0.1456869209325228,18042,0,1,1,A,1,0.0,2840.2403999999997,2840.2403999999997
66,51407.21,22,784.0,0.641,0.167,0,9489.83,36,9.6,Online,Debt Consolidation,0,0.2980300339651092,15492,1,0,0,B,0,0.0,1138.7795999999998,0.0
34,52878.45,18,737.0,0.136,0.656,0,8150.26,36,5.0,Online,Auto Refi,0,0.0832302767588643,5210,0,1,1,A,1,0.0,978.0312,978.0312
33,47776.59,1,660.0,0.364,0.872,0,2000.0,60,11.66,Online,Debt Consolidation,1,0.3470941460228761,15754,0,1,0,B,0,1200.0,240.0,0.0
32,55120.56,5,633.0,0.394,0.513,0,26364.51,60,11.23,Branch,Auto Refi,0,0.3765734221574066,10116,0,0,0,B,0,0.0,3163.7411999999995,0.0
44,73925.9,13,649.0,0.05,0.515,0,23987.0,36,5.0,Online,Personal Loan,1,0.1341054863398348,19,0,1,1,A,1,14392.199999999999,2878.44,-11513.759999999998
53,87441.41,20,667.0,0.204,0.425,1,17245.73,60,7.57,Online,Auto Refi,1,0.2978169238573053,195,0,1,0,A,1,10347.438,2069.4876,-8277.9504
32,65729.19,22,723.0,0.326,0.567,0,17531.23,36,5.0,Online,Personal Loan,1,0.1308710030436704,1798,0,1,1,B,1,10518.738,2103.7475999999997,-8414.990399999999
57,65506.85,17,752.0,0.217,0.946,1,20483.79,36,5.06,Online,Debt Consolidation,0,0.1505727433001535,3019,0,1,1,A,1,0.0,2458.0548,2458.0548
60,54066.85,22,654.0,0.496,0.584,1,24073.47,36,16.67,Partner,Auto Refi,0,0.5204117846688127,7460,0,0,0,A,0,0.0,2888.8164,0.0
51,86053.25,15,596.0,0.2,0.404,1,21533.33,36,14.93,Partner,Personal Loan,0,0.5200270654410667,14531,0,0,0,A,0,0.0,2583.9996,0.0
34,57639.38,22,675.0,0.085,0.252,0,10043.2,60,5.0,Partner,Debt Consolidation,0,0.1336689049032722,8278,0,1,1,A,1,0.0,1205.184,1205.184
42,45195.9,4,677.0,0.067,0.005,0,8661.64,60,5.0,Online,Auto Refi,1,0.1127718368404271,5743,0,1,1,B,1,5196.9839999999995,1039.3968,-4157.5872
43,63259.68,17,720.0,0.23,0.484,0,14430.04,36,5.0,Online,Personal Loan,1,0.1307388456350172,19456,0,1,1,B,1,8658.024,1731.6048,-6926.419199999999
49,96865.04,17,572.0,0.375,0.597,0,12247.49,36,18.95,Branch,Auto Refi,0,0.6012602949938103,17676,0,0,0,A,0,0.0,1469.6988,0.0
58,76910.47,1,642.0,0.18,0.544,2,7459.87,36,25.0,Branch,Personal Loan,1,0.7480849977528305,8243,1,0,0,A,0,4475.922,895.1844,0.0
39,64687.2,0,706.0,0.475,0.311,0,7862.7,36,5.0,Branch,Personal Loan,0,0.1915391283551039,17406,0,0,0,A,0,0.0,943.5239999999999,0.0
47,93993.94,3,623.0,0.247,0.182,0,20431.5,60,6.37,Online,Debt Consolidation,0,0.225067582510349,3692,0,0,0,A,0,0.0,2451.7799999999997,0.0
38,66406.45,8,763.0,0.437,0.394,0,10848.76,36,5.0,Online,Personal Loan,0,0.0834281769281507,18808,0,0,1,B,1,0.0,1301.8512,1301.8512
36,38749.3,1,706.0,0.403,0.241,0,21211.43,36,5.0,Online,Personal Loan,0,0.1491541252187375,7182,0,0,1,B,1,0.0,2545.3716,2545.3716
34,93378.69,19,721.0,0.5,0.455,0,16255.68,36,5.0,Online,Debt Consolidation,1,0.1945369504122699,17393,0,0,0,A,0,9753.408,1950.6816,0.0
38,58312.43,23,734.0,0.457,0.282,0,25529.9,60,5.0,Branch,Personal Loan,0,0.0950434479398172,19332,0,0,1,A,0,0.0,3063.588,0.0
50,57902.34,2,666.0,0.246,0.586,0,24138.5,60,6.13,Partner,Auto Refi,0,0.2356662307824771,500,0,1,0,A,1,0.0,2896.62,2896.62
42,68200.31,0,694.0,0.178,0.6,0,9254.17,36,5.0,Partner,Debt Consolidation,0,0.1397035030160835,6619,0,1,1,B,1,0.0,1110.5004,1110.5004
47,91467.28,9,549.0,0.339,0.708,1,3374.04,36,25.0,Online,Auto Refi,1,0.757614414539316,9542,0,0,0,A,0,2024.424,404.8848,0.0
45,81284.65,11,761.0,0.375,0.545,0,12727.84,36,5.0,Online,Debt Consolidation,0,0.0895637141927446,8613,0,1,1,B,1,0.0,1527.3408,1527.3408
38,62965.92,10,671.0,0.452,0.124,0,2000.0,36,5.05,Online,Personal Loan,0,0.1466299482756016,18845,0,0,1,A,0,0.0,240.0,0.0
33,86740.81,13,613.0,0.266,0.555,0,17038.2,60,25.0,Online,Debt Consolidation,1,0.7766853424732567,17233,1,0,0,B,0,10222.92,2044.584,0.0
38,61384.63,20,566.0,0.539,0.189,0,2000.0,36,18.43,Partner,Debt Consolidation,1,0.5841448881959537,8797,0,0,0,A,0,1200.0,240.0,0.0
31,76691.48,17,508.0,0.418,0.254,0,14873.72,60,23.23,Online,Personal Loan,1,0.5829476630776794,15684,0,0,0,B,0,8924.232,1784.8464,0.0
44,33838.97,24,708.0,0.206,0.109,0,23033.89,60,5.0,Online,Debt Consolidation,1,0.1173347816430217,14002,0,1,1,A,1,13820.333999999999,2764.0667999999996,-11056.267199999998
30,73805.61,18,744.0,0.412,0.606,0,13328.67,36,5.0,Online,Personal Loan,0,0.0975711657262719,5108,0,0,1,A,0,0.0,1599.4404,0.0
24,60612.87,9,664.0,0.253,0.525,0,23715.86,60,5.92,Online,Personal Loan,1,0.185709436041681,19535,0,1,0,A,1,14229.516,2845.9031999999997,-11383.612799999999
48,20000.0,20,685.0,0.36,0.724,1,7930.95,36,11.75,Online,Debt Consolidation,0,0.350506016191845,13526,0,1,0,B,0,0.0,951.7139999999999,0.0
52,76142.48,6,660.0,0.342,0.829,1,10285.56,60,15.49,Online,Personal Loan,0,0.5259945874933428,6275,0,1,0,A,1,0.0,1234.2672,1234.2672
49,54821.92,20,631.0,0.115,0.336,0,20801.59,36,5.0,Online,Auto Refi,0,0.1468302278905882,1808,0,0,1,B,1,0.0,2496.1908,2496.1908
38,60905.53,20,821.0,0.226,0.328,0,17473.9,60,5.0,Online,Debt Consolidation,0,0.0634070582205229,17432,0,1,1,B,1,0.0,2096.868,2096.868
61,71388.71,1,618.0,0.477,0.549,0,18848.4,36,25.0,Online,Debt Consolidation,1,0.7961755138552201,1992,1,0,0,A,0,11309.04,2261.808,0.0
46,95266.34,15,625.0,0.483,0.557,0,12981.63,36,14.48,Online,Auto Refi,0,0.4540888621769952,11481,0,0,0,A,0,0.0,1557.7956,0.0
32,49245.78,7,658.0,0.126,0.645,0,17317.92,60,5.44,Online,Auto Refi,0,0.1495749478642677,5349,0,1,1,A,1,0.0,2078.1503999999995,2078.1503999999995
56,62898.31,6,754.0,0.514,0.513,0,21797.4,60,5.0,Online,Personal Loan,0,0.1006494688790775,5640,0,0,1,B,1,0.0,2615.688,2615.688
42,69860.18,24,638.0,0.274,0.299,0,35056.81,60,6.45,Online,Personal Loan,0,0.2536663320253301,13515,0,0,0,A,0,0.0,4206.8171999999995,0.0
29,74415.27,13,651.0,0.367,0.363,0,7215.91,36,7.37,Online,Auto Refi,0,0.2273402320712301,15655,0,1,0,B,0,0.0,865.9091999999999,0.0
24,78619.28,12,660.0,0.148,0.275,0,10608.67,60,5.0,Online,Debt Consolidation,0,0.1355442158747725,13109,0,1,1,B,1,0.0,1273.0403999999999,1273.0403999999999
50,75283.92,8,629.0,0.293,0.41,0,14293.44,36,8.64,Partner,Debt Consolidation,0,0.3231034950028629,11678,0,0,0,A,0,0.0,1715.2128,0.0
63,82174.25,1,682.0,0.382,0.569,0,2000.0,60,6.73,Online,Debt Consolidation,1,0.2053703512614912,4016,0,1,0,A,1,1200.0,240.0,-960.0
29,59669.0,16,649.0,0.243,0.396,1,2000.0,36,9.82,Online,Personal Loan,0,0.3072134569935192,9638,0,1,0,A,1,0.0,240.0,240.0
32,79026.46,13,757.0,0.549,0.189,0,5750.22,36,5.0,Online,Auto Refi,0,0.1217136294234688,13599,0,0,1,A,0,0.0,690.0264,0.0
28,53023.66,10,729.0,0.299,0.568,0,13559.75,60,13.19,Online,Personal Loan,1,0.3112120205161858,16680,1,0,0,A,0,8135.849999999999,1627.1699999999998,0.0
49,101517.84,5,682.0,0.196,0.311,1,15673.7,36,5.23,Online,Personal Loan,0,0.1852542084167754,4007,0,1,0,A,1,0.0,1880.844,1880.844
45,49602.44,17,752.0,0.41,0.085,0,19132.68,60,5.0,Partner,Personal Loan,0,0.0864123082328083,18957,0,0,1,B,1,0.0,2295.9216,2295.9216
30,76292.51,8,668.0,0.396,0.457,0,5006.38,36,7.24,Online,Personal Loan,0,0.2285511725566908,8503,0,1,0,B,0,0.0,600.7656,0.0
26,55360.53,12,570.0,0.156,0.575,0,19190.59,60,14.21,Online,Personal Loan,0,0.427948677767293,14388,0,0,0,B,0,0.0,2302.8708,0.0
28,76487.81,24,716.0,0.477,0.536,1,14981.07,36,8.76,Branch,Personal Loan,0,0.3364003178473376,6527,0,0,0,A,0,0.0,1797.7284,0.0
54,44833.79,22,589.0,0.297,0.44,0,9510.09,60,13.41,Online,Personal Loan,1,0.4249754528173907,7793,0,0,0,B,0,5706.054,1141.2108,0.0
46,77214.76,20,689.0,0.295,0.233,0,3899.6,60,5.0,Online,Debt Consolidation,0,0.138927262433228,3855,0,1,1,B,1,0.0,467.952,467.952
51,53336.45,18,635.0,0.269,0.495,0,20763.98,36,8.47,Online,Auto Refi,1,0.3226632051720276,17847,0,0,0,B,0,12458.387999999999,2491.6776,0.0
37,82013.17,20,625.0,0.245,0.72,0,14667.04,36,11.39,Online,Personal Loan,0,0.3541250120708805,7477,0,0,0,B,0,0.0,1760.0448000000001,0.0
27,81211.57,5,569.0,0.515,0.572,0,15115.73,36,22.05,Online,Personal Loan,1,0.6487012516700512,5866,0,0,0,B,0,9069.438,1813.8875999999998,0.0
22,64687.43,1,672.0,0.193,0.324,0,16646.08,36,5.0,Online,Personal Loan,0,0.1368472908711702,6143,0,1,1,A,1,0.0,1997.5296,1997.5296
67,50762.56,15,608.0,0.189,0.648,0,16390.25,36,11.34,Online,Personal Loan,1,0.3553765115410013,11308,0,0,0,A,0,9834.15,1966.83,0.0
47,62995.23,11,817.0,0.515,0.162,1,29771.11,36,5.0,Partner,Auto Refi,0,0.0923328696106342,13147,0,0,1,B,1,0.0,3572.5332,3572.5332
30,63232.54,24,659.0,0.303,0.393,1,15382.52,36,9.88,Online,Personal Loan,0,0.3223399690652356,13875,0,1,0,B,0,0.0,1845.9024,0.0
50,45710.7,9,705.0,0.203,0.571,0,7978.81,36,5.0,Branch,Debt Consolidation,0,0.1657413903145623,9325,0,1,1,B,1,0.0,957.4572000000001,957.4572000000001
34,33466.37,13,690.0,0.356,0.642,0,17068.55,60,6.23,Online,Debt Consolidation,1,0.2282397131435262,5844,0,1,0,A,1,10241.13,2048.2259999999997,-8192.903999999999
62,56886.17,10,591.0,0.416,0.36,0,4528.82,60,14.7,Branch,Auto Refi,1,0.4764509253226279,7188,0,0,0,A,0,2717.292,543.4584,0.0
32,65946.47,14,700.0,0.393,0.282,0,15632.19,36,5.0,Partner,Personal Loan,0,0.1604071918907436,18959,0,1,1,B,1,0.0,1875.8627999999999,1875.8627999999999
23,25671.93,18,681.0,0.371,0.247,0,12937.54,36,5.0,Online,Debt Consolidation,1,0.155508056419085,17463,0,1,1,A,1,7762.524,1552.5048000000002,-6210.019200000001
43,66929.32,14,778.0,0.316,0.777,0,13242.62,60,5.0,Online,Auto Refi,0,0.0786177808171831,10175,0,1,1,A,1,0.0,1589.1144,1589.1144
50,87604.55,6,680.0,0.22,0.278,1,12568.85,36,18.79,Branch,Personal Loan,1,0.557573688923312,13495,1,0,0,B,0,7541.3099999999995,1508.262,0.0
35,85201.47,23,715.0,0.325,0.217,0,21612.93,36,5.0,Partner,Auto Refi,0,0.1352672475556746,17586,0,1,1,A,1,0.0,2593.5516,2593.5516
52,30746.08,22,652.0,0.292,0.793,0,14946.22,36,10.17,Branch,Auto Refi,1,0.3529421028943549,15043,0,1,0,A,1,8967.732,1793.5464,-7174.1856
69,91380.85,12,650.0,0.367,0.127,0,8102.18,36,5.48,Online,Personal Loan,0,0.1500211754050938,296,0,1,1,B,1,0.0,972.2616,972.2616
43,98309.06,22,619.0,0.259,0.665,1,13251.09,60,16.62,Online,Debt Consolidation,0,0.4754989661982872,935,0,0,0,A,0,0.0,1590.1308,0.0
51,69750.78,20,632.0,0.318,0.726,0,8615.47,36,12.21,Online,Auto Refi,1,0.4186523331330832,3680,0,0,0,A,0,5169.281999999999,1033.8564,0.0
44,37137.05,3,714.0,0.28,0.323,1,24553.23,36,5.0,Online,Auto Refi,0,0.1625845996319866,3429,0,1,1,B,1,0.0,2946.3876,2946.3876
37,82078.6,4,716.0,0.403,0.41,1,14518.07,36,6.31,Branch,Auto Refi,0,0.2319002054089026,9422,0,0,0,A,0,0.0,1742.1683999999998,0.0
55,80770.63,4,711.0,0.263,0.568,1,19648.12,60,5.92,Branch,Personal Loan,0,0.2100635210154231,12075,0,1,0,A,1,0.0,2357.7744,2357.7744
47,69150.88,22,731.0,0.442,0.239,0,17123.46,60,5.0,Online,Personal Loan,1,0.0966223902097678,10236,0,0,1,B,1,10274.076,2054.8152,-8219.2608
48,93670.69,7,635.0,0.093,0.398,0,26276.67,60,5.0,Partner,Personal Loan,0,0.1421460253547397,15694,0,0,1,B,1,0.0,3153.2003999999997,3153.2003999999997
48,61937.24,6,779.0,0.433,0.0,0,2000.0,60,5.0,Online,Debt Consolidation,0,0.0594772517615607,19666,0,0,1,B,1,0.0,240.0,240.0
22,57878.19,17,558.0,0.414,0.568,0,26376.47,36,21.05,Online,Debt Consolidation,0,0.6170652755106266,5054,0,0,0,A,0,0.0,3165.1764,0.0
59,60423.97,5,572.0,0.45,0.421,1,17113.01,36,23.26,Branch,Debt Consolidation,0,0.6205130662346509,7863,0,0,0,B,0,0.0,2053.5611999999996,0.0
43,53248.25,5,765.0,0.28,0.603,0,14396.17,36,5.0,Online,Personal Loan,0,0.0702064146024503,6349,0,1,1,A,1,0.0,1727.5403999999999,1727.5403999999999
40,83111.19,21,646.0,0.247,0.216,0,20753.92,60,5.0,Online,Auto Refi,0,0.1545798152261427,19802,0,1,1,B,1,0.0,2490.4703999999997,2490.4703999999997
39,63533.46,3,552.0,0.308,0.213,0,31882.17,60,15.28,Online,Auto Refi,0,0.5829416463078465,2921,0,0,0,A,0,0.0,3825.8603999999996,0.0
39,45346.13,20,670.0,0.298,0.517,0,9343.15,36,6.03,Online,Personal Loan,1,0.1935329397382621,14887,0,1,0,B,0,5605.889999999999,1121.1779999999999,0.0
52,101045.07,20,666.0,0.211,0.643,0,13506.97,36,6.08,Online,Personal Loan,1,0.2207583145115035,2009,0,1,0,B,0,8104.181999999999,1620.8364,0.0
29,77115.48,2,678.0,0.379,0.46,0,21955.5,36,6.08,Online,Debt Consolidation,0,0.2561601833668068,6590,0,1,0,B,0,0.0,2634.66,0.0
49,96519.11,21,633.0,0.18,0.453,2,8549.98,60,15.7,Online,Personal Loan,0,0.5149198422930874,4630,0,0,0,B,0,0.0,1025.9976,0.0
55,38225.01,0,697.0,0.54,0.455,1,7636.41,36,11.1,Online,Personal Loan,1,0.3982327117315802,10396,0,0,0,A,0,4581.846,916.3692,0.0
65,47257.44,4,710.0,0.264,0.0,0,14605.66,36,5.0,Online,Auto Refi,1,0.1012259617801408,8029,0,1,1,B,1,8763.395999999999,1752.6791999999998,-7010.716799999999
63,94032.91,7,676.0,0.286,0.407,0,15692.28,36,5.0,Online,Personal Loan,0,0.1572771436443762,2865,0,1,1,B,1,0.0,1883.0736,1883.0736
25,73623.87,0,734.0,0.309,0.48,0,8574.18,60,5.0,Online,Debt Consolidation,0,0.0867203383424919,5913,0,1,1,A,1,0.0,1028.9016,1028.9016
54,39953.58,19,563.0,0.558,0.677,0,15796.56,60,25.0,Online,Personal Loan,1,0.8342605726296166,5781,1,0,0,B,0,9477.936,1895.5872,0.0
27,51697.31,17,739.0,0.42,0.493,1,15917.85,36,5.45,Partner,Personal Loan,0,0.1714553701091978,4978,0,0,1,A,0,0.0,1910.142,0.0
46,56097.16,6,766.0,0.316,0.49,3,2000.0,36,22.89,Online,Personal Loan,1,0.6050163670926729,10726,1,0,0,B,0,1200.0,240.0,0.0
40,63992.05,14,632.0,0.14,0.448,0,11048.62,60,6.18,Online,Personal Loan,0,0.1988783660305107,16744,0,0,0,B,0,0.0,1325.8344,0.0
37,98322.06,17,639.0,0.534,0.209,0,19629.81,36,10.11,Online,Debt Consolidation,0,0.3774894241218097,19589,0,0,0,B,0,0.0,2355.5772,0.0
50,46545.51,16,644.0,0.32,0.213,0,24497.25,36,5.96,Branch,Personal Loan,1,0.1949022797454277,7563,0,1,0,A,1,14698.35,2939.67,-11758.68
58,89312.57,9,701.0,0.537,0.399,0,15815.46,36,6.11,Branch,Personal Loan,0,0.2505185206784998,8965,0,0,0,B,0,0.0,1897.8551999999997,0.0
40,76528.73,16,730.0,0.321,0.548,0,24268.51,36,5.0,Partner,Auto Refi,0,0.1195975134716939,17850,0,1,1,B,1,0.0,2912.2211999999995,2912.2211999999995
39,99213.35,18,632.0,0.428,0.543,0,8487.16,36,12.36,Branch,Auto Refi,1,0.4144444456298595,4032,0,0,0,B,0,5092.295999999999,1018.4591999999999,0.0
36,70637.6,8,700.0,0.349,0.683,0,23186.73,36,5.65,Branch,Personal Loan,1,0.1699821846862442,7312,0,1,1,A,1,13912.037999999999,2782.4076,-11129.630399999998
39,46817.58,10,771.0,0.321,0.337,0,14307.46,36,5.0,Branch,Personal Loan,0,0.0730681373309362,12804,0,1,1,A,1,0.0,1716.8952,1716.8952
40,81106.72,0,707.0,0.358,0.378,0,16610.96,36,5.0,Online,Debt Consolidation,0,0.1319997501815605,19533,0,1,1,B,1,0.0,1993.3151999999998,1993.3151999999998
30,53600.16,14,575.0,0.406,0.121,0,21482.64,60,13.68,Branch,Personal Loan,1,0.4139027648175873,4633,0,0,0,A,0,12889.583999999999,2577.9168,0.0
63,69991.86,6,660.0,0.35,0.403,0,7513.34,36,20.54,Partner,Debt Consolidation,1,0.5790092152686651,8880,1,0,0,B,0,4508.004,901.6007999999999,0.0
25,70896.76,12,690.0,0.083,0.608,0,14666.41,60,5.0,Partner,Debt Consolidation,1,0.1264308043271275,11453,0,1,1,B,1,8799.846,1759.9692,-7039.8768
21,47385.02,15,548.0,0.089,0.78,1,7645.01,36,22.66,Online,Personal Loan,1,0.5557555910039178,3431,0,0,0,B,0,4587.006,917.4012,0.0
66,46177.18,0,711.0,0.293,0.719,0,25471.45,36,5.0,Online,Auto Refi,0,0.1212806267220717,11731,0,1,1,B,1,0.0,3056.574,3056.574
48,63520.71,22,747.0,0.363,0.412,1,18175.53,60,5.0,Online,Personal Loan,0,0.1384182978443528,15480,0,1,1,B,1,0.0,2181.0636,2181.0636
41,44812.59,0,673.0,0.457,0.471,0,14187.97,36,7.88,Partner,Auto Refi,1,0.2688150630184548,6049,0,0,0,B,0,8512.782,1702.5564,0.0
67,61512.35,15,612.0,0.399,0.083,0,12134.98,36,9.04,Online,Personal Loan,0,0.2646319686759384,7976,0,0,0,B,0,0.0,1456.1976,0.0
48,74625.49,8,682.0,0.38,0.389,0,11219.51,36,5.2,Branch,Personal Loan,0,0.2050179521831973,15702,0,1,0,A,1,0.0,1346.3412,1346.3412
44,77529.92,19,704.0,0.301,0.182,0,18948.62,60,5.0,Online,Auto Refi,0,0.1482513452920639,5671,0,1,1,A,1,0.0,2273.8343999999997,2273.8343999999997
28,41957.2,4,816.0,0.273,0.604,1,22117.99,36,5.0,Online,Personal Loan,0,0.0868885971084986,2512,0,1,1,A,1,0.0,2654.1588,2654.1588
50,63682.98,4,703.0,0.459,0.33,1,13552.5,36,7.74,Online,Personal Loan,0,0.275092547729858,19206,0,0,0,A,0,0.0,1626.3,0.0
59,43312.96,12,652.0,0.6,0.231,0,13975.18,60,10.24,Online,Personal Loan,1,0.3259288762147383,4512,0,0,0,A,0,8385.108,1677.0216,0.0
62,74869.89,13,599.0,0.455,0.555,0,14515.68,60,16.94,Branch,Personal Loan,0,0.5091931169822534,18035,0,0,0,A,0,0.0,1741.8816,0.0
68,67934.13,0,627.0,0.333,0.337,1,16309.23,60,13.35,Online,Debt Consolidation,0,0.3665356535857466,19865,0,0,0,A,0,0.0,1957.1075999999998,0.0
49,58083.77,21,593.0,0.12,0.558,2,16813.51,36,25.0,Online,Debt Consolidation,1,0.6607027117559863,19177,1,0,0,B,0,10088.105999999998,2017.6211999999998,0.0
37,71510.68,23,727.0,0.334,0.31,0,15703.49,60,5.0,Online,Debt Consolidation,0,0.1162448802359926,10077,0,1,1,B,1,0.0,1884.4188,1884.4188
59,45771.83,19,661.0,0.256,0.069,0,11937.64,60,5.0,Partner,Auto Refi,0,0.1277864055703738,3648,0,1,1,B,1,0.0,1432.5167999999999,1432.5167999999999
35,75892.96,11,581.0,0.304,0.44,0,24324.67,60,14.41,Online,Auto Refi,1,0.4708149177128831,15410,0,0,0,B,0,14594.801999999998,2918.9603999999995,0.0
62,62409.86,8,759.0,0.526,0.337,0,17918.47,36,5.0,Branch,Personal Loan,0,0.1157858285190054,12711,0,0,1,A,0,0.0,2150.2164000000002,0.0
60,42171.16,20,620.0,0.313,0.611,0,20926.86,36,12.17,Online,Debt Consolidation,1,0.3775884628139345,4322,0,0,0,A,0,12556.116,2511.2232,0.0
35,56467.81,5,669.0,0.232,0.168,0,11117.28,36,5.0,Online,Personal Loan,0,0.1493480190138766,13740,0,1,1,B,1,0.0,1334.0736,1334.0736
48,55299.52,22,614.0,0.427,0.249,0,21200.62,36,11.06,Partner,Debt Consolidation,0,0.3796556337029891,924,0,0,0,B,0,0.0,2544.0744,0.0
27,43618.11,14,624.0,0.156,0.98,0,7474.75,36,12.55,Online,Personal Loan,0,0.4575240573728282,2339,0,0,0,A,0,0.0,896.9699999999999,0.0
38,70976.21,8,640.0,0.401,0.392,0,16338.83,60,9.38,Online,Personal Loan,0,0.316237382137307,1754,0,0,0,B,0,0.0,1960.6596,0.0
52,75289.69,22,681.0,0.283,0.631,1,13976.27,60,9.62,Online,Auto Refi,0,0.3236826427106239,14962,0,1,0,B,0,0.0,1677.1524,0.0
43,66360.79,24,625.0,0.266,0.49,0,4700.3,60,9.32,Online,Debt Consolidation,0,0.3271242839300961,13825,0,0,0,B,0,0.0,564.036,0.0
56,77066.08,0,641.0,0.266,0.509,0,32776.0,60,7.97,Branch,Auto Refi,0,0.246413116076208,14202,0,1,0,B,0,0.0,3933.12,0.0
56,76387.35,0,713.0,0.198,0.392,0,20219.59,36,5.0,Online,Auto Refi,1,0.1355428442168281,19051,0,1,1,A,1,12131.753999999999,2426.3507999999997,-9705.403199999999
36,86359.18,4,630.0,0.269,0.467,1,9330.95,36,13.13,Partner,Personal Loan,1,0.4306972148651283,6740,0,0,0,B,0,5598.570000000001,1119.714,0.0
59,111602.58,18,627.0,0.34,0.487,0,18400.17,36,10.48,Branch,Debt Consolidation,1,0.277410910287994,18094,0,0,0,B,0,11040.101999999999,2208.0204,0.0
54,50597.08,6,580.0,0.406,0.557,1,15185.87,36,23.03,Online,Auto Refi,1,0.6634018828154905,19365,0,0,0,A,0,9111.522,1822.3044,0.0
39,51510.63,10,712.0,0.117,0.365,2,6252.18,36,5.45,Online,Auto Refi,0,0.1642325636961683,12549,0,0,1,A,0,0.0,750.2616,0.0
54,58978.26,20,681.0,0.185,0.606,0,12357.5,60,5.0,Branch,Debt Consolidation,0,0.1531156689960959,15437,0,1,1,B,1,0.0,1482.8999999999999,1482.8999999999999
52,45947.68,20,690.0,0.567,0.276,0,11074.03,60,6.41,Online,Debt Consolidation,0,0.3672259712632338,3895,0,0,0,A,0,0.0,1328.8836000000001,0.0
48,59416.06,9,510.0,0.349,0.445,1,16735.41,36,25.0,Partner,Debt Consolidation,1,0.740151655112602,18945,0,0,0,B,0,10041.246,2008.2492,0.0
55,20471.75,1,674.0,0.437,0.506,0,11738.64,36,7.79,Online,Auto Refi,0,0.3111100326998445,14732,0,0,0,B,0,0.0,1408.6367999999998,0.0
56,49404.53,22,631.0,0.314,0.056,1,13252.24,60,9.5,Branch,Auto Refi,0,0.280062559120619,3645,0,0,0,A,0,0.0,1590.2687999999998,0.0
39,87890.2,22,714.0,0.271,0.514,1,6604.63,36,5.39,Online,Auto Refi,0,0.1829617948744916,2619,0,1,0,B,0,0.0,792.5556,0.0
50,103560.28,13,755.0,0.36,0.183,0,22917.41,36,5.0,Branch,Personal Loan,0,0.0955123555058251,19975,0,1,1,B,1,0.0,2750.0892,2750.0892
32,91484.1,13,758.0,0.355,0.093,0,23090.01,36,5.0,Online,Auto Refi,0,0.0766018790555888,14320,0,1,1,B,1,0.0,2770.8012,2770.8012
61,64316.77,3,587.0,0.258,0.809,0,9303.01,36,17.12,Online,Personal Loan,1,0.5983350178410592,17669,0,0,0,B,0,5581.806,1116.3612,0.0
33,26517.3,4,773.0,0.424,0.757,0,9191.24,60,5.0,Online,Personal Loan,0,0.0796909575853197,18486,0,0,1,A,0,0.0,1102.9488,0.0
22,62755.84,6,604.0,0.519,0.479,0,10070.23,36,16.84,Branch,Personal Loan,0,0.5770014191288582,18897,0,0,0,A,0,0.0,1208.4276,0.0
34,21887.78,12,756.0,0.426,0.352,0,8389.06,36,5.0,Online,Auto Refi,0,0.0973940820039186,8816,0,0,1,B,1,0.0,1006.6871999999998,1006.6871999999998
63,65386.39,8,692.0,0.336,0.539,0,11869.63,36,5.0,Online,Debt Consolidation,0,0.1751446255071287,10076,0,1,1,A,1,0.0,1424.3555999999999,1424.3555999999999
22,66104.89,2,754.0,0.411,0.387,1,14549.98,36,15.37,Online,Personal Loan,0,0.3829330831592646,16294,1,0,0,B,0,0.0,1745.9976,0.0
29,45161.92,19,585.0,0.246,0.568,0,17508.96,60,14.24,Online,Debt Consolidation,0,0.4119328537509355,7630,0,0,0,B,0,0.0,2101.0751999999998,0.0
66,72783.68,3,615.0,0.343,0.219,0,2000.0,60,9.08,Online,Personal Loan,0,0.2346095495761708,12464,0,0,0,B,0,0.0,240.0,0.0
56,40748.89,14,635.0,0.285,0.171,0,10662.28,36,5.8,Branch,Personal Loan,0,0.1914344456168644,19044,0,0,0,B,0,0.0,1279.4736,0.0
37,47605.84,3,692.0,0.33,0.339,0,4739.15,60,5.0,Online,Personal Loan,0,0.1532407350193921,18716,0,1,1,B,1,0.0,568.698,568.698
55,49569.33,1,560.0,0.21,0.609,0,13067.8,36,16.9,Branch,Debt Consolidation,0,0.5538209172980845,9103,0,0,0,A,0,0.0,1568.136,0.0
38,91899.25,12,717.0,0.359,0.329,0,23201.4,36,5.0,Online,Auto Refi,0,0.1408234665135783,16695,0,1,1,B,1,0.0,2784.168,2784.168
60,80160.14,13,688.0,0.216,0.232,0,23406.25,36,5.0,Online,Debt Consolidation,0,0.1506790808783093,11035,0,1,1,A,1,0.0,2808.75,2808.75
41,50891.81,2,757.0,0.358,0.143,1,11134.46,60,5.0,Partner,Debt Consolidation,0,0.126889542154338,8104,0,1,1,A,1,0.0,1336.1352,1336.1352
38,44241.07,8,721.0,0.265,0.644,0,15438.83,36,14.23,Online,Debt Consolidation,0,0.3776191589144501,13082,1,0,0,B,0,0.0,1852.6596,0.0
21,57067.25,15,645.0,0.292,0.564,0,13134.73,60,8.63,Online,Debt Consolidation,1,0.2960545390284384,10416,0,1,0,B,0,7880.838,1576.1676,0.0
55,62536.58,3,674.0,0.485,0.391,0,26121.59,60,7.53,Online,Personal Loan,0,0.2748873573076028,19377,0,0,0,B,0,0.0,3134.5908,0.0
38,95124.03,4,641.0,0.351,0.501,0,12190.3,60,9.44,Online,Auto Refi,0,0.3173830032265494,10740,0,1,0,B,0,0.0,1462.8359999999998,0.0
39,46922.87,10,687.0,0.379,0.599,0,23215.88,60,6.54,Online,Debt Consolidation,0,0.2410653277439304,6662,0,1,0,B,0,0.0,2785.9056,0.0
60,100393.33,13,603.0,0.337,0.371,0,15244.74,60,11.78,Online,Personal Loan,0,0.3729499891244827,13733,0,0,0,A,0,0.0,1829.3688,0.0
39,76043.21,1,757.0,0.344,0.094,1,21326.56,36,5.0,Partner,Debt Consolidation,0,0.0929330681683498,12805,0,1,1,B,1,0.0,2559.1872,2559.1872
24,77998.38,4,638.0,0.304,0.484,0,10032.74,60,8.69,Online,Personal Loan,1,0.3065678820378482,3244,0,0,0,B,0,6019.643999999999,1203.9288,0.0
40,22597.56,0,569.0,0.241,0.271,0,36451.36,36,12.54,Online,Debt Consolidation,0,0.5643659662615241,6111,0,0,0,A,0,0.0,4374.1632,0.0
44,69193.73,13,692.0,0.603,0.497,0,25673.32,36,8.96,Partner,Debt Consolidation,0,0.343989424648924,8351,0,0,0,A,0,0.0,3080.7983999999997,0.0
49,50483.31,15,662.0,0.332,0.429,0,9729.16,60,6.44,Online,Auto Refi,1,0.3848658446841199,4521,0,1,0,B,0,5837.496,1167.4992,0.0
61,81298.21,24,723.0,0.595,0.53,0,13844.81,60,6.22,Online,Personal Loan,0,0.2927250632514255,12616,0,0,0,A,0,0.0,1661.3772,0.0
36,80797.57,24,760.0,0.191,0.19,0,7186.66,60,5.0,Branch,Personal Loan,0,0.0887871291474552,10791,0,1,1,B,1,0.0,862.3992,862.3992
49,62896.41,17,735.0,0.175,0.618,0,19688.76,60,5.0,Branch,Personal Loan,0,0.1080671561045066,7633,0,1,1,A,1,0.0,2362.6512,2362.6512
24,77147.0,2,625.0,0.327,0.623,0,17765.75,36,11.96,Branch,Personal Loan,0,0.3833364310755757,14650,0,0,0,A,0,0.0,2131.89,0.0
35,56481.05,12,650.0,0.408,0.409,0,15181.33,60,8.63,Branch,Debt Consolidation,1,0.3143189992294773,19956,0,0,0,B,0,9108.797999999999,1821.7595999999999,0.0
57,80667.07,11,717.0,0.258,0.364,2,4074.79,36,7.16,Branch,Personal Loan,0,0.2532109688199279,9316,0,0,0,A,0,0.0,488.97479999999996,0.0
30,85893.7,21,617.0,0.29,0.675,0,15143.31,60,12.72,Online,Personal Loan,0,0.3905442243043924,17574,0,0,0,A,0,0.0,1817.1971999999998,0.0
53,61220.22,20,597.0,0.342,0.648,0,5734.09,36,15.84,Online,Debt Consolidation,0,0.503314654286788,6594,0,0,0,A,0,0.0,688.0908,0.0
28,92777.6,11,695.0,0.065,0.26,1,9853.09,60,5.0,Branch,Debt Consolidation,0,0.1347970074913613,16806,0,1,1,A,1,0.0,1182.3708,1182.3708
38,113585.24,10,754.0,0.27,0.149,1,14633.78,36,5.0,Online,Auto Refi,0,0.1146219893109348,11874,0,1,1,A,1,0.0,1756.0536,1756.0536
55,85117.61,0,527.0,0.323,0.696,0,16123.59,36,24.09,Branch,Auto Refi,0,0.649411352387167,9040,0,0,0,A,0,0.0,1934.8308,0.0
31,40014.79,23,681.0,0.249,0.458,0,11823.9,36,5.0,Branch,Debt Consolidation,1,0.1539973322316595,16594,0,1,1,B,1,7094.339999999999,1418.868,-5675.472
34,82133.51,9,701.0,0.572,0.336,1,18637.09,60,10.03,Branch,Auto Refi,0,0.3462699164806933,3164,0,0,0,B,0,0.0,2236.4508,0.0
45,69736.08,17,692.0,0.347,0.88,0,17632.97,60,8.05,Online,Personal Loan,0,0.3153014177935905,5462,0,1,0,A,1,0.0,2115.9564,2115.9564
39,105758.42,2,680.0,0.28,0.259,0,21839.8,36,5.0,Online,Personal Loan,0,0.1659986102534185,12698,0,1,1,B,1,0.0,2620.776,2620.776
49,45958.23,22,569.0,0.394,0.322,0,17113.43,36,16.49,Partner,Auto Refi,0,0.5062362780387579,15621,0,0,0,B,0,0.0,2053.6116,0.0
34,72893.4,12,684.0,0.222,0.55,0,23346.07,60,5.0,Online,Personal Loan,0,0.1529708474357087,18776,0,1,1,B,1,0.0,2801.5283999999997,2801.5283999999997
59,56780.49,15,635.0,0.347,0.185,0,21056.77,36,6.88,Online,Auto Refi,0,0.2176925769146283,13549,0,0,0,A,0,0.0,2526.8124,0.0
57,70110.39,8,576.0,0.368,0.706,0,14153.88,36,19.64,Branch,Personal Loan,1,0.5881015431195782,16456,0,0,0,B,0,8492.328,1698.4655999999998,0.0
51,42785.27,2,600.0,0.495,0.239,0,18578.09,60,14.01,Online,Auto Refi,0,0.4785571825326446,12769,0,0,0,A,0,0.0,2229.3708,0.0
32,45779.25,10,657.0,0.437,0.091,0,14093.41,36,5.67,Online,Auto Refi,0,0.1657433421650265,3207,0,0,1,B,1,0.0,1691.2092,1691.2092
37,72683.03,21,618.0,0.363,0.771,1,19956.23,60,20.26,Online,Personal Loan,1,0.629124926405488,19686,0,0,0,A,0,11973.738,2394.7475999999997,0.0
31,47446.22,20,607.0,0.289,0.375,0,14746.58,36,10.45,Online,Personal Loan,0,0.3103563497899864,830,0,0,0,A,0,0.0,1769.5896,0.0
48,51273.48,20,704.0,0.295,0.204,0,17174.12,36,5.0,Online,Personal Loan,0,0.1502529996466082,6994,0,1,1,B,1,0.0,2060.8943999999997,2060.8943999999997
64,63569.83,16,724.0,0.242,0.599,1,14596.47,60,5.0,Branch,Personal Loan,1,0.1574987410646781,13973,0,1,1,B,1,8757.882,1751.5764,-7006.3056
52,66937.78,3,631.0,0.433,0.405,0,7395.15,60,11.07,Branch,Personal Loan,0,0.4043713663657193,19782,0,0,0,A,0,0.0,887.4179999999999,0.0
21,61590.94,5,742.0,0.208,0.214,1,11689.57,60,5.0,Online,Debt Consolidation,0,0.1320736938586034,11111,0,1,1,B,1,0.0,1402.7484,1402.7484
57,68082.98,2,794.0,0.416,0.799,0,16063.87,60,5.0,Online,Personal Loan,0,0.0963141390344584,13297,0,0,1,B,1,0.0,1927.6644000000001,1927.6644000000001
44,76125.91,24,739.0,0.403,0.567,0,11328.62,36,5.0,Online,Auto Refi,1,0.1112420683086863,8633,0,0,1,B,1,6797.1720000000005,1359.4344,-5437.7376
35,53666.47,17,693.0,0.362,0.778,0,12375.02,36,7.29,Online,Auto Refi,1,0.2225627049936639,15978,0,1,0,A,1,7425.012,1485.0024,-5940.009599999999
54,49748.84,6,675.0,0.271,0.799,0,26252.4,60,7.58,Online,Personal Loan,0,0.2789406645338668,2472,0,1,0,A,1,0.0,3150.288,3150.288
51,83996.24,11,830.0,0.361,0.296,1,17694.9,36,5.0,Online,Personal Loan,0,0.0584895164000774,19960,0,1,1,B,1,0.0,2123.388,2123.388
56,75172.73,10,793.0,0.377,0.675,0,5160.62,36,5.0,Online,Personal Loan,0,0.0761571470138463,12166,0,1,1,B,1,0.0,619.2744,619.2744
41,80655.4,9,623.0,0.498,0.266,1,20457.46,60,16.6,Online,Personal Loan,1,0.4782958969319723,13392,0,0,0,B,0,12274.475999999999,2454.8952,0.0
22,28904.84,15,702.0,0.202,0.244,0,6303.44,36,5.0,Partner,Personal Loan,0,0.1451255291736103,5104,0,1,1,A,1,0.0,756.4128,756.4128
22,49557.02,12,630.0,0.188,0.078,0,12206.45,36,5.0,Online,Debt Consolidation,0,0.1340595334833329,15468,0,0,1,A,0,0.0,1464.7740000000001,0.0
44,44602.51,23,760.0,0.628,0.194,0,25343.65,36,5.0,Partner,Personal Loan,0,0.1067758176617967,4554,0,0,1,B,1,0.0,3041.2380000000003,3041.2380000000003
45,76487.65,14,739.0,0.278,0.598,0,2000.0,36,5.0,Partner,Personal Loan,1,0.1030830728544872,3103,0,1,1,B,1,1200.0,240.0,-960.0
63,54160.79,10,646.0,0.329,0.477,1,6058.81,36,12.76,Partner,Personal Loan,0,0.4291744714489375,17675,0,1,0,B,0,0.0,727.0572,0.0
30,63023.79,2,727.0,0.367,0.357,0,9012.12,36,5.0,Partner,Auto Refi,0,0.1191300396801348,10363,0,1,1,B,1,0.0,1081.4544,1081.4544
33,53694.05,5,632.0,0.23,0.39,1,9085.02,36,11.29,Online,Auto Refi,1,0.3826296721053407,11106,0,0,0,B,0,5451.012,1090.2024000000001,0.0
31,79702.45,12,657.0,0.292,0.766,0,10842.54,60,9.45,Branch,Personal Loan,0,0.3344822987441376,17539,0,1,0,B,0,0.0,1301.1048,0.0
27,70140.54,12,762.0,0.399,0.333,0,31047.88,36,5.0,Branch,Auto Refi,0,0.0812484942824817,5138,0,1,1,A,1,0.0,3725.7456,3725.7456
43,71734.75,10,584.0,0.246,0.214,0,2429.26,60,10.35,Branch,Debt Consolidation,0,0.3139119266556591,16841,0,0,0,B,0,0.0,291.51120000000003,0.0
63,29159.07,1,561.0,0.181,0.435,0,20140.22,36,14.11,Partner,Debt Consolidation,0,0.450927111714316,17978,0,0,0,A,0,0.0,2416.8264,0.0
42,44781.06,2,751.0,0.55,0.42,1,2000.0,36,5.77,Online,Debt Consolidation,0,0.1890605597872122,4822,0,0,0,B,0,0.0,240.0,0.0
39,64435.76,19,687.0,0.234,0.903,1,15074.48,36,11.0,Partner,Personal Loan,0,0.3829020185787858,2014,0,1,0,B,0,0.0,1808.9376,0.0
43,20000.0,20,716.0,0.388,0.052,0,6738.52,36,5.0,Online,Personal Loan,0,0.1049457528674615,15181,0,1,1,A,1,0.0,808.6224,808.6224
43,74048.74,16,530.0,0.482,0.216,1,7668.23,36,25.0,Online,Personal Loan,1,0.7399703271120337,1655,0,0,0,A,0,4600.937999999999,920.1875999999999,0.0
37,90137.45,17,704.0,0.204,0.431,0,13823.94,36,5.0,Partner,Personal Loan,0,0.1571319402120253,15155,0,1,1,A,1,0.0,1658.8728,1658.8728
38,55180.99,18,674.0,0.366,0.126,0,25072.56,60,5.0,Online,Auto Refi,0,0.1581613674766695,7756,0,1,1,A,1,0.0,3008.7072,3008.7072
55,82457.41,5,830.0,0.353,0.467,0,30303.36,36,5.0,Online,Auto Refi,0,0.0499327634032352,1076,0,1,1,B,1,0.0,3636.4031999999997,3636.4031999999997
56,43680.99,8,506.0,0.215,0.567,0,13485.27,60,22.87,Partner,Debt Consolidation,0,0.6535691381271462,8893,0,0,0,A,0,0.0,1618.2324,0.0
68,67399.06,2,613.0,0.407,0.379,1,11864.72,36,17.12,Online,Personal Loan,0,0.5158652811597328,4411,0,0,0,B,0,0.0,1423.7664,0.0
23,74231.93,9,623.0,0.358,0.087,0,14006.74,36,7.31,Online,Personal Loan,1,0.198521083856565,16710,0,0,0,A,0,8404.044,1680.8088,0.0
49,41128.28,8,728.0,0.252,0.679,0,21230.32,36,5.0,Online,Personal Loan,0,0.1211701164153999,15606,0,1,1,B,1,0.0,2547.6384,2547.6384
46,105689.74,2,601.0,0.35,0.634,0,5056.3,60,15.45,Online,Debt Consolidation,1,0.49468471804276,6357,0,0,0,B,0,3033.78,606.756,0.0
35,32877.41,18,566.0,0.245,0.425,0,18553.6,60,14.75,Branch,Personal Loan,0,0.5350090161994557,19435,0,0,0,B,0,0.0,2226.432,0.0
43,68900.96,3,647.0,0.369,0.618,0,6178.07,60,10.39,Branch,Auto Refi,1,0.3174832712814881,17159,0,1,0,B,0,3706.8419999999996,741.3684,0.0
53,71003.9,9,691.0,0.368,0.524,0,14404.99,36,5.43,Online,Auto Refi,0,0.1899277421492486,10185,0,1,0,B,0,0.0,1728.5988,0.0
21,78708.59,22,697.0,0.311,0.825,1,11712.98,36,10.53,Online,Personal Loan,1,0.3435964521862069,13194,0,1,0,B,0,7027.788,1405.5575999999999,0.0
32,25482.43,3,656.0,0.231,0.204,0,13082.29,36,16.04,Online,Auto Refi,0,0.4549561705240637,9722,1,0,0,A,0,0.0,1569.8748,0.0
48,77611.12,0,709.0,0.07,0.431,0,20380.83,60,5.0,Online,Auto Refi,0,0.1162295824587504,10614,0,1,1,B,1,0.0,2445.6996,2445.6996
67,65858.81,22,645.0,0.443,0.22,1,13891.97,36,12.24,Branch,Auto Refi,0,0.3652518367992924,5340,0,0,0,A,0,0.0,1667.0364,0.0
50,44942.74,18,738.0,0.427,0.698,0,12765.66,36,5.0,Online,Personal Loan,0,0.1110044287351887,12909,0,0,1,A,0,0.0,1531.8791999999999,0.0
28,54212.56,21,654.0,0.228,0.279,0,15303.58,60,5.0,Online,Auto Refi,0,0.1490289352382228,18062,0,1,1,B,1,0.0,1836.4296,1836.4296
45,50549.01,1,740.0,0.417,0.469,0,15246.34,36,5.0,Online,Personal Loan,0,0.1064555353835306,18586,0,0,1,A,0,0.0,1829.5608,0.0
45,26036.52,8,726.0,0.276,0.42,0,26522.22,60,11.36,Online,Personal Loan,0,0.3146276465287252,90,1,0,0,B,0,0.0,3182.6664,0.0
64,83379.85,8,830.0,0.293,0.592,0,29672.66,36,5.0,Branch,Personal Loan,0,0.0329651530112046,13458,1,0,1,A,0,0.0,3560.7192,0.0
24,71789.48,5,654.0,0.391,0.21,0,10294.42,60,6.21,Branch,Personal Loan,0,0.237892500896604,959,0,1,0,B,0,0.0,1235.3304,0.0
50,76002.15,8,614.0,0.491,0.376,0,12267.22,36,13.84,Online,Personal Loan,0,0.4090999804255699,3552,0,0,0,A,0,0.0,1472.0664,0.0
44,95738.68,18,757.0,0.328,0.173,0,22709.25,60,5.0,Branch,Personal Loan,0,0.0944514380378555,14228,0,1,1,B,1,0.0,2725.1099999999997,2725.1099999999997
22,54411.63,19,713.0,0.385,0.886,0,13551.31,36,6.85,Branch,Personal Loan,0,0.2622066741908838,11857,0,1,0,B,0,0.0,1626.1571999999999,0.0
67,62736.97,18,657.0,0.624,0.757,1,23936.11,36,21.15,Online,Auto Refi,1,0.5987266644892907,4111,0,0,0,B,0,14361.666,2872.3332,0.0
23,43906.83,22,669.0,0.054,0.82,0,21869.65,36,5.0,Branch,Debt Consolidation,0,0.166362790089533,15745,0,1,1,B,1,0.0,2624.358,2624.358
62,62114.59,6,730.0,0.191,0.28,0,21436.03,36,5.0,Online,Auto Refi,0,0.1188498224862788,10222,0,1,1,A,1,0.0,2572.3235999999997,2572.3235999999997
61,67176.61,22,693.0,0.198,0.335,1,14545.81,60,5.0,Online,Personal Loan,0,0.1629363930032671,19154,0,1,1,B,1,0.0,1745.4971999999998,1745.4971999999998
51,65384.68,6,627.0,0.413,0.422,0,12889.11,36,11.25,Online,Personal Loan,0,0.3925344311288767,6244,0,0,0,A,0,0.0,1546.6932,0.0
56,70786.93,21,650.0,0.157,0.409,0,21943.4,36,5.0,Online,Personal Loan,0,0.1793111910567994,736,0,1,1,A,1,0.0,2633.208,2633.208
67,69281.39,11,613.0,0.28,0.512,2,18813.33,36,20.91,Online,Personal Loan,0,0.5917980825578029,57,0,0,0,A,0,0.0,2257.5996,0.0
42,41117.67,7,635.0,0.345,0.624,1,15501.05,60,16.02,Online,Debt Consolidation,1,0.478985582952135,7161,0,0,0,B,0,9300.63,1860.1259999999997,0.0
22,44623.9,22,678.0,0.358,0.399,0,9647.73,60,5.32,Online,Personal Loan,0,0.164083203007838,2468,0,1,1,A,1,0.0,1157.7276,1157.7276
55,58581.31,6,674.0,0.442,0.195,2,22112.59,36,13.41,Online,Personal Loan,0,0.3903487526241455,1453,0,0,0,A,0,0.0,2653.5108,0.0
48,84915.74,7,685.0,0.25,0.208,0,23869.6,60,5.0,Partner,Auto Refi,1,0.1450355388462585,14401,0,1,1,A,1,14321.759999999998,2864.352,-11457.408
55,44934.08,16,750.0,0.347,0.219,0,14280.09,36,5.0,Branch,Personal Loan,0,0.0957374978035979,748,0,1,1,B,1,0.0,1713.6108,1713.6108
31,51070.99,12,656.0,0.267,0.601,0,16566.64,36,7.46,Online,Personal Loan,0,0.2222651612644436,7559,0,1,0,B,0,0.0,1987.9968,0.0
54,70157.77,6,596.0,0.122,0.454,0,14584.21,36,9.29,Online,Personal Loan,0,0.308103010158773,506,0,0,0,A,0,0.0,1750.1051999999997,0.0
21,92888.31,0,583.0,0.33,0.423,0,15458.87,36,14.58,Branch,Personal Loan,1,0.4789188381840288,10439,0,0,0,B,0,9275.322,1855.0644,0.0
40,42738.67,21,639.0,0.483,0.54,2,16931.78,36,22.45,Partner,Auto Refi,1,0.6907501180990943,1173,0,0,0,B,0,10159.068,2031.8135999999997,0.0
62,86155.86,22,584.0,0.383,0.337,0,17456.42,36,14.61,Online,Personal Loan,1,0.3911500787006072,15034,0,0,0,A,0,10473.851999999999,2094.7704,0.0
66,56292.28,18,709.0,0.396,0.234,1,16204.05,36,5.35,Online,Auto Refi,1,0.1748004344419152,12161,0,1,1,A,1,9722.429999999998,1944.4859999999999,-7777.943999999999
59,26374.0,20,676.0,0.291,0.257,1,4998.9,36,6.68,Online,Personal Loan,0,0.2151724691340807,16328,0,1,0,B,0,0.0,599.8679999999999,0.0
28,69949.35,7,668.0,0.493,0.362,0,27500.96,60,7.96,Branch,Personal Loan,1,0.3315920403750711,11844,0,0,0,A,0,16500.575999999997,3300.1151999999997,0.0
44,82644.19,12,635.0,0.194,0.456,0,16201.22,60,20.65,Online,Personal Loan,0,0.570126349396849,12148,1,0,0,B,0,0.0,1944.1463999999999,0.0
28,68528.73,7,619.0,0.335,0.565,0,26036.68,60,12.13,Partner,Debt Consolidation,0,0.3865411857806014,17431,0,0,0,B,0,0.0,3124.4016,0.0
52,45695.55,1,544.0,0.205,0.488,0,15966.59,60,17.31,Online,Personal Loan,0,0.5356530539613692,806,0,0,0,B,0,0.0,1915.9908,0.0
21,74350.97,7,707.0,0.24,0.439,0,23141.47,36,5.0,Branch,Auto Refi,0,0.1302346237048933,7074,0,1,1,B,1,0.0,2776.9764,2776.9764
36,60120.1,19,601.0,0.225,0.947,0,6391.24,60,16.35,Partner,Auto Refi,0,0.5792470299091598,14149,0,0,0,B,0,0.0,766.9487999999999,0.0
39,64057.28,20,749.0,0.214,0.925,1,19210.75,36,5.03,Online,Personal Loan,0,0.2170509599075121,16923,0,1,0,B,0,0.0,2305.29,0.0
46,58898.51,3,729.0,0.412,0.513,1,18510.69,60,6.27,Online,Personal Loan,0,0.2271145609666232,10013,0,0,0,A,0,0.0,2221.2828,0.0
52,86524.67,4,684.0,0.264,0.699,2,7574.64,60,14.35,Online,Personal Loan,0,0.3723633626276738,12424,0,0,0,A,0,0.0,908.9568,0.0
53,50271.92,16,768.0,0.427,0.184,0,3989.3,36,5.0,Online,Debt Consolidation,1,0.081740965192246,19136,0,0,1,B,1,2393.58,478.716,-1914.864
64,73018.21,3,733.0,0.257,0.539,0,16762.37,36,5.0,Online,Auto Refi,1,0.1018774499911547,19772,0,1,1,B,1,10057.421999999999,2011.4843999999998,-8045.937599999999
42,92770.94,21,596.0,0.501,0.743,0,10258.75,36,20.55,Branch,Personal Loan,1,0.6172685532688832,7345,0,0,0,B,0,6155.25,1231.05,0.0
34,74026.65,21,753.0,0.169,0.579,0,10844.9,36,5.0,Partner,Auto Refi,0,0.1091893110660723,2995,0,1,1,A,1,0.0,1301.388,1301.388
44,54185.01,22,705.0,0.512,0.61,0,21086.81,36,21.13,Online,Personal Loan,0,0.560448313170657,1003,1,0,0,B,0,0.0,2530.4172,0.0
43,101416.38,5,767.0,0.374,0.56,0,19694.02,60,5.0,Online,Personal Loan,1,0.0863028247840201,867,0,1,1,A,1,11816.412,2363.2824,-9453.1296
38,29499.22,1,635.0,0.227,0.833,1,27012.59,36,15.95,Online,Personal Loan,1,0.5626143183750323,2572,0,0,0,B,0,16207.554,3241.5108,0.0
28,39275.44,3,661.0,0.355,0.246,1,8262.65,60,9.14,Online,Auto Refi,1,0.3112537101231113,10555,0,1,0,B,0,4957.589999999999,991.5179999999999,0.0
44,49611.41,1,707.0,0.481,0.68,0,17312.84,60,7.07,Online,Personal Loan,0,0.21751234401768,7955,0,0,0,A,0,0.0,2077.5407999999998,0.0
41,57324.17,4,563.0,0.499,0.241,0,16267.81,36,18.46,Online,Debt Consolidation,0,0.5579719394223719,17879,0,0,0,A,0,0.0,1952.1372,0.0
43,64032.85,21,582.0,0.235,0.092,1,23856.22,36,13.67,Online,Auto Refi,1,0.4050285287563289,6315,0,0,0,B,0,14313.732,2862.7464,0.0
66,68261.84,0,607.0,0.367,0.451,0,24694.84,36,12.93,Online,Personal Loan,0,0.4026552061715562,7424,0,0,0,B,0,0.0,2963.3808,0.0
30,65863.62,4,647.0,0.336,0.422,0,19912.12,36,21.95,Partner,Personal Loan,0,0.6380271535459471,10352,1,0,0,B,0,0.0,2389.4543999999996,0.0
46,60336.98,1,685.0,0.523,0.395,0,20100.27,60,7.21,Branch,Personal Loan,0,0.2889297192829676,9293,0,0,0,A,0,0.0,2412.0324,0.0
22,73861.98,13,636.0,0.39,0.181,0,17091.53,36,7.52,Online,Auto Refi,1,0.24426147149852,11854,0,0,0,A,0,10254.918,2050.9835999999996,0.0
21,75860.92,24,666.0,0.407,0.497,3,15989.38,60,22.15,Online,Auto Refi,0,0.6009194184273916,13432,0,0,0,A,0,0.0,1918.7255999999998,0.0
39,85231.92,12,672.0,0.319,0.419,1,8536.38,36,23.42,Partner,Personal Loan,1,0.6182451126215814,18027,1,0,0,A,0,5121.8279999999995,1024.3655999999999,0.0
64,82416.78,5,731.0,0.144,0.476,0,15055.71,36,5.0,Partner,Debt Consolidation,0,0.0894827387068985,2260,0,1,1,A,1,0.0,1806.6852,1806.6852
28,90330.08,23,654.0,0.413,0.18,0,21955.39,36,6.32,Partner,Personal Loan,0,0.2581448606171254,12513,0,0,0,A,0,0.0,2634.6468,0.0
45,49086.72,7,707.0,0.066,0.198,0,8988.53,36,5.0,Branch,Personal Loan,0,0.1316123183173399,9134,0,1,1,B,1,0.0,1078.6236000000001,1078.6236000000001
29,90394.83,13,569.0,0.12,0.579,0,21434.39,36,25.0,Online,Personal Loan,1,0.6375455058694034,6334,1,0,0,B,0,12860.634,2572.1268,0.0
60,71080.51,3,714.0,0.341,0.231,0,28899.83,36,5.0,Online,Personal Loan,0,0.1416000715972138,18734,0,1,1,A,1,0.0,3467.9796,3467.9796
37,73640.26,23,745.0,0.088,0.145,0,17832.93,60,5.0,Online,Debt Consolidation,1,0.0791660478648403,13610,1,0,1,B,1,10699.758,2139.9516,-8559.8064
44,48521.36,21,627.0,0.312,0.467,0,4441.42,36,24.13,Online,Personal Loan,1,0.6732665809633948,10671,1,0,0,B,0,2664.852,532.9704,0.0
57,49125.49,8,639.0,0.333,0.569,0,23851.58,60,9.97,Online,Auto Refi,1,0.3111169184220418,16251,0,0,0,A,0,14310.948,2862.1896,0.0
54,56304.71,8,790.0,0.293,0.371,0,12477.02,60,5.0,Online,Debt Consolidation,0,0.0775018808407479,3732,0,1,1,B,1,0.0,1497.2424,1497.2424
57,91530.6,18,735.0,0.05,0.917,0,4983.26,60,5.0,Online,Personal Loan,0,0.1710047603008898,13736,0,1,1,A,1,0.0,597.9912,597.9912
66,84848.87,11,795.0,0.534,0.321,0,2000.0,36,5.0,Online,Auto Refi,0,0.0884796669534098,1334,0,0,1,A,0,0.0,240.0,0.0
65,54346.89,2,543.0,0.078,0.625,1,18409.79,60,21.14,Branch,Personal Loan,1,0.5855549321081857,14777,0,0,0,B,0,11045.874,2209.1748000000002,0.0
59,85746.17,8,630.0,0.25,0.719,0,20462.43,60,10.93,Online,Personal Loan,0,0.3073147132852117,15240,0,0,0,A,0,0.0,2455.4916,0.0
32,119028.26,20,574.0,0.338,0.569,1,16194.13,60,22.41,Branch,Debt Consolidation,1,0.5922951912738159,614,0,0,0,A,0,9716.478,1943.2956,0.0
38,88481.22,2,743.0,0.442,0.464,0,21492.96,60,5.0,Branch,Personal Loan,0,0.1031591652693821,9073,0,0,1,A,0,0.0,2579.1551999999997,0.0
46,86783.99,20,641.0,0.139,0.227,0,11314.76,36,5.0,Online,Auto Refi,0,0.1358118691674205,6548,0,1,1,A,1,0.0,1357.7712,1357.7712
54,50506.21,12,598.0,0.243,0.14,0,9862.33,36,8.14,Branch,Personal Loan,1,0.2959638636068612,15904,0,0,0,A,0,5917.398,1183.4796,0.0
69,52422.94,10,693.0,0.182,0.007,1,15368.32,60,5.0,Online,Debt Consolidation,0,0.1285562503084389,204,0,1,1,A,1,0.0,1844.1984,1844.1984
55,62796.37,23,824.0,0.268,0.587,0,27455.74,36,5.0,Online,Auto Refi,0,0.0705279022932835,3328,0,1,1,A,1,0.0,3294.6888,3294.6888
66,35691.69,21,725.0,0.459,0.455,1,11357.41,36,6.88,Online,Auto Refi,0,0.2307772990277145,17994,0,0,0,A,0,0.0,1362.8891999999998,0.0
53,93341.61,10,631.0,0.308,0.101,0,11551.13,36,5.91,Online,Auto Refi,0,0.1849063140288337,13563,0,0,0,B,0,0.0,1386.1355999999998,0.0
25,82237.08,8,830.0,0.224,0.399,0,10652.96,60,5.0,Partner,Debt Consolidation,0,0.0449487256978217,6713,0,1,1,B,1,0.0,1278.3551999999997,1278.3551999999997
63,57913.72,18,771.0,0.453,0.441,0,16768.75,36,5.0,Branch,Auto Refi,0,0.085773157039902,10386,0,0,1,B,1,0.0,2012.25,2012.25
27,61702.24,6,618.0,0.289,0.449,0,13278.12,60,10.08,Online,Personal Loan,1,0.3049198877982036,4654,0,0,0,A,0,7966.872,1593.3744000000002,0.0
44,59940.97,24,634.0,0.328,0.589,0,11370.02,60,10.65,Partner,Personal Loan,0,0.3745481945814565,14984,0,0,0,A,0,0.0,1364.4024,0.0
25,36178.64,2,713.0,0.387,0.705,0,22170.91,60,5.38,Partner,Debt Consolidation,0,0.1560782119032479,17990,0,1,1,B,1,0.0,2660.5092,2660.5092
32,71133.04,8,787.0,0.408,0.564,0,17023.9,36,5.0,Online,Personal Loan,0,0.0810606491923558,17645,0,0,1,B,1,0.0,2042.8680000000002,2042.8680000000002
34,59440.48,23,613.0,0.391,0.565,0,10206.35,60,25.0,Partner,Personal Loan,1,0.7828102050787786,2558,1,0,0,B,0,6123.81,1224.762,0.0
53,24214.6,22,617.0,0.312,0.205,1,23704.26,36,12.51,Online,Personal Loan,1,0.422175962849344,3218,0,0,0,A,0,14222.555999999999,2844.5112,0.0
25,32154.41,20,607.0,0.158,0.128,1,2000.0,36,9.74,Online,Personal Loan,1,0.3100259251237,3024,0,0,0,B,0,1200.0,240.0,0.0
57,62022.7,14,655.0,0.433,0.742,1,20405.24,60,17.07,Online,Auto Refi,0,0.5357194360680219,17180,0,0,0,B,0,0.0,2448.6288,0.0
34,51279.64,13,685.0,0.442,0.402,0,20054.17,36,6.01,Branch,Auto Refi,0,0.2177779722269883,18275,0,0,0,A,0,0.0,2406.5004,0.0
67,94601.11,14,672.0,0.307,0.33,1,7589.05,36,8.03,Online,Personal Loan,1,0.2330033981588183,4766,0,1,0,B,0,4553.43,910.686,0.0
44,49259.25,13,695.0,0.535,0.531,0,10876.66,36,7.78,Online,Debt Consolidation,0,0.3210962547380703,19748,0,0,0,A,0,0.0,1305.1992,0.0
28,73695.95,8,552.0,0.248,0.544,0,21918.86,60,17.99,Branch,Personal Loan,1,0.5628872636013666,5373,0,0,0,A,0,13151.316,2630.2632,0.0
63,73930.12,24,660.0,0.359,0.531,0,18416.13,36,8.01,Online,Personal Loan,0,0.2802257499382996,10215,0,1,0,A,1,0.0,2209.9356000000002,2209.9356000000002
35,72673.12,6,558.0,0.389,0.481,0,16470.95,36,19.54,Online,Auto Refi,0,0.5819010687866,18165,0,0,0,B,0,0.0,1976.5140000000001,0.0
44,80861.49,6,515.0,0.365,0.597,0,14114.75,36,25.0,Online,Personal Loan,1,0.7790538560346253,13911,0,0,0,B,0,8468.85,1693.77,0.0
29,70280.61,15,830.0,0.302,0.644,0,25956.74,60,5.0,Online,Personal Loan,0,0.0496767040201551,3386,0,1,1,A,1,0.0,3114.8088000000002,3114.8088000000002
64,44553.59,18,643.0,0.496,0.392,1,7216.64,60,15.64,Branch,Auto Refi,1,0.5237433698712015,2874,0,0,0,B,0,4329.984,865.9968,0.0
48,49458.73,19,611.0,0.464,0.365,0,19142.28,36,13.49,Online,Personal Loan,1,0.3868420520564949,9028,0,0,0,B,0,11485.367999999999,2297.0735999999997,0.0
24,107864.85,22,755.0,0.335,0.548,0,14261.36,36,5.0,Branch,Auto Refi,0,0.1157407160574593,17674,0,1,1,B,1,0.0,1711.3632,1711.3632
28,72922.48,21,602.0,0.118,0.518,1,16651.47,36,25.0,Online,Auto Refi,0,0.588900593491666,14468,1,0,0,B,0,0.0,1998.1764,0.0
26,51575.33,6,758.0,0.577,0.322,0,17194.0,36,5.0,Online,Personal Loan,0,0.1065645052380849,8396,0,0,1,A,0,0.0,2063.2799999999997,0.0
36,94711.91,3,759.0,0.187,0.893,0,17798.62,36,5.0,Online,Auto Refi,0,0.1165352874734388,2641,0,1,1,B,1,0.0,2135.8343999999997,2135.8343999999997
27,56510.35,7,744.0,0.313,0.718,0,7599.63,36,5.0,Online,Personal Loan,0,0.0827212194535854,16715,0,1,1,A,1,0.0,911.9556,911.9556
57,70499.89,15,681.0,0.366,0.268,1,11701.1,36,7.59,Online,Personal Loan,0,0.2358827574447887,14529,0,1,0,A,1,0.0,1404.132,1404.132
41,61892.96,20,613.0,0.305,0.524,0,16460.4,60,11.78,Online,Personal Loan,1,0.3631019762475737,3448,0,0,0,B,0,9876.24,1975.248,0.0
54,71171.02,7,603.0,0.414,0.449,0,18016.49,36,14.35,Online,Debt Consolidation,1,0.4365444921313016,17313,0,0,0,A,0,10809.894,2161.9788000000003,0.0
56,88933.9,4,738.0,0.387,0.627,0,16493.21,60,5.0,Branch,Personal Loan,1,0.1051223002802906,9042,0,1,1,B,1,9895.926,1979.1852,-7916.7408
51,69417.9,4,698.0,0.53,0.54,1,4614.32,60,25.0,Branch,Debt Consolidation,1,0.7822033989149261,367,1,0,0,B,0,2768.5919999999996,553.7184,0.0
60,85594.03,16,683.0,0.312,0.504,1,16965.98,60,8.72,Partner,Personal Loan,1,0.3005200726097365,17261,0,1,0,A,1,10179.588,2035.9175999999998,-8143.6704
44,42110.35,5,758.0,0.367,0.06,1,9712.73,60,5.0,Branch,Personal Loan,0,0.106890806598576,4305,0,1,1,A,1,0.0,1165.5276,1165.5276
23,53023.45,8,640.0,0.263,0.34,2,12045.72,36,15.26,Partner,Personal Loan,1,0.4446661397019303,11769,0,0,0,A,0,7227.432,1445.4863999999998,0.0
37,78687.87,14,625.0,0.138,0.339,1,23460.76,36,9.7,Online,Auto Refi,0,0.2933959848708117,9955,0,0,0,A,0,0.0,2815.2911999999997,0.0
55,27542.64,8,738.0,0.191,0.269,0,2787.57,36,5.0,Branch,Auto Refi,0,0.0956022211198725,8656,0,1,1,B,1,0.0,334.5084,334.5084
65,66821.49,18,495.0,0.5,0.375,1,14644.0,36,25.0,Online,Personal Loan,1,0.8033562503238988,6768,0,0,0,B,0,8786.4,1757.28,0.0
52,80187.31,24,662.0,0.05,0.468,0,5855.72,36,5.0,Online,Auto Refi,0,0.154304225675076,16460,0,1,1,B,1,0.0,702.6864,702.6864
35,39565.4,10,565.0,0.244,0.585,1,14325.43,36,21.73,Online,Debt Consolidation,1,0.6268057983838917,12209,0,0,0,A,0,8595.258,1719.0516,0.0
42,64708.35,6,658.0,0.189,0.618,0,3343.14,36,6.16,Online,Debt Consolidation,0,0.208388677194415,14216,0,1,0,A,1,0.0,401.17679999999996,401.17679999999996
49,67552.38,10,690.0,0.357,0.0,1,3137.09,60,5.0,Online,Auto Refi,0,0.1322742827191347,11539,0,1,1,A,1,0.0,376.4508,376.4508
69,76040.17,24,698.0,0.429,0.21,1,14021.45,36,6.57,Partner,Personal Loan,0,0.2493450294580925,18587,0,0,0,B,0,0.0,1682.574,0.0
41,49052.65,1,647.0,0.402,0.499,1,26166.48,36,14.35,Online,Auto Refi,1,0.4299253210282236,2300,0,0,0,A,0,15699.887999999999,3139.9775999999997,0.0
51,55315.94,14,749.0,0.315,0.64,0,15426.39,60,5.0,Online,Personal Loan,0,0.107238006612534,12122,0,1,1,B,1,0.0,1851.1668,1851.1668
50,86199.86,24,700.0,0.228,0.477,0,16249.54,36,5.0,Online,Personal Loan,0,0.1600467369231327,1131,0,1,1,A,1,0.0,1949.9448,1949.9448
60,98539.03,23,571.0,0.577,0.593,0,2731.36,36,23.26,Online,Auto Refi,0,0.705965620873073,19834,0,0,0,B,0,0.0,327.7632,0.0
63,52141.14,12,680.0,0.37,0.415,0,5233.61,60,5.43,Branch,Personal Loan,0,0.1969527129181579,19416,0,1,0,B,0,0.0,628.0332,0.0
61,106815.36,14,695.0,0.306,0.44,0,9013.77,36,5.0,Online,Personal Loan,0,0.1600466541368864,3392,0,1,1,A,1,0.0,1081.6524,1081.6524
45,93467.16,5,624.0,0.125,0.312,0,10546.61,36,5.53,Online,Personal Loan,0,0.1549833186027419,6274,0,0,1,A,0,0.0,1265.5932,0.0
31,43432.14,3,722.0,0.299,0.084,1,17432.28,60,5.0,Online,Personal Loan,0,0.1283774302402529,18202,0,1,1,B,1,0.0,2091.8736,2091.8736
22,69250.56,5,635.0,0.615,0.33,0,10229.45,60,13.52,Online,Auto Refi,1,0.5212477597769851,18294,0,0,0,B,0,6137.67,1227.534,0.0
52,77735.52,4,649.0,0.333,0.376,0,20661.76,36,7.14,Branch,Debt Consolidation,0,0.2333565816054679,2800,0,1,0,A,1,0.0,2479.4111999999996,2479.4111999999996
63,20000.0,10,637.0,0.254,0.607,1,7979.35,36,13.61,Online,Auto Refi,0,0.4243346840857823,1734,0,0,0,A,0,0.0,957.522,0.0
53,71721.2,19,760.0,0.13,0.324,1,17935.83,60,5.0,Online,Personal Loan,0,0.1008603628249789,373,0,1,1,B,1,0.0,2152.2996000000003,2152.2996000000003
50,75846.67,2,706.0,0.27,0.233,0,9675.05,60,5.0,Partner,Debt Consolidation,0,0.1429477554559919,15988,0,1,1,A,1,0.0,1161.0059999999999,1161.0059999999999
60,49810.3,8,575.0,0.195,0.0,0,13445.15,36,8.19,Branch,Personal Loan,0,0.2502735050720795,7747,0,0,0,B,0,0.0,1613.418,0.0
24,73956.37,15,683.0,0.28,0.507,0,21058.52,36,5.0,Branch,Personal Loan,0,0.1546926978247629,11470,0,1,1,B,1,0.0,2527.0224,2527.0224
21,99608.42,10,799.0,0.346,0.659,0,16296.58,36,5.0,Online,Debt Consolidation,0,0.0806058035472349,12480,0,1,1,A,1,0.0,1955.5896,1955.5896
33,47816.66,4,669.0,0.257,0.585,0,7312.38,60,6.04,Branch,Auto Refi,0,0.2173922415355874,5448,0,1,0,A,1,0.0,877.4856,877.4856
22,49914.85,8,665.0,0.373,0.703,0,17377.45,60,9.47,Online,Auto Refi,0,0.2847048027566889,10838,0,1,0,A,1,0.0,2085.294,2085.294
28,53410.35,1,685.0,0.318,0.609,0,5875.49,60,5.82,Partner,Debt Consolidation,0,0.1890989329852973,4074,0,1,0,A,1,0.0,705.0587999999999,705.0587999999999
33,61046.39,5,718.0,0.183,0.756,1,5600.22,60,5.74,Online,Debt Consolidation,0,0.1842314870328551,6030,0,1,0,A,1,0.0,672.0264,672.0264
31,64120.52,1,642.0,0.295,0.46,0,8774.84,36,7.97,Online,Personal Loan,0,0.2589693336926914,11,0,1,0,B,0,0.0,1052.9808,0.0
55,73801.47,16,655.0,0.517,0.399,0,6291.72,60,10.12,Online,Debt Consolidation,1,0.3848092746499936,108,0,0,0,B,0,3775.032,755.0064,0.0
64,72436.3,11,677.0,0.289,0.291,0,12993.83,60,5.0,Online,Personal Loan,1,0.1396768375523471,5452,0,1,1,A,1,7796.298,1559.2595999999999,-6237.0383999999995
46,104659.16,2,628.0,0.225,0.378,1,20554.77,36,11.52,Online,Debt Consolidation,0,0.3798249355676522,13531,0,0,0,A,0,0.0,2466.5724,0.0
65,56559.83,10,662.0,0.307,0.598,0,18402.19,36,7.57,Online,Personal Loan,0,0.2185225651880797,19775,0,1,0,A,1,0.0,2208.2628,2208.2628
38,59215.18,0,740.0,0.428,0.344,0,12639.34,36,5.0,Online,Auto Refi,1,0.0908019211237094,7143,0,0,1,B,1,7583.603999999999,1516.7208,-6066.883199999999
38,20000.0,18,674.0,0.477,0.352,1,10998.31,36,11.23,Online,Auto Refi,0,0.3900937935850451,18519,0,0,0,A,0,0.0,1319.7972,0.0
22,49028.99,17,681.0,0.392,0.419,1,14446.68,36,9.57,Online,Auto Refi,1,0.3162416239969799,4682,0,1,0,A,1,8668.008,1733.6016,-6934.4064
57,49854.64,6,599.0,0.427,0.483,0,15540.06,60,15.51,Branch,Personal Loan,1,0.5053042173290512,18013,0,0,0,B,0,9324.036,1864.8072,0.0
52,71787.63,16,785.0,0.565,0.418,0,12802.77,36,5.0,Branch,Debt Consolidation,0,0.1046927594317717,16919,0,0,1,B,1,0.0,1536.3324,1536.3324
27,77751.99,4,678.0,0.353,0.594,2,11112.82,36,15.74,Partner,Personal Loan,1,0.4514603337547223,12890,0,0,0,A,0,6667.692,1333.5384,0.0
49,97085.76,6,819.0,0.3,0.505,0,21422.65,36,5.0,Branch,Personal Loan,0,0.1917747792578821,17140,0,1,0,A,1,0.0,2570.7180000000003,2570.7180000000003
43,64612.21,8,676.0,0.271,0.379,1,19964.95,36,7.46,Branch,Personal Loan,0,0.2381297983720753,13138,0,1,0,A,1,0.0,2395.794,2395.794
50,85542.85,6,667.0,0.403,0.508,0,15422.21,60,7.87,Online,Debt Consolidation,1,0.2866910585607445,13407,0,0,0,B,0,9253.326,1850.6652,0.0
27,72308.54,1,821.0,0.426,0.302,0,15348.07,60,5.0,Branch,Debt Consolidation,0,0.067787695234668,18174,0,0,1,A,0,0.0,1841.7684,0.0
26,71659.45,0,721.0,0.375,0.513,1,4999.75,36,20.11,Branch,Personal Loan,0,0.6434594558265173,5928,1,0,0,A,0,0.0,599.97,0.0
34,67738.91,23,633.0,0.421,0.371,0,19276.71,36,10.28,Online,Personal Loan,1,0.3122213715797051,1086,0,0,0,A,0,11566.026,2313.2052,0.0
30,64291.94,17,724.0,0.382,0.597,1,17712.34,60,6.92,Online,Debt Consolidation,1,0.2416703479777356,14655,0,1,0,B,0,10627.404,2125.4808,0.0
53,63670.82,15,583.0,0.432,0.403,0,11720.06,36,16.6,Online,Personal Loan,0,0.5015175121362155,10648,0,0,0,B,0,0.0,1406.4071999999999,0.0
52,71049.85,13,677.0,0.316,0.33,1,3654.69,36,7.72,Online,Auto Refi,0,0.2496012379067829,18435,0,1,0,A,1,0.0,438.5628,438.5628
34,66762.85,4,715.0,0.363,0.736,0,25013.05,36,5.15,Online,Personal Loan,0,0.161526195707203,14422,0,1,1,A,1,0.0,3001.566,3001.566
30,63022.91,15,686.0,0.24,0.476,0,18630.12,36,15.82,Online,Personal Loan,1,0.4329905767118851,10701,1,0,0,B,0,11178.071999999998,2235.6144,0.0
55,40263.15,7,742.0,0.331,0.261,1,21359.93,36,5.0,Online,Debt Consolidation,0,0.1323388260848298,3814,0,1,1,B,1,0.0,2563.1916,2563.1916
50,41350.8,0,709.0,0.348,0.445,0,18965.2,60,5.0,Partner,Personal Loan,1,0.1526682307528662,17754,0,1,1,B,1,11379.12,2275.824,-9103.296
25,67200.77,0,740.0,0.261,0.077,0,22184.4,60,5.0,Branch,Debt Consolidation,0,0.0632310173084938,19440,0,1,1,B,1,0.0,2662.128,2662.128
53,69133.96,6,672.0,0.245,0.54,0,4580.11,60,5.22,Online,Debt Consolidation,0,0.1960065705556977,13755,0,1,0,B,0,0.0,549.6131999999999,0.0
67,22448.34,19,747.0,0.263,0.228,0,16254.64,60,5.0,Partner,Personal Loan,1,0.0884488454197458,16057,0,1,1,B,1,9752.784,1950.5567999999998,-7802.227199999999
37,61867.83,0,702.0,0.497,0.272,0,20552.14,60,5.0,Branch,Auto Refi,1,0.168721110722411,19032,0,0,1,B,1,12331.284,2466.2567999999997,-9865.0272
27,79051.5,10,688.0,0.359,0.466,0,17676.58,36,5.05,Online,Personal Loan,0,0.179710479625966,659,0,1,1,B,1,0.0,2121.1896,2121.1896
48,79613.42,0,623.0,0.417,0.464,0,25763.88,36,12.26,Branch,Auto Refi,1,0.4293778023743252,1681,0,0,0,B,0,15458.328,3091.6656,0.0
42,74102.02,7,658.0,0.634,0.166,0,9077.06,36,9.56,Branch,Debt Consolidation,1,0.3204570504199993,17,0,0,0,A,0,5446.236,1089.2471999999998,0.0
68,72609.78,7,648.0,0.476,0.3,0,9993.65,60,9.0,Online,Auto Refi,1,0.3610896177923385,12548,0,0,0,A,0,5996.19,1199.2379999999998,0.0
40,119793.33,3,722.0,0.44,0.45,0,10764.96,36,5.0,Branch,Personal Loan,1,0.1231656800715621,17928,0,0,1,A,0,6458.976,1291.7951999999998,0.0
46,79990.0,24,755.0,0.307,0.394,0,17669.26,36,5.0,Branch,Personal Loan,0,0.1002187817290863,7498,0,1,1,B,1,0.0,2120.3111999999996,2120.3111999999996
36,83695.25,5,703.0,0.156,0.379,1,13496.59,60,5.0,Online,Auto Refi,0,0.1733888293832247,15025,0,1,1,A,1,0.0,1619.5908,1619.5908
65,33275.21,5,684.0,0.466,0.214,1,11725.47,36,8.55,Branch,Debt Consolidation,0,0.28165023115185,1401,0,0,0,B,0,0.0,1407.0564,0.0
32,66283.88,5,761.0,0.391,0.465,0,12384.29,36,5.0,Online,Auto Refi,0,0.0881161991228742,9031,0,1,1,B,1,0.0,1486.1148,1486.1148
30,107434.49,2,605.0,0.166,0.553,2,12386.03,36,19.9,Partner,Auto Refi,0,0.6232132136773414,8999,0,0,0,A,0,0.0,1486.3236,0.0
57,40638.43,21,578.0,0.461,0.132,0,20019.35,36,14.59,Branch,Debt Consolidation,1,0.3926946815690854,17228,0,0,0,B,0,12011.609999999999,2402.3219999999997,0.0
35,28468.67,12,787.0,0.254,0.416,1,20440.36,60,5.0,Partner,Auto Refi,0,0.1045222231009496,825,0,1,1,A,1,0.0,2452.8432,2452.8432
24,81646.69,23,633.0,0.18,0.473,0,16445.23,60,6.92,Online,Auto Refi,1,0.2309441863270229,12757,0,0,0,A,0,9867.137999999999,1973.4276,0.0
29,85434.92,22,667.0,0.398,0.796,1,2000.0,60,15.47,Partner,Debt Consolidation,1,0.4403724824178582,17657,0,1,0,A,1,1200.0,240.0,-960.0
59,65237.45,22,663.0,0.335,0.399,2,13289.87,36,14.76,Online,Personal Loan,1,0.4866738588459232,3520,0,0,0,B,0,7973.9220000000005,1594.7844,0.0
28,80335.66,22,587.0,0.394,0.537,0,21037.65,36,16.9,Branch,Auto Refi,0,0.5463920390878686,5064,0,0,0,A,0,0.0,2524.518,0.0
26,33243.35,2,686.0,0.343,0.599,0,16072.0,60,6.02,Partner,Debt Consolidation,0,0.2203442700137441,6570,0,1,0,B,0,0.0,1928.6399999999999,0.0
49,55096.74,8,632.0,0.123,0.343,1,30763.37,60,8.7,Branch,Auto Refi,0,0.3215391745624988,13044,0,0,0,A,0,0.0,3691.6043999999997,0.0
64,65251.91,8,716.0,0.388,0.589,0,22645.71,36,5.0,Branch,Personal Loan,0,0.151079368631955,5734,0,1,1,A,1,0.0,2717.4851999999996,2717.4851999999996
69,57854.88,0,726.0,0.38,0.571,0,20114.3,60,5.0,Partner,Debt Consolidation,0,0.1221113305271106,3711,0,1,1,A,1,0.0,2413.716,2413.716
44,72910.52,24,804.0,0.429,0.466,0,8352.16,60,5.0,Online,Personal Loan,0,0.0818620846515063,4631,0,0,1,B,1,0.0,1002.2592,1002.2592
22,65267.31,18,766.0,0.377,0.431,0,16190.35,36,5.0,Online,Auto Refi,0,0.0886812475566418,18493,0,1,1,B,1,0.0,1942.8419999999999,1942.8419999999999
69,56561.74,19,681.0,0.317,0.365,0,15391.21,60,5.0,Branch,Debt Consolidation,0,0.1480670701258152,15777,0,1,1,B,1,0.0,1846.9451999999999,1846.9451999999999
56,71936.4,14,698.0,0.366,0.384,1,17376.94,36,7.07,Online,Personal Loan,0,0.2162542179559953,2043,0,1,0,A,1,0.0,2085.2327999999998,2085.2327999999998
48,21712.64,5,533.0,0.335,0.352,0,7704.43,60,19.86,Online,Personal Loan,1,0.5636378125058901,10963,0,0,0,A,0,4622.658,924.5316,0.0
55,79710.2,13,668.0,0.378,0.299,0,25824.17,36,5.59,Online,Debt Consolidation,0,0.1981436291538341,5500,0,1,0,B,0,0.0,3098.9003999999995,0.0
55,50935.11,0,645.0,0.336,0.349,0,11556.87,60,7.3,Online,Auto Refi,0,0.2318007784271555,2061,0,1,0,B,0,0.0,1386.8244,0.0
54,45133.54,3,640.0,0.298,0.315,0,18699.64,60,6.87,Branch,Auto Refi,0,0.2391605793188176,8271,0,1,0,B,0,0.0,2243.9568,0.0
36,65104.5,22,629.0,0.05,0.447,0,6986.8,36,5.07,Online,Debt Consolidation,0,0.1374931284826863,8572,0,0,1,B,1,0.0,838.4159999999999,838.4159999999999
38,90403.04,15,747.0,0.29,0.398,0,6989.25,60,5.0,Online,Personal Loan,0,0.0914591716604891,5931,0,1,1,B,1,0.0,838.7099999999999,838.7099999999999
39,57125.19,16,677.0,0.249,0.457,0,28571.35,60,5.0,Online,Debt Consolidation,0,0.1515144063279046,9324,0,1,1,B,1,0.0,3428.562,3428.562
65,90646.3,13,634.0,0.407,0.39,0,14632.47,36,10.07,Partner,Debt Consolidation,0,0.3009189525418997,1722,0,0,0,A,0,0.0,1755.8963999999999,0.0
23,52668.24,9,829.0,0.407,0.252,0,9103.77,36,5.0,Online,Personal Loan,1,0.0382595155872608,247,0,0,1,B,1,5462.262,1092.4524000000001,-4369.8096
59,70151.73,20,677.0,0.297,0.255,0,2041.87,60,5.0,Partner,Personal Loan,0,0.1449602933686604,2382,0,1,1,A,1,0.0,245.02439999999999,245.02439999999999
22,67946.19,0,509.0,0.262,0.481,0,23110.2,60,22.47,Online,Personal Loan,1,0.5125726895921793,6243,0,0,0,A,0,13866.12,2773.224,0.0
26,59696.38,1,795.0,0.254,0.382,0,15889.9,36,5.0,Online,Auto Refi,0,0.062207731465166,13638,0,1,1,B,1,0.0,1906.7879999999998,1906.7879999999998
32,68771.18,13,576.0,0.329,0.41,0,19173.65,60,15.3,Branch,Personal Loan,1,0.5242795001733414,5503,0,0,0,B,0,11504.19,2300.838,0.0
40,75377.54,19,638.0,0.498,0.145,1,19766.96,60,13.41,Branch,Personal Loan,1,0.4425776237153808,957,0,0,0,A,0,11860.176,2372.0352,0.0
65,85765.67,10,708.0,0.27,0.789,0,30002.93,36,5.0,Branch,Personal Loan,0,0.1042876570289076,9751,0,1,1,B,1,0.0,3600.3516,3600.3516
26,56573.81,22,530.0,0.35,0.538,0,17475.83,60,22.6,Online,Auto Refi,1,0.6078365730113932,6571,0,0,0,B,0,10485.498000000001,2097.0996,0.0
69,76268.96,16,652.0,0.418,0.391,0,15474.66,36,8.48,Partner,Debt Consolidation,0,0.3209759396150947,3170,0,0,0,A,0,0.0,1856.9592,0.0
39,88191.38,21,629.0,0.31,0.238,0,20316.0,36,21.3,Branch,Personal Loan,1,0.5630928558532469,11593,1,0,0,A,0,12189.6,2437.92,0.0
51,70596.32,6,607.0,0.234,0.628,0,4132.82,60,12.17,Branch,Personal Loan,0,0.419826041515487,8563,0,0,0,A,0,0.0,495.93839999999994,0.0
41,67010.86,16,764.0,0.293,0.36,1,13722.37,60,5.0,Partner,Auto Refi,0,0.0976727398821093,18549,0,1,1,B,1,0.0,1646.6844,1646.6844
31,42498.53,22,830.0,0.123,0.372,1,19396.42,36,5.0,Online,Personal Loan,0,0.0702508185956726,7000,0,1,1,A,1,0.0,2327.5703999999996,2327.5703999999996
59,80332.23,3,734.0,0.208,0.689,1,9934.82,36,5.0,Online,Auto Refi,0,0.1222781265004123,19884,0,1,1,B,1,0.0,1192.1784,1192.1784
43,63391.12,22,607.0,0.308,0.268,0,7179.21,36,9.68,Online,Auto Refi,0,0.3060477039379927,14890,0,0,0,A,0,0.0,861.5052,0.0
22,95999.14,6,674.0,0.163,0.686,0,8450.35,36,5.02,Online,Personal Loan,0,0.1491541032328256,13894,0,1,1,A,1,0.0,1014.042,1014.042
56,55601.33,20,610.0,0.394,0.345,1,25810.42,36,16.8,Online,Debt Consolidation,1,0.5375559123171897,2478,0,0,0,A,0,15486.251999999999,3097.2504,0.0
37,107580.53,12,676.0,0.485,0.281,0,31845.54,60,6.36,Online,Debt Consolidation,0,0.2755771126594144,12579,0,0,0,B,0,0.0,3821.4647999999997,0.0
54,89543.09,18,746.0,0.236,0.465,0,10825.25,36,5.0,Partner,Debt Consolidation,0,0.1021776639893672,10954,0,1,1,B,1,0.0,1299.03,1299.03
43,86133.34,6,718.0,0.151,0.366,1,16222.89,36,5.0,Online,Auto Refi,0,0.1590320754966808,14424,0,1,1,A,1,0.0,1946.7468,1946.7468
56,52619.53,0,738.0,0.235,0.485,0,28491.02,36,5.0,Online,Auto Refi,0,0.0903473423621713,2307,0,1,1,A,1,0.0,3418.9224,3418.9224
49,34338.04,22,631.0,0.333,0.376,0,18216.16,36,8.87,Branch,Debt Consolidation,0,0.3284787503418289,18710,0,0,0,A,0,0.0,2185.9392,0.0
43,37098.41,21,693.0,0.598,0.744,0,27115.41,36,11.27,Online,Debt Consolidation,0,0.4113699574849946,16729,0,0,0,B,0,0.0,3253.8491999999997,0.0
57,47581.52,5,693.0,0.165,0.505,0,26833.9,36,5.0,Branch,Personal Loan,1,0.1705620063858114,12069,0,1,1,A,1,16100.34,3220.068,-12880.272
30,20000.0,18,737.0,0.342,0.412,0,15186.97,60,5.0,Branch,Personal Loan,0,0.1077609965972678,19863,0,1,1,B,1,0.0,1822.4363999999998,1822.4363999999998
23,55203.08,18,687.0,0.05,0.286,0,7914.26,36,9.64,Branch,Auto Refi,1,0.2681988110340685,9658,1,0,0,A,0,4748.556,949.7112,0.0
37,59268.49,0,629.0,0.36,0.136,0,8296.35,36,7.27,Partner,Personal Loan,0,0.2205549825897337,10232,0,0,0,A,0,0.0,995.562,0.0
47,63184.17,8,747.0,0.249,0.5,1,12813.25,60,5.0,Partner,Debt Consolidation,0,0.1245968794489228,18600,0,1,1,A,1,0.0,1537.59,1537.59
35,80681.56,8,551.0,0.385,0.228,0,14015.45,60,17.24,Online,Personal Loan,1,0.4842853673359324,10945,0,0,0,A,0,8409.27,1681.854,0.0
64,61890.68,22,670.0,0.636,0.462,0,15168.8,60,11.5,Partner,Personal Loan,0,0.3939489611861982,11848,0,0,0,A,0,0.0,1820.2559999999999,0.0
60,63373.03,13,671.0,0.213,0.66,0,11715.56,36,5.84,Online,Debt Consolidation,1,0.1867069058246323,2889,0,1,0,A,1,7029.335999999999,1405.8672,-5623.4688
22,51265.39,2,830.0,0.122,0.276,2,21076.44,36,5.0,Branch,Personal Loan,0,0.049656030425332,17401,0,0,1,B,1,0.0,2529.1728,2529.1728
40,63576.79,9,750.0,0.199,0.463,0,8104.02,36,5.0,Online,Personal Loan,0,0.0920791061168761,592,0,1,1,A,1,0.0,972.4824,972.4824
29,68199.49,10,762.0,0.498,0.407,0,7835.15,60,5.0,Branch,Personal Loan,0,0.0987767126344578,9181,0,0,1,B,1,0.0,940.218,940.218
50,69365.31,1,770.0,0.404,0.444,0,17694.79,36,5.0,Branch,Debt Consolidation,0,0.0768325907326939,18905,0,0,1,A,0,0.0,2123.3748,0.0
53,58463.63,8,524.0,0.41,0.366,0,12490.12,36,22.61,Online,Personal Loan,0,0.630828762516759,9996,0,0,0,A,0,0.0,1498.8144,0.0
43,41023.71,19,755.0,0.099,0.557,0,24020.12,60,5.0,Online,Personal Loan,0,0.0858319346577514,10315,0,1,1,B,1,0.0,2882.4143999999997,2882.4143999999997
53,78016.45,13,554.0,0.399,0.325,0,11731.85,36,18.44,Branch,Auto Refi,1,0.5418081901607703,293,0,0,0,A,0,7039.11,1407.822,0.0
31,66268.91,12,697.0,0.171,0.614,0,21103.45,60,5.0,Online,Auto Refi,0,0.1528611734819647,16590,0,1,1,B,1,0.0,2532.414,2532.414
69,80392.66,5,703.0,0.251,0.817,0,11918.94,36,5.1,Partner,Auto Refi,0,0.1847525104813021,2979,0,1,0,B,0,0.0,1430.2728,0.0
28,89095.46,0,565.0,0.434,0.458,0,8436.78,36,19.43,Online,Auto Refi,1,0.5895532233849783,19214,0,0,0,A,0,5062.068,1012.4136000000001,0.0
26,67868.7,11,652.0,0.223,0.501,0,12969.13,36,6.24,Partner,Personal Loan,1,0.2328688293402056,1704,0,1,0,B,0,7781.477999999999,1556.2956,0.0
43,23455.58,2,717.0,0.233,0.46,1,15130.5,60,5.0,Branch,Debt Consolidation,1,0.1608545938134096,10834,0,1,1,B,1,9078.3,1815.6599999999999,-7262.639999999999
42,54442.66,21,682.0,0.091,0.358,0,8544.71,36,5.0,Online,Debt Consolidation,0,0.132604210122617,16770,0,1,1,A,1,0.0,1025.3652,1025.3652
48,57539.96,24,694.0,0.414,0.52,0,16633.93,36,5.78,Branch,Auto Refi,0,0.1975273070234475,19697,0,0,0,B,0,0.0,1996.0716,0.0
50,67069.04,21,669.0,0.217,0.518,0,10933.52,60,5.0,Branch,Debt Consolidation,0,0.1652344937737426,7459,0,1,1,A,1,0.0,1312.0224,1312.0224
28,59767.28,3,709.0,0.128,0.658,1,22276.87,36,5.0,Branch,Debt Consolidation,0,0.1257448781917014,15317,0,1,1,A,1,0.0,2673.2243999999996,2673.2243999999996
52,96230.83,16,674.0,0.156,0.306,0,18783.27,36,5.0,Branch,Personal Loan,0,0.1655096103746265,18108,0,1,1,A,1,0.0,2253.9924,2253.9924
42,65119.08,24,650.0,0.323,0.232,0,20572.11,36,5.69,Online,Personal Loan,0,0.2037148471778532,1570,0,1,0,A,1,0.0,2468.6532,2468.6532
55,66627.64,20,689.0,0.401,0.533,0,9294.1,36,6.14,Online,Personal Loan,0,0.2122317301122374,9007,0,0,0,B,0,0.0,1115.292,0.0
42,69941.32,13,623.0,0.4,0.575,0,22024.57,60,13.15,Partner,Personal Loan,0,0.4306828852855496,6774,0,0,0,A,0,0.0,2642.9483999999998,0.0
26,89114.13,10,671.0,0.43,0.691,0,8191.08,36,9.77,Online,Personal Loan,1,0.2779917006962435,5159,0,0,0,A,0,4914.648,982.9295999999999,0.0
33,65877.66,12,611.0,0.377,0.403,1,13636.39,36,17.04,Online,Debt Consolidation,1,0.5301744859790172,3004,0,0,0,B,0,8181.833999999999,1636.3667999999998,0.0
39,69597.13,0,714.0,0.457,0.562,0,19181.36,60,5.16,Online,Personal Loan,0,0.1624105163089455,16021,0,0,1,A,0,0.0,2301.7632,0.0
54,75943.19,22,824.0,0.356,0.485,0,25002.18,36,5.0,Branch,Auto Refi,0,0.0762920302133817,3115,0,1,1,A,1,0.0,3000.2616,3000.2616
47,92776.46,16,685.0,0.276,0.159,1,12607.05,60,5.0,Branch,Personal Loan,0,0.1608006183161557,18814,0,1,1,B,1,0.0,1512.8459999999998,1512.8459999999998
58,92439.7,14,631.0,0.217,0.434,0,17029.14,60,7.39,Partner,Auto Refi,0,0.2326225916708823,13285,0,0,0,B,0,0.0,2043.4968,0.0
41,64433.85,2,736.0,0.153,0.425,0,27719.08,60,5.0,Online,Debt Consolidation,0,0.120047873189324,3614,0,1,1,B,1,0.0,3326.2896,3326.2896
49,56217.39,20,828.0,0.38,0.424,0,25699.39,36,5.0,Online,Auto Refi,0,0.062641779648443,18706,0,1,1,B,1,0.0,3083.9267999999997,3083.9267999999997
25,20000.0,12,592.0,0.421,0.735,1,4460.56,60,24.01,Branch,Personal Loan,1,0.7285954709757948,5264,0,0,0,B,0,2676.3360000000002,535.2672,0.0
58,62862.72,7,640.0,0.409,0.0,0,6907.4,36,5.87,Branch,Personal Loan,0,0.181681600277259,9960,0,0,0,B,0,0.0,828.8879999999999,0.0
33,30251.85,18,708.0,0.483,0.468,0,2000.0,36,18.41,Online,Debt Consolidation,1,0.5261137823246564,6793,1,0,0,B,0,1200.0,240.0,0.0
59,82760.48,18,675.0,0.409,0.114,0,4617.96,36,5.0,Online,Personal Loan,0,0.1544975952132856,17927,0,0,1,A,0,0.0,554.1552,0.0
59,68589.75,13,742.0,0.251,0.543,1,19896.68,36,5.0,Online,Debt Consolidation,0,0.1306124242228829,3030,0,1,1,B,1,0.0,2387.6016,2387.6016
34,91952.34,24,647.0,0.139,0.454,1,14979.74,36,8.6,Branch,Personal Loan,0,0.3507970857025527,796,0,1,0,B,0,0.0,1797.5688,0.0
61,91644.45,22,740.0,0.242,0.341,1,22789.29,36,5.0,Online,Personal Loan,0,0.1378553250190132,15941,0,1,1,B,1,0.0,2734.7148,2734.7148
30,59203.01,16,663.0,0.168,0.44,0,8085.25,60,5.0,Online,Personal Loan,0,0.1539885841320027,17171,0,1,1,A,1,0.0,970.23,970.23
25,40088.39,17,758.0,0.273,0.34,1,2614.95,60,5.0,Online,Debt Consolidation,0,0.1214137530398784,2621,0,1,1,A,1,0.0,313.794,313.794
41,70029.03,17,659.0,0.121,0.333,0,21303.77,36,5.0,Branch,Debt Consolidation,0,0.1292456728189066,19318,0,1,1,B,1,0.0,2556.4524,2556.4524
33,43364.69,16,585.0,0.213,0.98,0,7505.42,60,18.45,Partner,Personal Loan,0,0.6504658883867057,2359,0,0,0,B,0,0.0,900.6504,0.0
33,64876.82,22,526.0,0.354,0.443,0,16460.22,60,22.12,Branch,Personal Loan,1,0.6526475240385629,16678,0,0,0,B,0,9876.132,1975.2264,0.0
60,65789.19,8,585.0,0.2,0.504,0,17927.06,60,12.51,Online,Personal Loan,1,0.4228563647470544,1224,0,0,0,A,0,10756.236,2151.2472000000002,0.0
46,65333.79,17,789.0,0.38,0.789,0,13710.74,60,5.0,Online,Personal Loan,0,0.0891385688075696,4355,0,1,1,A,1,0.0,1645.2887999999998,1645.2887999999998
26,56315.5,19,583.0,0.182,0.613,0,19821.2,36,13.64,Online,Debt Consolidation,1,0.4142128792359067,7402,0,0,0,B,0,11892.72,2378.544,0.0
30,51636.55,8,828.0,0.506,0.256,0,23156.59,36,5.0,Online,Personal Loan,0,0.0462820056011012,2896,0,0,1,A,0,0.0,2778.7907999999998,0.0
26,69331.81,17,612.0,0.178,0.243,0,14375.48,60,6.75,Online,Debt Consolidation,0,0.2180403225477875,16083,0,0,0,B,0,0.0,1725.0575999999999,0.0
23,54346.45,17,629.0,0.225,0.436,0,18103.91,36,7.71,Branch,Personal Loan,0,0.2799748097012385,18735,0,0,0,A,0,0.0,2172.4692,0.0
22,78194.84,18,682.0,0.173,0.318,1,7648.19,60,5.0,Online,Personal Loan,0,0.1518279433080143,9964,0,1,1,A,1,0.0,917.7828,917.7828
64,62280.96,23,635.0,0.422,0.163,0,21564.93,36,7.97,Online,Debt Consolidation,1,0.2728229414312296,4309,0,0,0,B,0,12938.958,2587.7916,0.0
42,78193.65,18,682.0,0.282,0.719,1,12716.03,36,10.49,Online,Personal Loan,0,0.3006801089986637,1903,0,1,0,B,0,0.0,1525.9236,0.0
42,118268.55,21,605.0,0.136,0.329,1,20032.81,36,11.66,Branch,Debt Consolidation,0,0.4598798542833103,5954,0,0,0,B,0,0.0,2403.9372,0.0
37,53841.34,13,672.0,0.367,0.393,0,22505.69,36,19.36,Online,Debt Consolidation,1,0.563643161893101,15522,1,0,0,B,0,13503.413999999999,2700.6827999999996,0.0
43,69215.57,21,565.0,0.156,0.499,0,14307.43,60,13.79,Branch,Personal Loan,0,0.4552169823310948,17067,0,0,0,A,0,0.0,1716.8916,0.0
49,91109.92,8,723.0,0.421,0.596,0,7784.77,60,5.0,Online,Personal Loan,1,0.1519247512490102,1280,0,0,1,A,0,4670.862,934.1724,0.0
30,104259.23,20,742.0,0.457,0.265,1,19813.43,36,5.0,Branch,Personal Loan,0,0.137961278784053,14847,0,0,1,A,0,0.0,2377.6115999999997,0.0
48,52527.94,10,691.0,0.345,0.659,1,16220.39,60,10.14,Online,Personal Loan,0,0.2920724894028747,14579,0,1,0,B,0,0.0,1946.4468,0.0
42,59119.53,5,646.0,0.462,0.341,1,9469.51,36,13.91,Online,Personal Loan,1,0.3863473940606809,657,0,0,0,A,0,5681.706,1136.3412,0.0
24,88709.85,24,713.0,0.337,0.341,0,10114.72,36,5.0,Online,Debt Consolidation,0,0.1513294037138617,19256,0,1,1,B,1,0.0,1213.7664,1213.7664
38,60973.28,19,675.0,0.561,0.98,1,15547.92,36,20.28,Online,Auto Refi,1,0.5772026373568343,9401,0,0,0,A,0,9328.752,1865.7504,0.0
63,84645.75,1,799.0,0.344,0.226,1,18155.89,60,5.0,Online,Personal Loan,0,0.0923416412537437,7321,0,1,1,B,1,0.0,2178.7068,2178.7068
37,36565.26,8,644.0,0.493,0.128,0,19108.45,36,8.04,Partner,Auto Refi,0,0.3181614026551371,13790,0,0,0,B,0,0.0,2293.014,0.0
21,83649.01,9,697.0,0.443,0.434,0,2000.0,60,5.31,Branch,Auto Refi,1,0.1759107797507539,18881,0,0,1,A,0,1200.0,240.0,0.0
30,33048.85,24,663.0,0.273,0.486,0,20503.81,36,5.93,Partner,Debt Consolidation,1,0.1989221155285138,12384,0,1,0,B,0,12302.286,2460.4572000000003,0.0
55,33725.83,4,719.0,0.194,0.361,0,13437.03,36,5.0,Online,Personal Loan,0,0.1434550333735439,2746,0,1,1,B,1,0.0,1612.4436,1612.4436
21,90846.89,14,518.0,0.305,0.318,0,17183.33,36,20.51,Partner,Personal Loan,0,0.6043924086352978,8194,0,0,0,A,0,0.0,2061.9996,0.0
48,70822.76,10,716.0,0.357,0.171,2,9342.93,36,7.21,Online,Auto Refi,0,0.2316557170647472,217,0,0,0,B,0,0.0,1121.1516,0.0
27,84439.4,6,654.0,0.136,0.619,0,11373.27,36,5.77,Branch,Auto Refi,1,0.1631961225343721,14046,0,1,1,B,1,6823.962,1364.7924,-5459.1696
67,71804.98,16,787.0,0.346,0.444,0,16347.99,60,5.0,Branch,Debt Consolidation,0,0.0777326244825092,16564,0,1,1,B,1,0.0,1961.7587999999998,1961.7587999999998
35,74931.13,0,634.0,0.212,0.35,0,7964.01,36,6.29,Partner,Personal Loan,0,0.2260507887823436,10949,0,0,0,A,0,0.0,955.6812,0.0
24,46694.4,16,684.0,0.32,0.035,0,21506.21,60,5.0,Branch,Auto Refi,0,0.1195313919401647,13725,0,1,1,A,1,0.0,2580.7452,2580.7452
41,68022.75,8,627.0,0.197,0.652,0,23553.25,60,9.53,Online,Debt Consolidation,0,0.3153403946629969,14645,0,0,0,B,0,0.0,2826.39,0.0
28,61070.54,0,661.0,0.176,0.424,0,12892.3,36,5.0,Online,Auto Refi,0,0.1456779170734921,2191,0,1,1,A,1,0.0,1547.0759999999998,1547.0759999999998
55,96793.98,6,759.0,0.343,0.366,0,21152.35,36,5.0,Online,Personal Loan,0,0.0980754184151534,16466,0,1,1,B,1,0.0,2538.2819999999997,2538.2819999999997
45,65662.52,24,618.0,0.245,0.557,0,5826.17,60,10.39,Partner,Personal Loan,0,0.3559692881811181,3932,0,0,0,B,0,0.0,699.1404,0.0
23,86377.84,7,701.0,0.537,0.702,0,9522.71,60,8.87,Online,Personal Loan,0,0.2671036979965899,15615,0,0,0,B,0,0.0,1142.7251999999999,0.0
36,95664.89,23,651.0,0.439,0.462,0,21767.72,36,9.65,Online,Personal Loan,0,0.2582673493360825,11685,0,0,0,B,0,0.0,2612.1264,0.0
69,96724.49,5,815.0,0.427,0.278,0,15058.25,60,5.0,Online,Debt Consolidation,0,0.0680554414409542,1270,0,0,1,B,1,0.0,1806.99,1806.99
21,38427.21,12,622.0,0.538,0.598,1,11128.42,60,21.46,Partner,Auto Refi,0,0.6322668745469547,2675,0,0,0,A,0,0.0,1335.4104,0.0
51,25355.9,11,689.0,0.362,0.43,1,23945.81,36,8.3,Branch,Debt Consolidation,0,0.2870392502289759,10490,0,1,0,B,0,0.0,2873.4972000000002,0.0
56,48500.75,24,533.0,0.342,0.504,1,11202.51,60,25.0,Online,Personal Loan,0,0.8180492279127645,3331,1,0,0,A,0,0.0,1344.3011999999999,0.0
31,59894.86,6,709.0,0.293,0.445,0,9595.75,36,5.0,Branch,Personal Loan,0,0.1368130658576272,9101,0,1,1,A,1,0.0,1151.49,1151.49
58,79772.93,8,708.0,0.464,0.591,0,16977.14,36,5.97,Branch,Auto Refi,0,0.1743733236445138,2701,0,0,1,B,1,0.0,2037.2567999999999,2037.2567999999999
28,82050.28,13,636.0,0.34,0.435,0,14257.29,36,9.06,Branch,Auto Refi,0,0.3094881987083944,13642,0,0,0,B,0,0.0,1710.8748,0.0
48,62275.19,20,660.0,0.366,0.257,1,10585.16,60,9.57,Branch,Personal Loan,1,0.3230542006716187,8012,0,1,0,A,1,6351.096,1270.2192,-5080.8768
45,89010.62,22,794.0,0.291,0.528,0,15774.77,36,5.0,Partner,Auto Refi,0,0.0778349671743004,13630,0,1,1,A,1,0.0,1892.9723999999999,1892.9723999999999
63,65594.98,24,651.0,0.29,0.472,0,23657.65,60,7.11,Branch,Debt Consolidation,0,0.2687433568161927,3502,0,1,0,A,1,0.0,2838.918,2838.918
23,39739.79,13,643.0,0.39,0.635,0,20559.16,36,11.4,Online,Personal Loan,0,0.3729880241183369,9373,0,1,0,B,0,0.0,2467.0992,0.0
61,58511.45,10,691.0,0.305,0.381,0,17708.75,36,5.0,Online,Debt Consolidation,0,0.1647003479707524,2236,0,1,1,A,1,0.0,2125.0499999999997,2125.0499999999997
32,63481.01,3,565.0,0.142,0.501,0,6421.43,60,25.0,Online,Personal Loan,1,0.6852659340844238,19437,1,0,0,B,0,3852.858,770.5716,0.0
62,49585.18,11,714.0,0.408,0.848,1,24187.04,36,10.92,Online,Auto Refi,0,0.3719203044351608,16182,0,0,0,B,0,0.0,2902.4448,0.0
45,24762.24,13,746.0,0.363,0.421,0,5246.72,60,5.0,Online,Personal Loan,0,0.095730782209302,16605,0,1,1,B,1,0.0,629.6064,629.6064
55,63675.18,16,693.0,0.341,0.741,0,25030.26,36,6.57,Branch,Personal Loan,0,0.2382508383858486,12060,0,1,0,A,1,0.0,3003.6312,3003.6312
25,74630.67,23,699.0,0.155,0.749,0,18795.94,36,5.0,Online,Personal Loan,0,0.1588813980003694,9596,0,1,1,B,1,0.0,2255.5128,2255.5128
23,39163.54,22,717.0,0.365,0.381,0,14149.03,60,5.0,Branch,Auto Refi,0,0.1424553340901935,4166,0,1,1,B,1,0.0,1697.8836000000001,1697.8836000000001
55,47584.51,6,633.0,0.296,0.402,0,2795.0,60,8.27,Branch,Debt Consolidation,0,0.2701584965524493,13888,0,0,0,B,0,0.0,335.4,0.0
52,49591.29,11,715.0,0.352,0.46,1,7855.46,36,6.06,Partner,Personal Loan,0,0.2361482167792482,878,0,1,0,B,0,0.0,942.6551999999999,0.0
26,53476.16,6,773.0,0.309,0.253,0,12957.71,60,5.0,Branch,Auto Refi,0,0.0665025067919915,16853,0,1,1,B,1,0.0,1554.9252,1554.9252
62,58774.37,19,693.0,0.462,0.329,0,7917.66,60,5.08,Online,Auto Refi,0,0.1674502593653368,13968,0,0,1,A,0,0.0,950.1192,0.0
63,52464.24,17,811.0,0.317,0.525,1,20689.78,36,5.0,Partner,Debt Consolidation,0,0.0892351948439511,15910,0,1,1,B,1,0.0,2482.7736,2482.7736
39,71679.16,4,613.0,0.076,0.224,1,14945.82,60,8.61,Online,Debt Consolidation,0,0.2863687484956498,15389,0,0,0,B,0,0.0,1793.4984,0.0
62,70513.17,21,547.0,0.238,0.238,1,2000.0,36,19.66,Online,Auto Refi,1,0.5991049299939628,8864,0,0,0,A,0,1200.0,240.0,0.0
61,69061.23,19,752.0,0.276,0.481,1,17036.86,36,5.0,Branch,Debt Consolidation,0,0.1366566951442783,1084,0,1,1,B,1,0.0,2044.4232,2044.4232
51,93053.34,15,627.0,0.425,0.496,0,2880.54,60,12.37,Online,Debt Consolidation,1,0.394221202555336,9814,0,0,0,A,0,1728.3239999999998,345.66479999999996,0.0
51,69965.03,18,546.0,0.35,0.846,0,2000.0,60,24.26,Online,Auto Refi,1,0.722517386056981,869,0,0,0,B,0,1200.0,240.0,0.0
34,64889.35,15,723.0,0.494,0.421,1,16776.53,60,7.27,Online,Auto Refi,0,0.2587402954452309,2563,0,0,0,A,0,0.0,2013.1835999999998,0.0
68,42662.25,6,698.0,0.399,0.433,0,13819.08,60,5.0,Partner,Debt Consolidation,0,0.1710202621782683,9069,0,1,1,A,1,0.0,1658.2895999999998,1658.2895999999998
44,56553.2,22,682.0,0.453,0.0,1,11212.21,36,6.53,Online,Personal Loan,0,0.1855218900536307,2039,0,0,0,B,0,0.0,1345.4651999999999,0.0
60,65546.5,17,787.0,0.54,0.717,1,6536.64,60,5.12,Online,Auto Refi,0,0.1241164613470418,16449,0,0,1,B,1,0.0,784.3968,784.3968
27,46738.99,4,644.0,0.459,0.307,0,20031.29,36,9.15,Partner,Personal Loan,0,0.3159318604457696,15006,0,0,0,B,0,0.0,2403.7548,0.0
38,95521.44,20,658.0,0.504,0.391,0,14584.65,36,9.41,Online,Personal Loan,0,0.3339827411517507,8625,0,0,0,A,0,0.0,1750.158,0.0
30,63122.01,19,580.0,0.224,0.375,0,8086.93,60,12.13,Online,Auto Refi,1,0.3842760088248345,1146,0,0,0,A,0,4852.158,970.4316,0.0
60,115583.26,16,762.0,0.188,0.366,0,14844.38,36,5.0,Branch,Personal Loan,0,0.0437526802039513,17618,0,1,1,A,1,0.0,1781.3256,1781.3256
59,56029.15,7,646.0,0.3,0.371,0,17783.87,60,6.83,Partner,Debt Consolidation,1,0.2251011661082818,15114,0,1,0,B,0,10670.321999999998,2134.0643999999998,0.0
50,57803.6,23,514.0,0.322,0.503,1,2000.0,36,25.0,Branch,Personal Loan,1,0.8003974395976843,2872,0,0,0,A,0,1200.0,240.0,0.0
27,48372.89,11,723.0,0.149,0.354,0,9132.51,36,5.0,Online,Personal Loan,0,0.1165456535051843,8766,0,1,1,A,1,0.0,1095.9012,1095.9012
65,79922.34,24,711.0,0.278,0.631,2,9694.89,60,10.8,Branch,Personal Loan,1,0.3374764456474832,7475,0,0,0,B,0,5816.933999999999,1163.3868,0.0
42,76578.7,14,743.0,0.365,0.529,0,17157.89,36,5.0,Online,Personal Loan,0,0.0995898425098277,2543,0,1,1,A,1,0.0,2058.9467999999997,2058.9467999999997
64,83660.68,15,666.0,0.171,0.0,0,24456.17,60,5.0,Branch,Personal Loan,0,0.1176379642721693,16183,0,1,1,A,1,0.0,2934.7403999999997,2934.7403999999997
21,68909.17,15,561.0,0.159,0.582,0,9532.73,36,15.37,Branch,Personal Loan,1,0.5178813435626065,19081,0,0,0,B,0,5719.638,1143.9276,0.0
62,105742.12,4,651.0,0.207,0.38,0,15375.85,60,5.11,Partner,Auto Refi,1,0.1628228301984021,19410,0,1,1,A,1,9225.51,1845.1019999999999,-7380.408
25,88063.02,23,579.0,0.402,0.619,1,18762.12,60,23.68,Branch,Debt Consolidation,1,0.6377665047523329,8153,0,0,0,B,0,11257.271999999999,2251.4543999999996,0.0
35,78538.82,24,707.0,0.153,0.071,1,12013.83,60,5.0,Partner,Auto Refi,0,0.1347789662562237,5011,0,1,1,B,1,0.0,1441.6596,1441.6596
55,80426.79,15,571.0,0.244,0.485,0,25814.08,36,14.84,Online,Debt Consolidation,0,0.5618817418516848,17320,0,0,0,B,0,0.0,3097.6896,0.0
31,30664.02,13,693.0,0.329,0.2,0,25173.6,60,5.0,Online,Personal Loan,0,0.1468239042577574,19221,0,1,1,B,1,0.0,3020.832,3020.832
24,84066.21,0,627.0,0.285,0.421,0,14067.08,36,8.8,Branch,Debt Consolidation,0,0.2954392234152498,15866,0,0,0,B,0,0.0,1688.0495999999998,0.0
22,51534.45,18,750.0,0.213,0.509,0,2913.46,60,5.0,Branch,Auto Refi,0,0.0870921064660352,15869,0,1,1,A,1,0.0,349.6152,349.6152
21,49883.41,5,661.0,0.362,0.385,0,21294.34,60,6.68,Branch,Debt Consolidation,0,0.2302876920253416,19623,0,1,0,A,1,0.0,2555.3208,2555.3208
41,63759.74,16,794.0,0.328,0.526,0,17784.48,36,6.62,Online,Personal Loan,0,0.1587103582161734,16623,1,0,1,B,1,0.0,2134.1376,2134.1376
38,51345.62,7,651.0,0.587,0.0,0,19022.93,36,7.75,Branch,Personal Loan,1,0.2712442666946644,8954,0,0,0,B,0,11413.758,2282.7516,0.0
32,36404.27,24,686.0,0.509,0.592,0,16855.25,36,8.71,Online,Personal Loan,0,0.3354166182470921,18888,0,0,0,A,0,0.0,2022.6299999999999,0.0
38,78832.77,13,745.0,0.438,0.869,0,13088.02,36,5.0,Online,Personal Loan,1,0.1153891725878403,9205,0,0,1,B,1,7852.812,1570.5624,-6282.2496
63,67589.76,12,644.0,0.242,0.177,2,12354.55,60,12.44,Online,Personal Loan,0,0.4294630360095827,10966,0,0,0,B,0,0.0,1482.5459999999998,0.0
30,38507.31,15,724.0,0.297,0.793,0,16316.38,36,5.0,Partner,Auto Refi,0,0.1459744778846566,4093,0,1,1,B,1,0.0,1957.9655999999998,1957.9655999999998
67,27899.7,9,616.0,0.234,0.427,0,17572.27,36,9.03,Online,Auto Refi,0,0.2839320099193054,17119,0,0,0,A,0,0.0,2108.6724,0.0
58,66576.44,7,642.0,0.391,0.479,0,27298.4,36,9.81,Branch,Personal Loan,1,0.3167621842097449,7650,0,1,0,A,1,16379.04,3275.808,-13103.232
61,22774.12,2,668.0,0.304,0.448,0,20930.49,36,5.69,Branch,Personal Loan,1,0.1980491447719044,4168,0,1,0,B,0,12558.294,2511.6588,0.0
41,92036.24,0,752.0,0.074,0.289,0,16410.66,36,5.0,Online,Debt Consolidation,0,0.0713310419582357,17929,0,1,1,B,1,0.0,1969.2792,1969.2792
47,64446.6,10,628.0,0.233,0.551,0,15363.09,60,9.09,Partner,Auto Refi,1,0.31769210960499,8398,0,0,0,A,0,9217.854,1843.5708,0.0
41,63743.92,0,701.0,0.3,0.334,0,17223.73,36,5.0,Online,Auto Refi,0,0.1401262631325961,19537,0,1,1,A,1,0.0,2066.8476,2066.8476
68,65862.11,13,636.0,0.164,0.146,3,11060.0,36,25.0,Online,Auto Refi,0,0.6627063227805299,9528,1,0,0,B,0,0.0,1327.2,0.0
28,42696.23,11,752.0,0.476,0.273,0,5810.01,36,5.0,Partner,Auto Refi,1,0.100305899873279,12884,0,0,1,B,1,3486.006,697.2012,-2788.8048
22,71814.8,4,721.0,0.357,0.684,0,14846.01,36,5.0,Partner,Auto Refi,0,0.1306368038710879,9118,0,1,1,A,1,0.0,1781.5212,1781.5212
39,63253.85,6,585.0,0.223,0.364,0,15589.07,60,11.43,Online,Personal Loan,1,0.3722818628265608,16424,0,0,0,A,0,9353.442,1870.6884,0.0
55,91945.74,18,701.0,0.135,0.538,0,5619.06,36,5.0,Online,Auto Refi,0,0.1590325500822003,3747,0,1,1,A,1,0.0,674.2872,674.2872
53,66281.85,12,727.0,0.232,0.511,0,16825.48,36,5.0,Online,Auto Refi,0,0.1282629192831468,19004,0,1,1,B,1,0.0,2019.0575999999999,2019.0575999999999
68,63017.09,23,670.0,0.224,0.869,0,8601.98,36,7.93,Online,Personal Loan,1,0.3009970870143152,9047,0,1,0,A,1,5161.187999999999,1032.2376,-4128.9504
38,102716.22,18,552.0,0.245,0.288,0,14794.46,36,14.79,Partner,Debt Consolidation,0,0.4970814441538037,9883,0,0,0,B,0,0.0,1775.3351999999998,0.0
67,56896.5,14,764.0,0.413,0.535,0,24306.12,60,5.0,Partner,Personal Loan,0,0.0892565271232711,10631,0,0,1,A,0,0.0,2916.7344,0.0
41,69233.33,20,650.0,0.376,0.495,1,10590.32,36,13.48,Branch,Auto Refi,0,0.4268856155236158,5740,0,1,0,A,1,0.0,1270.8383999999999,1270.8383999999999
36,48711.47,22,670.0,0.249,0.382,1,21895.96,36,7.67,Online,Personal Loan,1,0.2188480084169926,7871,0,1,0,A,1,13137.576,2627.5152,-10510.0608
45,43424.62,14,830.0,0.436,0.671,0,18743.93,36,5.0,Online,Debt Consolidation,0,0.049078096355909,2577,0,0,1,A,0,0.0,2249.2716,0.0
24,94525.04,20,690.0,0.503,0.392,0,8120.77,36,6.39,Online,Debt Consolidation,1,0.2994034702795377,11560,0,0,0,B,0,4872.462,974.4924,0.0
69,33763.11,18,710.0,0.378,0.534,0,16923.36,60,5.0,Online,Personal Loan,0,0.1530093560155436,365,0,1,1,B,1,0.0,2030.8032,2030.8032
65,109193.6,10,596.0,0.461,0.293,0,2000.0,60,14.41,Partner,Personal Loan,0,0.3317277994412424,3212,0,0,0,A,0,0.0,240.0,0.0
62,63144.82,8,770.0,0.221,0.278,0,8133.67,36,5.0,Branch,Debt Consolidation,0,0.072060362913197,17746,0,1,1,B,1,0.0,976.0404,976.0404
62,54024.38,5,673.0,0.231,0.569,0,21981.88,36,5.17,Branch,Personal Loan,1,0.180695913093435,8808,0,1,0,A,1,13189.128,2637.8256,-10551.3024
38,49797.43,8,619.0,0.253,0.668,1,24605.08,36,16.5,Online,Personal Loan,0,0.4861290402018429,6600,0,0,0,A,0,0.0,2952.6096000000002,0.0
49,85351.03,24,758.0,0.181,0.517,0,9664.91,60,5.0,Online,Auto Refi,1,0.1044955655480591,6056,0,1,1,A,1,5798.946,1159.7892,-4639.1568
32,52426.64,5,739.0,0.472,0.561,1,19429.85,36,6.8,Online,Debt Consolidation,0,0.2549920825320146,7416,0,0,0,A,0,0.0,2331.582,0.0
49,41803.02,23,720.0,0.138,0.313,0,8984.84,36,5.0,Online,Debt Consolidation,0,0.1307085819492416,18326,0,1,1,B,1,0.0,1078.1808,1078.1808
65,20000.0,5,703.0,0.304,0.688,0,2000.0,60,5.0,Online,Debt Consolidation,0,0.1230927081771092,16078,0,1,1,A,1,0.0,240.0,240.0
45,78094.71,9,612.0,0.344,0.675,0,7135.27,36,14.39,Online,Debt Consolidation,0,0.3870505865879766,10771,0,0,0,A,0,0.0,856.2324,0.0
33,76856.68,5,653.0,0.095,0.393,0,11311.97,36,5.0,Branch,Personal Loan,1,0.144433228656851,596,0,1,1,B,1,6787.182,1357.4363999999998,-5429.7456
50,84975.7,22,714.0,0.259,0.487,1,8678.75,36,18.05,Branch,Personal Loan,1,0.5701418465982693,1087,1,0,0,A,0,5207.25,1041.45,0.0
38,93816.61,19,657.0,0.336,0.713,0,2573.98,36,9.67,Online,Personal Loan,0,0.2839202335653898,12296,0,1,0,A,1,0.0,308.8776,308.8776
51,53290.33,4,711.0,0.437,0.789,0,20341.33,36,20.86,Partner,Personal Loan,1,0.7101013938984346,14447,1,0,0,A,0,12204.798,2440.9596,0.0
27,21661.88,18,570.0,0.322,0.743,0,12977.91,60,19.74,Partner,Personal Loan,0,0.6175059536852502,16565,0,0,0,B,0,0.0,1557.3491999999999,0.0
51,65872.52,4,687.0,0.371,0.151,0,25324.99,60,5.0,Online,Personal Loan,0,0.1627113834065873,8491,0,1,1,A,1,0.0,3038.9988000000003,3038.9988000000003
40,46567.76,4,657.0,0.317,0.474,0,11206.35,60,7.01,Online,Personal Loan,1,0.2287554998004315,19187,0,1,0,B,0,6723.81,1344.762,0.0
44,43691.59,21,610.0,0.183,0.429,1,14075.51,60,13.19,Partner,Personal Loan,0,0.4461400176211965,7008,0,0,0,A,0,0.0,1689.0611999999999,0.0
51,76189.54,22,709.0,0.296,0.295,0,9959.31,36,12.32,Partner,Auto Refi,1,0.3810874127012513,11321,1,0,0,A,0,5975.585999999999,1195.1172,0.0
62,42947.29,23,737.0,0.413,0.385,0,17260.47,36,5.0,Online,Auto Refi,0,0.1366387015816748,9010,0,0,1,B,1,0.0,2071.2564,2071.2564
63,60096.6,20,641.0,0.281,0.328,0,15110.71,60,6.6,Online,Personal Loan,1,0.2199378546170143,19354,0,1,0,A,1,9066.426,1813.2851999999998,-7253.140799999999
60,70965.4,4,612.0,0.456,0.293,0,12814.75,60,12.35,Online,Auto Refi,0,0.3827234068676549,7779,0,0,0,A,0,0.0,1537.77,0.0
67,78497.76,12,818.0,0.407,0.54,0,29077.13,60,5.0,Online,Debt Consolidation,0,0.0605385257783954,1321,0,0,1,B,1,0.0,3489.2556,3489.2556
47,58751.07,2,791.0,0.333,0.377,0,9445.54,36,5.0,Branch,Debt Consolidation,0,0.0700512609498077,6314,0,1,1,B,1,0.0,1133.4648,1133.4648
44,50234.13,22,726.0,0.475,0.497,0,13220.93,60,5.0,Branch,Personal Loan,0,0.1421803533830722,8972,0,0,1,B,1,0.0,1586.5116,1586.5116
58,84362.81,23,480.0,0.352,0.782,0,7807.81,36,25.0,Online,Personal Loan,1,0.8548649979831697,16767,0,0,0,B,0,4684.686,936.9372,0.0
33,76344.15,4,715.0,0.428,0.508,0,2000.0,60,5.0,Partner,Personal Loan,0,0.1378703849198563,18140,0,0,1,B,1,0.0,240.0,240.0
21,58113.05,15,624.0,0.335,0.729,0,19548.99,60,13.47,Online,Auto Refi,0,0.4065246432282879,533,0,0,0,A,0,0.0,2345.8788,0.0
36,60301.19,16,666.0,0.389,0.533,0,16098.26,36,7.93,Online,Personal Loan,0,0.2710284663056644,16472,0,1,0,B,0,0.0,1931.7912,0.0
51,49526.64,22,698.0,0.491,0.361,0,8089.93,36,18.59,Partner,Auto Refi,0,0.5268236729529222,11851,1,0,0,A,0,0.0,970.7916,0.0
52,66238.51,12,797.0,0.128,0.44,0,19612.91,60,5.0,Partner,Auto Refi,0,0.0791611150215032,17755,0,1,1,A,1,0.0,2353.5492,2353.5492
24,68110.34,15,759.0,0.383,0.181,1,18577.93,36,5.0,Partner,Personal Loan,0,0.1351232771590801,16849,0,1,1,A,1,0.0,2229.3516,2229.3516
49,42383.74,10,654.0,0.367,0.864,0,13582.99,36,12.3,Online,Debt Consolidation,0,0.4636187091745871,10825,0,1,0,B,0,0.0,1629.9587999999999,0.0
53,94434.96,23,693.0,0.405,0.58,0,9606.13,60,6.27,Online,Personal Loan,0,0.2133885438321578,221,0,0,0,B,0,0.0,1152.7355999999997,0.0
33,23471.95,3,709.0,0.251,0.342,0,22259.76,60,5.0,Branch,Personal Loan,0,0.1389612839680864,14028,0,1,1,A,1,0.0,2671.1711999999998,2671.1711999999998
31,66830.92,6,697.0,0.324,0.592,0,11296.78,36,5.0,Partner,Personal Loan,0,0.1677300647558841,12643,0,1,1,B,1,0.0,1355.6136000000001,1355.6136000000001
33,58016.27,20,740.0,0.56,0.384,1,15145.85,60,6.54,Online,Debt Consolidation,0,0.3137444867288413,15788,0,0,0,B,0,0.0,1817.502,0.0
59,57889.81,9,634.0,0.298,0.471,0,13394.39,36,8.9,Branch,Personal Loan,0,0.314661881610969,15945,0,0,0,B,0,0.0,1607.3267999999998,0.0
33,80954.19,24,673.0,0.602,0.678,1,14056.76,36,17.86,Online,Auto Refi,1,0.5881793879333956,10630,0,0,0,B,0,8434.056,1686.8111999999999,0.0
27,92795.01,5,639.0,0.427,0.341,0,11863.94,36,23.69,Online,Personal Loan,0,0.6239425159361349,5077,1,0,0,A,0,0.0,1423.6728,0.0
22,88785.21,5,556.0,0.255,0.331,0,16511.02,60,15.06,Branch,Auto Refi,1,0.4868858220256285,8137,0,0,0,A,0,9906.612,1981.3224,0.0
32,23456.82,0,584.0,0.261,0.473,0,12227.12,36,13.6,Online,Debt Consolidation,0,0.4179743116298347,477,0,0,0,B,0,0.0,1467.2544,0.0
67,23306.7,12,627.0,0.311,0.513,0,22651.42,60,10.3,Online,Debt Consolidation,1,0.3024844563684254,610,0,0,0,A,0,13590.851999999999,2718.1703999999995,0.0
61,62932.87,13,635.0,0.574,0.19,0,24815.19,60,11.04,Online,Auto Refi,0,0.4650388863866748,11008,0,0,0,B,0,0.0,2977.8228,0.0
44,38717.46,10,689.0,0.43,0.027,2,19573.65,60,9.63,Online,Personal Loan,0,0.294830087455584,2154,0,0,0,B,0,0.0,2348.838,0.0
28,68461.26,4,530.0,0.37,0.217,0,2558.48,36,19.31,Branch,Personal Loan,1,0.5777452135829781,11277,0,0,0,A,0,1535.088,307.0176,0.0
56,64422.31,24,776.0,0.219,0.553,0,26444.5,60,5.0,Online,Personal Loan,0,0.0853018379307141,19944,0,1,1,A,1,0.0,3173.3399999999997,3173.3399999999997
65,45471.83,16,652.0,0.348,0.414,0,17092.66,36,7.5,Online,Personal Loan,1,0.2113449196256222,9587,0,1,0,A,1,10255.596,2051.1192,-8204.4768
29,41451.65,0,699.0,0.233,0.473,1,19681.37,36,5.68,Partner,Auto Refi,1,0.1717322141555837,6104,0,1,1,B,1,11808.821999999998,2361.7643999999996,-9447.057599999998
38,45344.97,22,611.0,0.451,0.471,1,12489.24,36,19.39,Online,Debt Consolidation,1,0.5492421005032411,8501,0,0,0,A,0,7493.544,1498.7087999999999,0.0
35,23457.43,4,611.0,0.484,0.23,0,23442.27,60,12.4,Partner,Personal Loan,0,0.4522906658687683,3638,0,0,0,B,0,0.0,2813.0724,0.0
53,74105.63,11,625.0,0.228,0.129,0,9992.65,60,5.47,Online,Auto Refi,0,0.1850709302610348,8472,0,0,0,A,0,0.0,1199.118,0.0
50,88985.79,11,611.0,0.404,0.568,0,26650.62,36,14.56,Branch,Auto Refi,1,0.5001895509057863,1381,0,0,0,A,0,15990.372,3198.0744,0.0
25,99395.23,6,735.0,0.306,0.171,1,17541.6,36,5.0,Online,Debt Consolidation,0,0.1318610945825932,18576,0,1,1,B,1,0.0,2104.9919999999997,2104.9919999999997
51,59476.84,19,667.0,0.294,0.147,0,2747.53,60,5.0,Online,Debt Consolidation,0,0.1398375819770184,12505,0,1,1,B,1,0.0,329.7036,329.7036
33,81680.41,19,669.0,0.232,0.558,1,10996.19,36,9.18,Online,Auto Refi,1,0.3212924903647682,11782,0,1,0,B,0,6597.714,1319.5428,0.0
24,41405.87,20,703.0,0.251,0.117,0,7187.62,36,5.0,Partner,Auto Refi,0,0.1440339067362323,17324,0,1,1,B,1,0.0,862.5143999999999,862.5143999999999
66,64924.27,21,600.0,0.053,0.284,0,21245.48,36,6.16,Online,Debt Consolidation,0,0.2139223673999724,1643,0,0,0,B,0,0.0,2549.4575999999997,0.0
53,74009.68,22,504.0,0.49,0.316,1,10069.19,36,25.0,Online,Personal Loan,1,0.7684869316660513,1347,0,0,0,B,0,6041.514,1208.3028,0.0
27,94617.67,7,551.0,0.05,0.659,0,20233.32,36,15.14,Online,Debt Consolidation,0,0.4783058703217517,9456,0,0,0,B,0,0.0,2427.9984,0.0
55,91683.86,15,745.0,0.241,0.51,1,26413.55,36,5.0,Online,Debt Consolidation,0,0.1264915897199435,3754,0,1,1,B,1,0.0,3169.6259999999997,3169.6259999999997
26,31539.61,6,703.0,0.256,0.395,0,19333.17,36,5.0,Online,Debt Consolidation,0,0.1518929453328202,13213,0,1,1,A,1,0.0,2319.9804,2319.9804
28,77646.5,12,792.0,0.071,0.781,0,8431.59,60,5.0,Branch,Personal Loan,0,0.0887715577714556,18847,0,1,1,B,1,0.0,1011.7908,1011.7908
30,77759.07,0,712.0,0.323,0.201,1,7563.84,36,5.0,Online,Personal Loan,0,0.1403604734007063,7722,0,1,1,B,1,0.0,907.6608,907.6608
58,82661.98,9,629.0,0.314,0.587,0,13221.96,60,10.88,Branch,Auto Refi,1,0.3374243215705158,22,0,0,0,A,0,7933.1759999999995,1586.6352,0.0
31,97588.08,18,719.0,0.476,0.762,0,12506.11,36,6.67,Online,Auto Refi,0,0.2292455513840896,2982,0,0,0,B,0,0.0,1500.7332000000001,0.0
29,24713.97,22,616.0,0.128,0.508,0,27596.41,36,7.89,Online,Debt Consolidation,1,0.2801256602686439,1058,0,0,0,A,0,16557.845999999998,3311.5692,0.0
45,97748.29,24,635.0,0.315,0.0,0,19008.53,36,5.0,Online,Auto Refi,0,0.3096359623750742,6224,0,0,0,A,0,0.0,2281.0236,0.0
67,54086.43,23,684.0,0.182,0.433,0,13543.33,36,5.0,Online,Personal Loan,0,0.1462460147853452,14700,0,1,1,B,1,0.0,1625.1996,1625.1996
40,36074.1,20,689.0,0.387,0.295,0,5069.54,60,5.0,Branch,Personal Loan,0,0.166166873805182,10158,0,1,1,A,1,0.0,608.3448,608.3448
41,44615.05,21,585.0,0.285,0.417,0,23727.26,36,13.35,Online,Personal Loan,0,0.4355543998856757,10403,0,0,0,B,0,0.0,2847.2711999999997,0.0
68,68595.4,6,708.0,0.446,0.524,0,21603.78,60,5.2,Online,Debt Consolidation,0,0.1653455203227323,6735,0,0,1,A,0,0.0,2592.4536,0.0
50,101477.49,11,774.0,0.418,0.361,1,9933.81,60,5.0,Online,Personal Loan,0,0.1159819741118373,19828,0,0,1,A,0,0.0,1192.0572,0.0
26,51262.52,16,658.0,0.314,0.38,0,8890.65,36,6.07,Online,Personal Loan,0,0.2042788955669175,19988,0,1,0,A,1,0.0,1066.878,1066.878
41,101202.57,9,669.0,0.338,0.736,0,21985.41,36,8.72,Online,Personal Loan,1,0.2932296809749261,3044,0,1,0,B,0,13191.246,2638.2491999999997,0.0
61,27118.65,23,630.0,0.645,0.299,1,7130.69,36,19.41,Online,Personal Loan,1,0.6127608519755553,17205,0,0,0,B,0,4278.414,855.6827999999999,0.0
43,85102.73,20,559.0,0.315,0.286,2,12097.0,36,25.0,Branch,Debt Consolidation,1,0.7718965144105573,14490,0,0,0,A,0,7258.2,1451.6399999999999,0.0
63,44503.51,3,705.0,0.204,0.463,0,20877.78,36,5.0,Online,Personal Loan,0,0.1677709755356434,9802,0,1,1,A,1,0.0,2505.3336,2505.3336
25,53674.38,19,598.0,0.248,0.616,0,16695.44,60,13.3,Branch,Debt Consolidation,1,0.4142962002737925,5827,0,0,0,B,0,10017.264,2003.4527999999998,0.0
36,77680.43,3,701.0,0.273,0.497,0,4218.76,60,5.0,Online,Personal Loan,0,0.1350823585888224,14889,0,1,1,B,1,0.0,506.2512,506.2512
39,42534.63,9,650.0,0.389,0.651,0,18376.36,36,10.85,Online,Auto Refi,1,0.3468830473681032,7032,0,1,0,A,1,11025.816,2205.1632,-8820.6528
30,67438.2,18,620.0,0.445,0.283,0,22836.0,36,11.18,Online,Personal Loan,1,0.3474255060899752,17799,0,0,0,A,0,13701.6,2740.3199999999997,0.0
46,91038.39,19,701.0,0.163,0.252,0,13594.09,36,5.0,Online,Auto Refi,0,0.1655949629456851,5836,0,1,1,B,1,0.0,1631.2908,1631.2908
44,60638.49,7,778.0,0.205,0.344,0,9723.14,36,5.0,Branch,Debt Consolidation,0,0.0657554297116033,18813,0,1,1,B,1,0.0,1166.7767999999999,1166.7767999999999
27,64912.89,2,732.0,0.447,0.164,0,18809.83,60,5.0,Branch,Debt Consolidation,0,0.0929854113684204,7612,0,0,1,B,1,0.0,2257.1796,2257.1796
34,20000.0,2,722.0,0.407,0.76,0,20320.69,60,5.38,Online,Personal Loan,0,0.1660187186084128,14247,0,0,1,B,1,0.0,2438.4827999999998,2438.4827999999998
24,65809.26,16,752.0,0.352,0.78,1,27936.0,36,5.69,Online,Personal Loan,0,0.1419054089418784,7170,0,1,1,B,1,0.0,3352.3199999999997,3352.3199999999997
38,54841.11,15,693.0,0.247,0.472,0,30774.84,36,5.0,Partner,Debt Consolidation,0,0.1498671221297058,8023,0,1,1,A,1,0.0,3692.9808,3692.9808
35,64643.91,12,586.0,0.05,0.671,0,10424.79,60,11.25,Online,Personal Loan,1,0.3329648448976842,10360,0,0,0,B,0,6254.874000000001,1250.9748,0.0
59,75738.74,8,789.0,0.399,0.886,0,5965.75,36,5.0,Partner,Debt Consolidation,0,0.0979555444193158,7704,0,1,1,A,1,0.0,715.89,715.89
38,76327.65,24,579.0,0.475,0.651,1,13715.38,36,25.0,Online,Auto Refi,1,0.8074461956279273,6943,0,0,0,B,0,8229.228,1645.8455999999999,0.0
54,69681.91,3,622.0,0.37,0.648,1,14542.33,36,18.5,Partner,Auto Refi,1,0.5485810907938555,1962,0,0,0,A,0,8725.398,1745.0796,0.0
69,59490.29,13,677.0,0.159,0.424,0,27828.73,36,5.0,Online,Debt Consolidation,0,0.1126331823797655,11175,0,1,1,B,1,0.0,3339.4476,3339.4476
68,46768.89,3,744.0,0.151,0.727,0,15543.05,36,5.0,Branch,Auto Refi,0,0.0945963796196195,7734,0,1,1,B,1,0.0,1865.166,1865.166
26,83881.95,20,552.0,0.163,0.379,0,14824.45,60,14.14,Online,Personal Loan,0,0.4307894423412259,18504,0,0,0,A,0,0.0,1778.934,0.0
37,62944.35,19,717.0,0.31,0.302,0,2799.96,60,5.0,Online,Auto Refi,1,0.120536852145519,19385,0,1,1,A,1,1679.9759999999999,335.9952,-1343.9807999999998
32,31501.88,24,695.0,0.44,0.666,0,6360.33,60,7.41,Branch,Debt Consolidation,0,0.249298483651848,14038,0,0,0,B,0,0.0,763.2396,0.0
22,43510.55,23,648.0,0.34,0.366,0,19698.36,36,7.23,Branch,Auto Refi,1,0.2262005266888572,10993,0,1,0,B,0,11819.016,2363.8032,0.0
61,44357.72,15,763.0,0.187,0.297,0,25347.31,60,5.0,Partner,Personal Loan,0,0.0808042704979593,1832,0,1,1,B,1,0.0,3041.6772,3041.6772
68,46978.27,2,554.0,0.267,0.781,1,13028.31,36,25.0,Partner,Personal Loan,1,0.7935268490081262,9737,0,0,0,B,0,7816.985999999999,1563.3971999999999,0.0
51,65222.41,15,775.0,0.284,0.431,0,11902.23,36,5.0,Online,Personal Loan,0,0.0798173701986204,16739,0,1,1,B,1,0.0,1428.2676,1428.2676
58,57671.98,23,802.0,0.381,0.105,0,13743.23,36,5.0,Branch,Debt Consolidation,0,0.0635288041165761,5125,0,1,1,A,1,0.0,1649.1876,1649.1876
23,95618.5,22,573.0,0.326,0.31,0,2000.0,60,14.35,Online,Debt Consolidation,0,0.3971414742285104,14828,0,0,0,A,0,0.0,240.0,0.0
49,93213.81,2,638.0,0.207,0.772,0,20795.12,60,9.86,Branch,Debt Consolidation,0,0.3210980300218642,18291,0,0,0,B,0,0.0,2495.4143999999997,0.0
45,70076.49,18,797.0,0.232,0.202,1,2000.0,60,5.0,Online,Personal Loan,0,0.0881390675602889,5831,0,1,1,A,1,0.0,240.0,240.0
56,56696.8,17,628.0,0.319,0.53,0,25063.66,60,10.53,Online,Debt Consolidation,0,0.3258727318192073,19504,0,0,0,A,0,0.0,3007.6392,0.0
28,38227.52,20,694.0,0.561,0.481,0,18516.86,36,7.78,Online,Personal Loan,0,0.327547209035587,19235,0,0,0,A,0,0.0,2222.0232,0.0
41,92753.32,15,690.0,0.164,0.235,0,9497.41,36,5.0,Branch,Auto Refi,0,0.1464072680584421,14450,0,1,1,B,1,0.0,1139.6892,1139.6892
36,54182.61,0,730.0,0.407,0.485,1,12994.15,60,5.87,Branch,Personal Loan,0,0.2000353896288427,11645,0,0,0,A,0,0.0,1559.298,0.0
42,76410.69,1,672.0,0.5,0.298,0,7243.96,60,7.1,Branch,Auto Refi,0,0.2513641521110533,3719,0,0,0,B,0,0.0,869.2751999999999,0.0
61,78041.51,18,651.0,0.341,0.881,0,12281.98,60,12.21,Partner,Auto Refi,0,0.4614979265483513,2446,0,1,0,A,1,0.0,1473.8375999999998,1473.8375999999998
24,72669.8,22,657.0,0.325,0.54,0,25392.69,36,7.81,Partner,Debt Consolidation,0,0.2752305954333972,5705,0,1,0,B,0,0.0,3047.1227999999996,0.0
35,61027.14,19,723.0,0.309,0.866,0,12985.37,36,5.0,Online,Personal Loan,1,0.1527411430615972,17256,0,1,1,A,1,7791.222,1558.2444,-6232.9776
31,92238.02,18,654.0,0.281,0.34,0,2000.0,36,5.58,Online,Debt Consolidation,0,0.1752561039274454,6183,0,1,1,B,1,0.0,240.0,240.0
55,78441.62,6,682.0,0.577,0.0,0,11122.27,36,5.03,Online,Personal Loan,1,0.1708497502066265,9369,0,0,1,B,1,6673.362,1334.6724,-5338.6896
50,84375.31,22,747.0,0.213,0.455,0,8275.38,36,5.0,Branch,Personal Loan,0,0.1079867059406952,6553,0,1,1,A,1,0.0,993.0455999999999,993.0455999999999
67,61476.1,12,642.0,0.521,0.529,0,7052.93,60,13.06,Online,Personal Loan,0,0.45530002155624,11794,0,0,0,B,0,0.0,846.3516,0.0
36,99746.25,19,677.0,0.154,0.613,0,2000.0,36,5.0,Branch,Debt Consolidation,0,0.1609823889920752,16998,0,1,1,B,1,0.0,240.0,240.0
26,41821.71,18,620.0,0.313,0.49,1,14724.11,60,15.56,Online,Debt Consolidation,0,0.4738645943620895,5167,0,0,0,B,0,0.0,1766.8932,0.0
43,71607.94,4,667.0,0.242,0.758,0,18125.52,60,7.46,Online,Auto Refi,0,0.2373801698265275,19528,0,1,0,B,0,0.0,2175.0624,0.0
46,98967.3,22,669.0,0.45,0.356,0,17624.34,60,21.08,Branch,Personal Loan,1,0.5314709645385433,17913,1,0,0,B,0,10574.604,2114.9208,0.0
22,67097.03,5,810.0,0.515,0.791,2,22355.2,36,6.89,Branch,Personal Loan,0,0.2236851402848158,10156,0,0,0,B,0,0.0,2682.624,0.0
65,65374.11,5,555.0,0.24,0.411,0,16944.06,60,15.76,Branch,Personal Loan,0,0.5141762783640188,11488,0,0,0,B,0,0.0,2033.2872,0.0
54,82528.69,13,830.0,0.429,0.558,0,5989.39,36,5.0,Partner,Personal Loan,0,0.0533336190599439,12354,0,0,1,B,1,0.0,718.7268,718.7268
22,61455.99,23,723.0,0.295,0.399,0,8852.27,36,5.0,Online,Auto Refi,0,0.1339359081229668,8748,0,1,1,A,1,0.0,1062.2724,1062.2724
52,52107.02,22,665.0,0.43,0.323,0,21918.65,36,20.66,Branch,Debt Consolidation,1,0.5693219732991238,15423,1,0,0,A,0,13151.19,2630.2380000000003,0.0
50,91199.74,22,735.0,0.477,0.522,0,4871.5,36,5.0,Online,Auto Refi,1,0.1326371077786768,13797,0,0,1,B,1,2922.9,584.5799999999999,-2338.32
34,102654.83,1,715.0,0.418,0.358,0,2728.94,36,5.0,Partner,Personal Loan,1,0.167206114788085,7647,0,0,1,B,1,1637.364,327.4728,-1309.8912
33,76206.29,14,669.0,0.186,0.386,0,16550.18,60,5.0,Online,Auto Refi,0,0.1548984905014959,1721,0,1,1,A,1,0.0,1986.0216,1986.0216
69,85984.11,16,619.0,0.214,0.313,0,20094.59,36,7.35,Online,Auto Refi,0,0.197485625379241,10055,0,0,0,A,0,0.0,2411.3507999999997,0.0
67,105585.93,23,712.0,0.288,0.609,1,4533.97,36,6.58,Online,Personal Loan,0,0.1989131085397374,17124,0,1,0,A,1,0.0,544.0764,544.0764
48,78240.95,18,759.0,0.286,0.437,1,12973.2,60,5.0,Online,Debt Consolidation,0,0.1283102782255945,19608,0,1,1,B,1,0.0,1556.784,1556.784
67,49434.15,2,779.0,0.296,0.101,1,21310.45,60,5.0,Online,Auto Refi,0,0.0832742102171979,4423,0,1,1,A,1,0.0,2557.254,2557.254
32,78147.84,8,660.0,0.432,0.747,0,8416.9,36,11.59,Partner,Auto Refi,0,0.4047289120695077,1492,0,0,0,B,0,0.0,1010.0279999999999,0.0
66,43447.42,21,549.0,0.278,0.552,0,17247.7,36,19.04,Branch,Personal Loan,0,0.6689356922235595,19477,0,0,0,B,0,0.0,2069.724,0.0
37,67408.25,12,617.0,0.371,0.454,0,7634.71,36,11.92,Online,Debt Consolidation,1,0.3653636240569462,4738,0,0,0,A,0,4580.826,916.1652,0.0
21,66213.82,1,649.0,0.253,0.416,0,18088.77,60,6.22,Online,Personal Loan,0,0.2042888863153625,8639,0,1,0,B,0,0.0,2170.6524,0.0
55,84040.05,8,600.0,0.271,0.309,0,11189.66,36,10.22,Branch,Personal Loan,1,0.3552577097094427,10206,0,0,0,B,0,6713.795999999999,1342.7592,0.0
27,37452.13,5,734.0,0.163,0.208,0,16465.07,36,5.0,Online,Personal Loan,0,0.0908011966998188,18200,0,1,1,B,1,0.0,1975.8084,1975.8084
30,71597.79,22,734.0,0.244,0.276,0,9427.89,36,5.0,Online,Personal Loan,0,0.0850727287087051,2108,0,1,1,B,1,0.0,1131.3467999999998,1131.3467999999998
24,52804.63,5,607.0,0.523,0.488,0,8584.89,36,16.75,Branch,Debt Consolidation,1,0.5661813269368531,350,0,0,0,A,0,5150.933999999999,1030.1868,0.0
40,55661.48,24,705.0,0.374,0.186,1,10496.45,36,5.03,Online,Debt Consolidation,0,0.1664568305110673,4361,0,1,1,A,1,0.0,1259.574,1259.574
21,55596.29,10,737.0,0.508,0.663,0,9359.43,36,5.0,Online,Personal Loan,0,0.0988772802673096,3318,0,0,1,B,1,0.0,1123.1316,1123.1316
68,45765.55,19,648.0,0.29,0.704,0,17282.36,36,9.66,Branch,Auto Refi,0,0.276404470571981,1351,0,1,0,B,0,0.0,2073.8832,0.0
69,50583.15,17,796.0,0.302,0.0,0,8071.92,36,5.0,Online,Personal Loan,0,0.0525739001131106,7251,0,1,1,A,1,0.0,968.6304,968.6304
65,83741.43,18,691.0,0.187,0.017,0,5286.79,60,5.0,Partner,Auto Refi,0,0.1266436814355324,19998,0,1,1,B,1,0.0,634.4148,634.4148
42,115904.46,17,605.0,0.452,0.599,0,21136.03,60,16.67,Online,Debt Consolidation,0,0.3172643780956402,11830,0,0,0,A,0,0.0,2536.3235999999997,0.0
57,58299.07,18,606.0,0.382,0.944,0,21502.81,36,19.16,Partner,Personal Loan,1,0.6978592054052403,10766,0,0,0,B,0,12901.686,2580.3372,0.0
33,33903.04,17,505.0,0.17,0.277,1,14068.02,36,23.44,Online,Auto Refi,1,0.6606425882051028,6992,0,0,0,B,0,8440.812,1688.1624,0.0
55,81843.33,1,687.0,0.299,0.226,0,11811.65,36,5.0,Online,Auto Refi,0,0.1507579860488643,109,0,1,1,A,1,0.0,1417.398,1417.398
39,46995.59,2,679.0,0.27,0.957,0,22213.97,36,8.67,Branch,Personal Loan,0,0.3416339461473985,7913,0,1,0,A,1,0.0,2665.6764,2665.6764
35,82167.41,16,761.0,0.502,0.668,0,29187.71,60,5.0,Online,Auto Refi,0,0.1001762779268332,2309,0,0,1,A,0,0.0,3502.5251999999996,0.0
52,48858.17,14,647.0,0.416,0.339,0,4358.46,60,8.43,Online,Personal Loan,0,0.2985767447127922,18532,0,0,0,A,0,0.0,523.0151999999999,0.0
32,46678.5,5,760.0,0.296,0.62,3,18906.12,60,10.26,Branch,Debt Consolidation,0,0.3028566412319289,14215,0,0,0,B,0,0.0,2268.7344,0.0
29,44394.27,4,713.0,0.353,0.467,0,15507.26,36,5.0,Online,Auto Refi,0,0.1452831837289708,6231,0,1,1,A,1,0.0,1860.8712,1860.8712
49,44180.33,17,685.0,0.68,0.42,0,16276.71,36,10.23,Partner,Personal Loan,0,0.4109973848478577,2107,0,0,0,B,0,0.0,1953.2051999999999,0.0
28,89622.92,24,650.0,0.283,0.38,0,12010.05,36,6.3,Branch,Debt Consolidation,0,0.2635817372621996,19976,0,1,0,A,1,0.0,1441.206,1441.206
25,78787.2,11,671.0,0.345,0.602,0,25162.52,60,7.38,Branch,Debt Consolidation,0,0.2207575254871025,19760,0,1,0,A,1,0.0,3019.5024,3019.5024
36,73745.15,16,635.0,0.111,0.143,0,22256.56,36,5.0,Online,Debt Consolidation,1,0.1355424656416979,19133,0,0,1,B,1,13353.936,2670.7872,-10683.148799999999
64,74523.24,12,713.0,0.191,0.112,0,20185.17,60,5.0,Partner,Auto Refi,0,0.1191626628818309,3792,0,1,1,A,1,0.0,2422.2203999999997,2422.2203999999997
58,100730.77,1,643.0,0.271,0.482,1,14990.99,36,11.92,Online,Personal Loan,0,0.3513690442534371,12102,0,1,0,A,1,0.0,1798.9188,1798.9188
61,67297.67,16,684.0,0.372,0.54,1,13658.59,36,10.09,Branch,Personal Loan,1,0.3152138864729338,10523,0,1,0,A,1,8195.154,1639.0308,-6556.1232
40,90402.91,1,676.0,0.425,0.331,0,11606.87,60,5.93,Branch,Auto Refi,0,0.2062834594483867,17626,0,0,0,A,0,0.0,1392.8244,0.0
37,20000.0,6,603.0,0.467,0.294,0,4438.19,60,13.73,Online,Personal Loan,1,0.5072669767442688,17813,0,0,0,B,0,2662.9139999999998,532.5827999999999,0.0
44,81096.34,18,661.0,0.325,0.604,1,24779.14,36,25.0,Online,Personal Loan,1,0.7434204936556053,3513,1,0,0,B,0,14867.483999999999,2973.4968,0.0
56,98234.58,1,672.0,0.282,0.659,0,12539.9,36,6.77,Branch,Debt Consolidation,0,0.192645671601834,1810,0,1,0,A,1,0.0,1504.788,1504.788
31,66565.85,21,711.0,0.202,0.862,0,27956.63,60,5.0,Online,Debt Consolidation,0,0.1683598068497341,4257,0,1,1,A,1,0.0,3354.7956,3354.7956
42,64204.72,16,688.0,0.136,0.692,0,5787.62,36,5.0,Online,Personal Loan,0,0.1388440147742052,13800,0,1,1,A,1,0.0,694.5143999999999,694.5143999999999
56,30128.94,19,585.0,0.272,0.034,1,17741.71,36,13.41,Online,Auto Refi,0,0.3843773519547572,7693,0,0,0,B,0,0.0,2129.0051999999996,0.0
53,61904.82,16,549.0,0.397,0.579,0,14456.66,36,21.94,Online,Personal Loan,1,0.630484911230927,1944,0,0,0,B,0,8673.996,1734.7992,0.0
42,60751.38,18,830.0,0.419,0.455,0,5067.76,36,5.0,Online,Auto Refi,1,0.0460273400766195,16506,0,0,1,B,1,3040.656,608.1312,-2432.5248
65,96005.76,12,695.0,0.314,0.225,0,16986.3,36,5.0,Online,Personal Loan,0,0.1353153641695739,17148,0,1,1,B,1,0.0,2038.3559999999998,2038.3559999999998
46,58107.43,15,576.0,0.528,0.569,1,24505.24,60,25.0,Online,Personal Loan,1,0.7778538221410339,2210,0,0,0,A,0,14703.144,2940.6288,0.0
63,64846.46,13,700.0,0.383,0.309,1,2000.0,60,6.54,Online,Debt Consolidation,0,0.2232868832468031,16822,0,1,0,A,1,0.0,240.0,240.0
58,52132.46,17,507.0,0.403,0.409,0,12791.61,36,24.72,Partner,Auto Refi,0,0.6108313151611894,18715,0,0,0,A,0,0.0,1534.9932000000001,0.0
34,54964.48,24,779.0,0.42,0.243,0,18449.76,36,5.0,Partner,Auto Refi,1,0.0838128148983845,4239,0,0,1,B,1,11069.855999999998,2213.9711999999995,-8855.884799999998
21,86955.49,15,599.0,0.311,0.281,0,4440.82,60,10.71,Branch,Personal Loan,0,0.3763046652960603,15346,0,0,0,A,0,0.0,532.8983999999999,0.0
68,89981.93,2,654.0,0.05,0.928,0,5735.39,60,6.98,Online,Auto Refi,1,0.2280972231728662,11241,0,1,0,B,0,3441.234,688.2468,0.0
41,56748.06,18,613.0,0.475,0.182,0,19265.33,60,11.4,Branch,Personal Loan,1,0.3989460331915603,17741,0,0,0,B,0,11559.198,2311.8396000000002,0.0
27,86926.82,17,669.0,0.385,0.309,1,17553.67,36,9.51,Online,Personal Loan,1,0.2944215486348432,7751,0,1,0,A,1,10532.202,2106.4403999999995,-8425.7616
61,63466.17,20,725.0,0.339,0.435,2,2000.0,60,8.45,Online,Personal Loan,1,0.2929865154265782,19078,0,0,0,A,0,1200.0,240.0,0.0
46,60283.04,2,652.0,0.359,0.64,0,25187.99,60,9.86,Branch,Personal Loan,0,0.3250843386093109,3281,0,1,0,A,1,0.0,3022.5588000000002,3022.5588000000002
61,79043.12,21,618.0,0.292,0.31,0,22914.72,60,8.79,Branch,Debt Consolidation,0,0.2809334669063906,1930,0,0,0,B,0,0.0,2749.7664,0.0
62,67584.18,6,711.0,0.172,0.564,0,28046.57,60,5.0,Online,Auto Refi,0,0.1647376517809933,13890,0,1,1,B,1,0.0,3365.5883999999996,3365.5883999999996
60,44220.35,1,720.0,0.267,0.542,0,7354.19,60,5.0,Online,Personal Loan,0,0.129084059736307,13476,0,1,1,A,1,0.0,882.5027999999999,882.5027999999999
34,72581.35,8,745.0,0.169,0.679,0,17450.55,36,5.0,Online,Personal Loan,0,0.0936742351881591,17077,0,1,1,A,1,0.0,2094.066,2094.066
37,43550.0,18,569.0,0.322,0.346,0,14987.1,36,15.17,Online,Personal Loan,0,0.4667264408211798,10398,0,0,0,B,0,0.0,1798.452,0.0
26,88290.22,22,591.0,0.441,0.76,0,8078.94,36,20.06,Online,Auto Refi,1,0.5500171558364623,12914,0,0,0,A,0,4847.364,969.4727999999999,0.0
66,93893.77,0,647.0,0.372,0.67,1,20433.42,36,15.81,Branch,Debt Consolidation,0,0.4115399266750726,7502,0,1,0,B,0,0.0,2452.0103999999997,0.0
35,57455.67,18,679.0,0.293,0.389,0,25727.91,36,5.0,Online,Personal Loan,0,0.1530409806907585,2856,0,1,1,B,1,0.0,3087.3491999999997,3087.3491999999997
55,81034.8,20,716.0,0.487,0.1,0,20315.49,36,5.0,Online,Personal Loan,1,0.1438211753209004,6359,0,0,1,A,0,12189.294,2437.8588,0.0
44,64624.76,18,514.0,0.38,0.515,1,16305.52,60,25.0,Online,Personal Loan,1,0.7361378615387848,12636,1,0,0,A,0,9783.312,1956.6624,0.0
46,53013.07,22,732.0,0.325,0.519,0,5382.84,60,5.0,Online,Debt Consolidation,0,0.1064238565168262,226,0,1,1,A,1,0.0,645.9408,645.9408
59,114897.96,6,785.0,0.284,0.633,0,13514.32,36,5.0,Branch,Auto Refi,0,0.0831903002583986,8042,0,1,1,A,1,0.0,1621.7184,1621.7184
45,94487.16,22,708.0,0.285,0.235,0,20094.51,36,5.0,Branch,Debt Consolidation,0,0.1369463360731549,9379,0,1,1,B,1,0.0,2411.3412,2411.3412
66,105421.26,0,720.0,0.405,0.0,0,10478.07,36,5.0,Branch,Personal Loan,0,0.1092812508827497,15450,0,0,1,B,1,0.0,1257.3683999999998,1257.3683999999998
23,74331.45,9,777.0,0.368,0.669,0,16535.44,60,10.41,Online,Auto Refi,1,0.2640221535102277,11747,1,0,0,B,0,9921.264,1984.2527999999998,0.0
47,64282.69,12,716.0,0.31,0.564,0,24522.39,36,5.0,Branch,Personal Loan,0,0.1389228162099534,7085,0,1,1,A,1,0.0,2942.6868,2942.6868
22,69131.0,23,671.0,0.284,0.513,0,20819.53,36,5.65,Branch,Personal Loan,0,0.1759281725300663,2072,0,1,1,B,1,0.0,2498.3435999999997,2498.3435999999997
25,112388.71,6,622.0,0.209,0.299,1,19670.38,60,10.97,Online,Debt Consolidation,1,0.3402239249832429,5164,0,0,0,A,0,11802.228000000001,2360.4456,0.0
52,49043.97,0,619.0,0.162,0.365,0,19973.2,60,6.89,Partner,Personal Loan,1,0.241137454813471,9811,0,0,0,A,0,11983.92,2396.784,0.0
41,83792.58,24,756.0,0.338,0.383,0,10329.61,60,5.0,Online,Auto Refi,0,0.1074121003881992,1911,0,1,1,A,1,0.0,1239.5532,1239.5532
47,74747.61,17,577.0,0.388,0.209,0,14374.09,36,14.01,Online,Auto Refi,1,0.4102301279969532,11040,0,0,0,A,0,8624.454,1724.8908,0.0
30,96021.94,18,740.0,0.46,0.656,0,29456.75,36,5.0,Branch,Debt Consolidation,0,0.0897593545651998,12459,0,0,1,A,0,0.0,3534.81,0.0
52,62674.81,22,830.0,0.252,0.0,0,11901.29,60,5.0,Online,Personal Loan,0,0.0404689275380749,8038,0,1,1,A,1,0.0,1428.1548,1428.1548
26,71821.84,13,591.0,0.537,0.477,0,14557.93,36,18.78,Partner,Personal Loan,1,0.6410286028109442,7175,0,0,0,B,0,8734.758,1746.9515999999999,0.0
63,85950.91,4,588.0,0.226,0.238,0,18245.46,36,9.82,Online,Debt Consolidation,1,0.3095058049612407,10207,0,0,0,A,0,10947.276,2189.4552,0.0
59,35607.21,16,663.0,0.237,0.359,0,30371.36,36,5.0,Online,Personal Loan,1,0.1713866104887498,18937,0,1,1,B,1,18222.816,3644.5632,-14578.252799999998
65,52791.08,19,714.0,0.351,0.579,1,10828.92,36,7.18,Online,Debt Consolidation,1,0.2166392377143327,9897,0,1,0,B,0,6497.352,1299.4704,0.0
24,43094.62,14,689.0,0.05,0.704,0,6886.17,36,5.0,Partner,Personal Loan,0,0.144666418875481,3396,0,1,1,A,1,0.0,826.3403999999999,826.3403999999999
53,43068.72,4,677.0,0.196,0.375,0,16020.13,60,5.0,Online,Auto Refi,0,0.1687285688117424,2977,0,1,1,A,1,0.0,1922.4155999999998,1922.4155999999998
23,60591.25,20,585.0,0.112,0.752,1,18053.51,36,18.52,Online,Personal Loan,1,0.526092707439388,13104,0,0,0,A,0,10832.105999999998,2166.4211999999998,0.0
34,61201.63,20,692.0,0.334,0.661,0,9132.13,36,5.94,Online,Personal Loan,0,0.1777769930560494,6271,0,1,1,B,1,0.0,1095.8555999999999,1095.8555999999999
67,44128.67,3,794.0,0.417,0.145,0,4963.74,36,5.0,Partner,Debt Consolidation,0,0.0769254549029335,12706,0,0,1,A,0,0.0,595.6487999999999,0.0
40,74288.02,10,721.0,0.382,0.443,0,23894.28,36,5.0,Online,Debt Consolidation,0,0.153878111489972,19042,0,1,1,B,1,0.0,2867.3136,2867.3136
36,86101.58,8,738.0,0.18,0.503,0,12449.71,60,5.0,Branch,Auto Refi,0,0.096177639671231,1575,0,1,1,A,1,0.0,1493.9651999999999,1493.9651999999999
60,45397.23,0,724.0,0.288,0.534,1,15850.19,60,5.06,Online,Auto Refi,0,0.1545717940807766,10549,0,1,1,A,1,0.0,1902.0228,1902.0228
22,77802.82,1,654.0,0.513,0.079,0,4633.47,60,7.04,Online,Debt Consolidation,0,0.2565237769583157,9359,0,0,0,B,0,0.0,556.0164,0.0
43,43227.3,8,641.0,0.262,0.286,0,13171.47,60,5.95,Online,Debt Consolidation,1,0.1945435628213403,6853,0,1,0,B,0,7902.882,1580.5764,0.0
22,56971.35,4,699.0,0.539,0.476,0,14583.36,60,6.94,Online,Debt Consolidation,0,0.3089720835153011,14929,0,0,0,A,0,0.0,1750.0032,0.0
37,98531.77,16,650.0,0.476,0.158,0,16596.09,60,7.47,Online,Debt Consolidation,0,0.2649463290859764,14230,0,0,0,B,0,0.0,1991.5308,0.0
22,70262.43,20,720.0,0.278,0.173,0,23931.09,36,5.0,Online,Auto Refi,0,0.1327117452132283,5890,0,1,1,B,1,0.0,2871.7308,2871.7308
62,59400.45,8,629.0,0.241,0.399,0,16330.88,60,21.71,Partner,Auto Refi,0,0.614937371435216,19362,1,0,0,B,0,0.0,1959.7055999999998,0.0
64,39110.06,0,613.0,0.441,0.472,1,5448.54,36,19.0,Online,Auto Refi,0,0.5648366409159336,4580,0,0,0,B,0,0.0,653.8248,0.0
53,57418.88,22,723.0,0.34,0.416,0,23035.16,36,5.0,Partner,Personal Loan,0,0.1642428285984071,10126,0,1,1,B,1,0.0,2764.2192,2764.2192
36,85854.54,11,642.0,0.214,0.98,0,7965.11,60,11.79,Online,Auto Refi,1,0.4351982149468346,18283,0,1,0,A,1,4779.066,955.8131999999999,-3823.2527999999998
49,43325.49,9,764.0,0.311,0.733,0,5977.27,36,5.0,Online,Debt Consolidation,0,0.0844387838445358,11891,0,1,1,A,1,0.0,717.2724000000001,717.2724000000001
31,32213.44,7,742.0,0.247,0.39,0,20170.77,60,5.0,Branch,Personal Loan,0,0.1021202396428446,10538,0,1,1,B,1,0.0,2420.4924,2420.4924
44,88141.72,10,574.0,0.301,0.226,0,5379.23,60,12.78,Online,Debt Consolidation,0,0.4176504559004355,11155,0,0,0,A,0,0.0,645.5075999999999,0.0
65,65509.32,3,697.0,0.276,0.475,1,14936.44,60,6.59,Branch,Debt Consolidation,1,0.2139396977689423,19333,0,1,0,A,1,8961.864,1792.3728,-7169.4911999999995
60,59995.09,21,669.0,0.164,0.371,1,8679.05,36,6.31,Online,Debt Consolidation,0,0.231191934198353,12951,0,1,0,B,0,0.0,1041.4859999999999,0.0
36,61893.12,4,808.0,0.3,0.304,0,10349.8,36,5.0,Online,Personal Loan,0,0.058316077500916,11272,0,1,1,A,1,0.0,1241.9759999999999,1241.9759999999999
67,60657.02,5,651.0,0.273,0.303,0,18503.37,60,5.46,Online,Personal Loan,1,0.1614172180805109,6471,0,1,1,B,1,11102.021999999999,2220.4044,-8881.6176
46,57471.15,21,783.0,0.445,0.734,0,26752.22,36,5.0,Partner,Personal Loan,0,0.0870906106560094,17698,0,0,1,B,1,0.0,3210.2664,3210.2664
28,53419.86,15,672.0,0.197,0.32,0,13787.55,60,5.0,Online,Debt Consolidation,0,0.1467968942300723,1102,0,1,1,A,1,0.0,1654.5059999999999,1654.5059999999999
37,73739.93,3,620.0,0.28,0.905,1,16851.33,36,19.81,Online,Personal Loan,1,0.6941649393314111,7034,0,0,0,B,0,10110.798,2022.1596000000002,0.0
28,61028.36,17,634.0,0.384,0.09,1,6852.53,60,10.91,Online,Personal Loan,0,0.3158321242383441,15354,0,0,0,B,0,0.0,822.3036,0.0
23,84155.46,4,698.0,0.36,0.542,0,22113.78,60,5.0,Branch,Personal Loan,0,0.1731239295704167,17071,0,1,1,B,1,0.0,2653.6535999999996,2653.6535999999996
28,56232.66,11,749.0,0.358,0.554,0,6422.27,60,5.0,Partner,Debt Consolidation,0,0.1026724283093817,8976,0,1,1,B,1,0.0,770.6724,770.6724
46,50232.26,8,480.0,0.249,0.0,0,6788.8,60,20.05,Online,Personal Loan,1,0.5354151328297035,12836,0,0,0,B,0,4073.2799999999997,814.656,0.0
48,57601.58,5,567.0,0.197,0.464,2,3555.53,36,23.84,Online,Debt Consolidation,0,0.6797928798529111,5984,0,0,0,A,0,0.0,426.66360000000003,0.0
35,57734.45,2,746.0,0.256,0.466,0,18802.43,36,5.0,Online,Auto Refi,0,0.0980750412038385,9540,0,1,1,A,1,0.0,2256.2916,2256.2916
61,64342.11,22,695.0,0.293,0.552,0,19199.92,60,5.0,Online,Debt Consolidation,0,0.1652536225908014,8758,0,1,1,B,1,0.0,2303.9903999999997,2303.9903999999997
23,92501.06,6,799.0,0.254,0.623,0,21961.38,60,5.0,Online,Personal Loan,0,0.0842572136687898,13354,0,1,1,B,1,0.0,2635.3656,2635.3656
32,46009.39,8,639.0,0.184,0.309,1,24066.97,36,8.82,Partner,Auto Refi,1,0.3341416729749243,12947,0,0,0,A,0,14440.182,2888.0364,0.0
38,76762.77,24,686.0,0.355,0.36,0,9854.76,36,5.0,Partner,Auto Refi,0,0.1640771381545376,8891,0,1,1,B,1,0.0,1182.5712,1182.5712
37,86458.92,19,710.0,0.483,0.375,0,12903.45,36,5.0,Branch,Personal Loan,1,0.157592204738239,18806,0,0,1,A,0,7742.07,1548.414,0.0
39,64362.34,13,649.0,0.097,0.787,1,5223.71,36,11.05,Branch,Auto Refi,0,0.4298646222957265,1277,0,1,0,B,0,0.0,626.8452,0.0
43,75642.99,5,804.0,0.359,0.369,0,9947.53,36,5.0,Partner,Debt Consolidation,1,0.0757769759031227,11887,0,1,1,B,1,5968.518,1193.7036,-4774.8144
49,65033.33,16,762.0,0.428,0.491,0,8641.43,60,5.0,Branch,Debt Consolidation,1,0.0924404398707109,17909,0,0,1,B,1,5184.858,1036.9716,-4147.8864
58,58326.56,4,666.0,0.324,0.666,1,26303.78,36,12.49,Online,Personal Loan,0,0.4048782915076357,17201,0,1,0,B,0,0.0,3156.4536,0.0
58,69181.8,15,637.0,0.185,0.341,0,10107.74,36,5.56,Branch,Debt Consolidation,0,0.1809042601489101,11633,0,0,0,B,0,0.0,1212.9288,0.0
48,52209.4,19,780.0,0.261,0.627,1,22040.23,36,5.0,Branch,Personal Loan,0,0.10463451328924,12321,0,1,1,B,1,0.0,2644.8276,2644.8276
56,84596.94,20,678.0,0.35,0.672,0,23584.66,60,7.44,Online,Personal Loan,0,0.2143144696414047,7578,0,1,0,B,0,0.0,2830.1592,0.0
29,42800.79,10,733.0,0.191,0.556,0,12715.12,60,5.0,Online,Personal Loan,0,0.1018422075202157,2633,0,1,1,A,1,0.0,1525.8144,1525.8144
25,81957.81,19,808.0,0.339,0.448,0,20188.12,36,5.0,Branch,Auto Refi,0,0.0664788356100257,11024,0,1,1,A,1,0.0,2422.5744,2422.5744
33,20000.0,5,684.0,0.367,0.293,0,22050.8,36,5.0,Branch,Debt Consolidation,0,0.1500988923093299,12933,0,1,1,A,1,0.0,2646.096,2646.096
46,40408.13,11,694.0,0.458,0.339,0,2000.0,36,5.01,Online,Personal Loan,0,0.1476379370713052,18629,0,0,1,B,1,0.0,240.0,240.0
46,51992.26,4,616.0,0.375,0.65,1,20459.08,36,19.26,Partner,Debt Consolidation,0,0.5847861318212602,12680,0,0,0,B,0,0.0,2455.0896000000002,0.0
35,79411.88,24,732.0,0.418,0.896,0,8430.07,60,5.84,Branch,Personal Loan,0,0.1926572533076198,7837,0,0,0,B,0,0.0,1011.6084,0.0
51,84718.52,4,669.0,0.206,0.181,0,23746.53,36,5.0,Branch,Debt Consolidation,1,0.1470303314590926,3967,0,1,1,B,1,14247.918,2849.5836,-11398.3344
62,59647.68,5,698.0,0.491,0.26,0,4251.19,36,5.0,Branch,Personal Loan,0,0.1711291336072763,2485,0,0,1,B,1,0.0,510.1427999999999,510.1427999999999
31,55419.89,17,763.0,0.116,0.203,0,18085.34,60,5.0,Branch,Personal Loan,0,0.0674764293771478,13328,1,0,1,B,1,0.0,2170.2408,2170.2408
24,53118.97,24,750.0,0.265,0.465,0,15456.88,36,5.0,Partner,Debt Consolidation,0,0.0961717951997378,7332,0,1,1,B,1,0.0,1854.8256,1854.8256
48,68054.95,4,676.0,0.487,0.137,0,11440.6,36,5.24,Partner,Auto Refi,0,0.2005485646361717,16768,0,0,0,A,0,0.0,1372.872,0.0
43,68132.44,2,703.0,0.295,0.189,0,12399.0,60,5.0,Branch,Debt Consolidation,0,0.1436893409855213,18843,0,1,1,B,1,0.0,1487.8799999999999,1487.8799999999999
56,94875.32,18,735.0,0.175,0.486,0,18682.9,36,5.0,Branch,Personal Loan,0,0.1020067283290764,9873,0,1,1,A,1,0.0,2241.948,2241.948
32,54732.9,23,718.0,0.362,0.754,0,11535.74,36,5.03,Online,Debt Consolidation,0,0.144343008786158,600,0,1,1,A,1,0.0,1384.2887999999998,1384.2887999999998
50,86729.22,14,669.0,0.305,0.267,1,17099.13,36,7.67,Branch,Auto Refi,0,0.2304190449733499,10656,0,1,0,B,0,0.0,2051.8956,0.0
36,71946.91,20,586.0,0.183,0.62,0,7651.83,36,13.41,Branch,Debt Consolidation,1,0.4422786254735699,6897,0,0,0,B,0,4591.098,918.2196,0.0
33,98769.86,3,701.0,0.221,0.363,0,14186.49,60,5.0,Online,Personal Loan,1,0.1499507328141719,11449,0,1,1,A,1,8511.894,1702.3788,-6809.5152
65,71851.47,15,639.0,0.359,0.486,0,3599.09,36,9.66,Partner,Debt Consolidation,1,0.3300621616965778,16204,0,0,0,A,0,2159.454,431.8908,0.0
52,66502.39,22,727.0,0.326,0.277,0,3287.96,60,5.0,Online,Personal Loan,0,0.1029617350314932,1312,0,1,1,B,1,0.0,394.5552,394.5552
55,87476.13,18,751.0,0.433,0.163,0,9678.95,36,5.0,Online,Personal Loan,0,0.0886332865161957,10299,0,0,1,B,1,0.0,1161.474,1161.474
27,64963.7,3,830.0,0.385,0.2,0,14282.28,36,5.0,Branch,Debt Consolidation,0,0.0379116413392409,19624,0,1,1,A,1,0.0,1713.8736000000001,1713.8736000000001
54,81702.46,18,742.0,0.447,0.158,1,14896.32,60,5.0,Online,Debt Consolidation,0,0.1260721754834917,19679,0,0,1,B,1,0.0,1787.5584,1787.5584
60,84275.85,21,721.0,0.279,0.212,0,16756.76,36,5.0,Partner,Personal Loan,0,0.1416955176964178,5595,0,1,1,B,1,0.0,2010.8111999999996,2010.8111999999996
40,45676.56,10,602.0,0.306,0.616,0,7371.3,36,14.16,Online,Personal Loan,1,0.4086128372285888,19895,0,0,0,B,0,4422.78,884.556,0.0
67,72185.73,14,601.0,0.195,0.529,1,16286.85,36,15.65,Online,Personal Loan,0,0.4951778970326354,19137,0,0,0,A,0,0.0,1954.422,0.0
28,57625.95,10,625.0,0.062,0.514,0,21324.92,60,6.14,Online,Auto Refi,1,0.1885963780068266,13798,0,0,0,A,0,12794.952,2558.9903999999997,0.0
41,89360.04,5,754.0,0.05,0.803,0,17175.31,60,5.0,Branch,Personal Loan,1,0.107615303235182,12756,0,1,1,A,1,10305.186,2061.0372,-8244.148799999999
30,51200.51,17,711.0,0.37,0.663,0,27133.47,60,5.0,Online,Auto Refi,0,0.1445457398971458,17802,0,1,1,B,1,0.0,3256.0164,3256.0164
59,55276.05,9,736.0,0.336,0.533,1,5322.19,36,5.0,Online,Personal Loan,0,0.1243797076405969,3590,0,1,1,B,1,0.0,638.6628,638.6628
68,52627.16,23,703.0,0.537,0.221,1,8454.24,60,8.02,Online,Debt Consolidation,0,0.3381342429424236,6549,0,0,0,A,0,0.0,1014.5088,0.0
44,68732.8,22,670.0,0.235,0.587,0,12681.16,36,5.66,Online,Auto Refi,0,0.1770515453675413,7453,0,1,1,A,1,0.0,1521.7392,1521.7392
52,84380.55,19,772.0,0.05,0.538,2,17550.39,36,5.0,Partner,Personal Loan,1,0.1528551205970462,19508,0,0,1,A,0,10530.233999999999,2106.0468,0.0
30,71041.46,0,682.0,0.204,0.208,0,11678.49,36,5.0,Online,Personal Loan,0,0.1466666235826738,5910,0,1,1,B,1,0.0,1401.4188,1401.4188
25,80232.79,1,652.0,0.233,0.525,1,15792.21,60,10.67,Online,Auto Refi,0,0.3396701575582204,7187,0,1,0,A,1,0.0,1895.0651999999998,1895.0651999999998
29,40313.35,21,717.0,0.287,0.093,0,5704.19,36,5.0,Online,Personal Loan,0,0.1035308521338884,3233,0,1,1,A,1,0.0,684.5028,684.5028
34,54910.62,23,674.0,0.241,0.091,0,17034.8,36,5.0,Online,Personal Loan,0,0.161598509116595,8024,0,1,1,B,1,0.0,2044.176,2044.176
62,66671.7,18,680.0,0.277,0.278,0,16323.0,36,15.02,Partner,Personal Loan,1,0.435135626354893,6900,1,0,0,B,0,9793.8,1958.76,0.0
55,77285.11,21,593.0,0.282,0.231,0,5860.77,36,10.32,Online,Personal Loan,0,0.3219698223144534,776,0,0,0,B,0,0.0,703.2924,0.0
37,87736.46,17,618.0,0.564,0.615,0,21924.66,60,17.79,Partner,Personal Loan,0,0.5826354859241374,18513,0,0,0,A,0,0.0,2630.9592,0.0
45,73873.23,6,699.0,0.223,0.158,0,25621.26,36,5.0,Branch,Personal Loan,0,0.1480056040299094,3388,0,1,1,B,1,0.0,3074.5512,3074.5512
36,38598.93,15,672.0,0.314,0.544,0,13579.18,36,6.27,Branch,Auto Refi,1,0.2172530122482472,13566,0,1,0,B,0,8147.508,1629.5016,0.0
64,73960.14,14,765.0,0.225,0.595,0,15717.16,60,5.0,Online,Auto Refi,0,0.0753115745136423,13646,0,1,1,A,1,0.0,1886.0592,1886.0592
39,85253.22,12,564.0,0.509,0.65,1,26990.11,36,25.0,Online,Debt Consolidation,0,0.7891515809038453,6094,0,0,0,B,0,0.0,3238.8132,0.0
58,60545.4,17,683.0,0.332,0.315,0,7062.5,60,5.0,Online,Debt Consolidation,0,0.1581076487361562,14068,0,1,1,A,1,0.0,847.5,847.5
49,65140.76,16,643.0,0.185,0.655,0,6618.1,36,7.81,Partner,Personal Loan,0,0.3005228450095724,4637,0,1,0,A,1,0.0,794.172,794.172
46,77321.49,3,722.0,0.512,0.641,3,11968.67,36,25.0,Online,Debt Consolidation,1,0.7887663637833103,9072,1,0,0,B,0,7181.202,1436.2404,0.0
36,76610.62,0,571.0,0.372,0.477,0,26536.02,36,17.56,Branch,Debt Consolidation,1,0.5344186826641827,17779,0,0,0,B,0,15921.612,3184.3224,0.0
36,90477.72,7,779.0,0.37,0.628,0,11667.12,60,5.0,Branch,Personal Loan,1,0.0827962309847529,6021,0,1,1,B,1,7000.272,1400.0544,-5600.2176
65,83017.6,12,684.0,0.225,0.557,1,17622.29,36,7.59,Online,Auto Refi,1,0.2084569016026575,13708,0,1,0,B,0,10573.374,2114.6748000000002,0.0
62,53605.77,9,667.0,0.228,0.454,0,25591.7,36,5.0,Branch,Personal Loan,0,0.1678714777600331,9499,0,1,1,B,1,0.0,3071.004,3071.004
64,88276.07,6,633.0,0.498,0.553,0,20299.15,36,13.82,Online,Auto Refi,0,0.4095995546294695,11260,0,0,0,B,0,0.0,2435.898,0.0
61,67716.41,0,561.0,0.551,0.335,2,7281.77,36,25.0,Online,Auto Refi,1,0.8058767934048149,15856,0,0,0,A,0,4369.062,873.8124,0.0
21,48799.43,9,735.0,0.304,0.005,0,9803.51,60,5.0,Branch,Personal Loan,0,0.1073953659996953,16850,0,1,1,A,1,0.0,1176.4212,1176.4212
26,37987.32,9,480.0,0.421,0.355,0,6856.46,36,25.0,Online,Personal Loan,1,0.7721919138156073,2920,0,0,0,B,0,4113.876,822.7751999999999,0.0
68,92503.79,15,744.0,0.3,0.323,1,2000.0,60,5.0,Online,Auto Refi,0,0.1088284341864332,8290,0,1,1,A,1,0.0,240.0,240.0
48,84431.5,5,699.0,0.239,0.165,1,5161.54,36,5.0,Online,Auto Refi,0,0.1626062084503911,16951,0,1,1,B,1,0.0,619.3847999999999,619.3847999999999
66,90473.01,20,644.0,0.448,0.178,0,6588.74,36,7.75,Online,Personal Loan,0,0.2283419806248233,17199,0,0,0,A,0,0.0,790.6487999999999,0.0
49,68895.21,22,723.0,0.407,0.491,0,17128.96,36,5.0,Online,Auto Refi,0,0.158349666261529,17852,0,0,1,A,0,0.0,2055.4752,0.0
37,25727.98,12,690.0,0.325,0.705,0,5889.94,36,6.35,Partner,Personal Loan,0,0.2244765093625457,10387,0,1,0,A,1,0.0,706.7927999999999,706.7927999999999
42,51697.86,9,617.0,0.365,0.737,0,16804.07,60,15.01,Online,Personal Loan,0,0.4587972797846052,14113,0,0,0,B,0,0.0,2016.4884,0.0
35,84069.87,20,696.0,0.167,0.727,0,14329.98,36,5.0,Online,Personal Loan,0,0.1541938812442505,7625,0,1,1,A,1,0.0,1719.5975999999998,1719.5975999999998
56,57572.58,19,660.0,0.222,0.552,0,25105.71,60,5.94,Online,Auto Refi,1,0.2042906627938578,18719,0,1,0,B,0,15063.426,3012.6852,0.0
47,83249.82,19,680.0,0.367,0.534,0,2150.44,36,6.33,Partner,Auto Refi,0,0.2333110554780103,8475,0,1,0,A,1,0.0,258.0528,258.0528
28,52851.32,3,760.0,0.351,0.455,0,10683.36,36,5.0,Branch,Personal Loan,0,0.0920749508645376,1019,0,1,1,A,1,0.0,1282.0032,1282.0032
46,29194.58,21,743.0,0.434,0.549,1,19677.5,60,5.73,Branch,Auto Refi,1,0.1708089522283685,12996,0,0,1,A,0,11806.5,2361.2999999999997,0.0
63,78673.36,16,607.0,0.232,0.343,0,9127.12,36,9.06,Online,Personal Loan,0,0.2809881037964615,7981,0,0,0,A,0,0.0,1095.2544,0.0
32,126194.13,11,747.0,0.325,0.463,0,8135.13,36,5.0,Partner,Personal Loan,0,0.0550262919111911,7806,0,1,1,A,1,0.0,976.2156,976.2156
64,42477.2,10,799.0,0.373,0.501,0,12778.54,36,5.0,Online,Debt Consolidation,0,0.07892978071492,16075,0,1,1,B,1,0.0,1533.4248,1533.4248
46,77480.32,1,617.0,0.224,0.368,0,17053.54,60,8.21,Online,Auto Refi,1,0.2611343000531315,9137,0,0,0,B,0,10232.124,2046.4248,0.0
66,70598.49,18,718.0,0.206,0.319,1,22748.58,36,5.0,Online,Personal Loan,0,0.1470768280968427,5324,0,1,1,A,1,0.0,2729.8296,2729.8296
63,71182.33,16,693.0,0.298,0.463,0,10790.14,36,5.0,Online,Debt Consolidation,0,0.1690452927396901,14102,0,1,1,A,1,0.0,1294.8167999999998,1294.8167999999998
43,62218.67,12,574.0,0.346,0.177,1,15862.72,36,18.01,Branch,Auto Refi,0,0.5057971161596154,11933,0,0,0,A,0,0.0,1903.5263999999997,0.0
27,97493.61,2,650.0,0.42,0.232,1,22804.85,60,11.4,Branch,Auto Refi,0,0.3772076228473968,18612,0,0,0,A,0,0.0,2736.582,0.0
60,65082.91,1,555.0,0.108,0.131,0,21269.43,36,9.87,Partner,Personal Loan,1,0.2870615689740631,13877,0,0,0,B,0,12761.658,2552.3316,0.0
56,42531.65,7,661.0,0.571,0.638,0,22562.01,60,13.19,Online,Auto Refi,0,0.4742745528086825,15650,0,0,0,A,0,0.0,2707.4411999999998,0.0
29,51827.87,16,659.0,0.213,0.634,3,18126.43,60,20.35,Partner,Personal Loan,0,0.5733951058673407,19724,0,0,0,B,0,0.0,2175.1716,0.0
25,24363.11,19,606.0,0.36,0.589,1,8773.89,60,19.39,Partner,Personal Loan,0,0.5991985959250095,4182,0,0,0,A,0,0.0,1052.8667999999998,0.0
23,71788.72,11,659.0,0.217,0.097,0,2375.26,36,5.0,Online,Debt Consolidation,0,0.1288373005222688,6670,0,1,1,B,1,0.0,285.0312,285.0312
21,84742.61,16,709.0,0.332,0.347,0,18209.81,60,5.0,Branch,Debt Consolidation,0,0.1337081236663577,16501,0,1,1,A,1,0.0,2185.1772,2185.1772
58,61974.7,11,704.0,0.092,0.372,0,10515.1,60,5.0,Online,Debt Consolidation,0,0.1438104902975571,15804,0,1,1,A,1,0.0,1261.812,1261.812
50,45932.72,2,689.0,0.227,0.625,1,15786.61,60,7.76,Partner,Personal Loan,1,0.313033836341638,6198,0,1,0,B,0,9471.966,1894.3932,0.0
28,53039.48,16,539.0,0.334,0.404,1,5180.6,36,24.4,Branch,Auto Refi,1,0.6719650570395769,17979,0,0,0,A,0,3108.36,621.672,0.0
41,57214.0,17,680.0,0.308,0.136,1,15266.12,60,5.61,Online,Personal Loan,1,0.1755916663679158,19148,0,1,1,A,1,9159.672,1831.9344,-7327.7376
37,103499.12,8,628.0,0.412,0.39,0,17250.11,36,10.83,Online,Debt Consolidation,1,0.4217891706019291,9430,0,0,0,A,0,10350.066,2070.0132,0.0
35,60082.47,13,748.0,0.259,0.88,1,16713.7,60,5.4,Online,Personal Loan,0,0.1732780993711261,10049,0,1,1,B,1,0.0,2005.644,2005.644
40,57426.04,18,647.0,0.53,0.342,0,15758.56,36,10.58,Online,Personal Loan,0,0.3622456886168292,5369,0,0,0,A,0,0.0,1891.0271999999998,0.0
50,40447.59,12,705.0,0.304,0.584,0,7925.6,36,5.0,Branch,Auto Refi,0,0.1640263149444866,9985,0,1,1,A,1,0.0,951.072,951.072
52,55063.72,4,539.0,0.346,0.38,0,3475.46,60,19.64,Branch,Debt Consolidation,0,0.6077342359812086,4541,0,0,0,B,0,0.0,417.0552,0.0
63,77372.6,18,808.0,0.432,0.674,1,18396.02,36,5.0,Online,Personal Loan,0,0.0891601798283915,14082,0,0,1,B,1,0.0,2207.5224,2207.5224
50,57459.87,20,793.0,0.279,0.549,0,21385.31,60,5.0,Online,Personal Loan,0,0.0826021096411443,16030,0,1,1,B,1,0.0,2566.2372,2566.2372
53,69600.02,9,597.0,0.384,0.258,0,13635.35,36,12.21,Branch,Personal Loan,0,0.4039744070970098,8071,0,0,0,A,0,0.0,1636.242,0.0
44,75559.72,8,663.0,0.504,0.551,0,17723.69,60,10.57,Branch,Debt Consolidation,1,0.3195101748659259,4969,0,0,0,A,0,10634.213999999998,2126.8428,0.0
49,63117.21,9,770.0,0.347,0.492,0,17133.6,36,5.0,Branch,Debt Consolidation,0,0.0841915860789618,16480,0,1,1,A,1,0.0,2056.0319999999997,2056.0319999999997
29,61850.96,6,670.0,0.26,0.089,1,11798.41,36,5.36,Online,Auto Refi,0,0.1537137413904207,2366,0,1,1,B,1,0.0,1415.8092,1415.8092
38,30214.32,11,718.0,0.351,0.352,1,25427.43,36,5.0,Online,Personal Loan,1,0.1593197805743991,13822,0,1,1,A,1,15256.457999999999,3051.2916,-12205.166399999998
41,107395.97,12,667.0,0.165,0.779,0,5167.03,36,6.42,Online,Auto Refi,0,0.2363060111431591,616,0,1,0,A,1,0.0,620.0436,620.0436
39,81150.89,18,752.0,0.348,0.557,0,18767.55,36,5.0,Online,Debt Consolidation,0,0.1017580443392116,14071,0,1,1,B,1,0.0,2252.1059999999998,2252.1059999999998
68,67789.53,9,760.0,0.198,0.575,0,4549.5,36,5.0,Partner,Personal Loan,0,0.0872207460351852,9385,0,1,1,B,1,0.0,545.9399999999999,545.9399999999999
32,73769.12,1,708.0,0.516,0.741,0,15895.08,36,8.17,Online,Personal Loan,0,0.2716289362556049,6657,0,0,0,B,0,0.0,1907.4096,0.0
31,44203.76,17,758.0,0.207,0.0,1,9036.16,36,5.0,Online,Personal Loan,0,0.0982838547356344,16734,0,1,1,B,1,0.0,1084.3392,1084.3392
36,104731.48,2,625.0,0.155,0.195,0,8632.01,60,17.91,Online,Personal Loan,1,0.527741557190713,1596,1,0,0,B,0,5179.206,1035.8412,0.0
31,62879.76,21,659.0,0.476,0.585,0,15107.95,36,10.81,Branch,Debt Consolidation,1,0.3589054227698803,3412,0,0,0,A,0,9064.77,1812.954,0.0
63,94890.36,10,687.0,0.23,0.308,0,3382.17,36,13.59,Online,Personal Loan,0,0.349773882872386,10282,1,0,0,B,0,0.0,405.86039999999997,0.0
27,61936.11,22,630.0,0.166,0.181,0,22312.68,60,5.0,Online,Auto Refi,0,0.160215343054046,8215,0,0,1,A,0,0.0,2677.5216,0.0
45,66953.05,23,572.0,0.471,0.853,0,19128.05,36,23.83,Online,Personal Loan,0,0.7413237890204462,1922,0,0,0,A,0,0.0,2295.366,0.0
51,74539.42,11,782.0,0.312,0.282,0,6039.99,36,5.0,Branch,Personal Loan,0,0.073302474550323,12267,0,1,1,B,1,0.0,724.7987999999999,724.7987999999999
55,60905.61,9,540.0,0.555,0.342,1,14178.67,36,25.0,Branch,Debt Consolidation,1,0.789126132145715,18494,0,0,0,B,0,8507.202,1701.4404,0.0
55,65327.31,2,731.0,0.368,0.351,0,16655.42,36,11.9,Online,Personal Loan,1,0.2888601954263591,15937,1,0,0,B,0,9993.251999999999,1998.6503999999998,0.0
25,79114.61,4,699.0,0.104,0.449,3,3649.99,36,11.13,Partner,Debt Consolidation,1,0.2636369288041105,10309,0,0,0,A,0,2189.9939999999997,437.99879999999996,0.0
52,51474.8,6,612.0,0.35,0.297,0,13908.32,60,10.31,Branch,Auto Refi,1,0.3177483778637279,18677,0,0,0,B,0,8344.992,1668.9984,0.0
29,56713.99,20,830.0,0.318,0.219,0,10332.21,60,5.0,Partner,Personal Loan,0,0.0478325074597796,14018,0,1,1,B,1,0.0,1239.8652,1239.8652
33,67477.17,15,794.0,0.412,0.71,0,4026.97,36,5.0,Online,Personal Loan,0,0.0754472763975459,19878,0,0,1,B,1,0.0,483.23639999999995,483.23639999999995
57,62499.14,11,709.0,0.486,0.783,0,19413.41,36,22.14,Online,Personal Loan,1,0.6728709146783057,12309,1,0,0,B,0,11648.046,2329.6092,0.0
36,51309.15,16,607.0,0.256,0.455,1,7112.34,36,15.5,Online,Personal Loan,0,0.4658490154104415,10501,0,0,0,B,0,0.0,853.4807999999999,0.0
46,71115.24,12,667.0,0.263,0.285,0,13585.76,36,5.0,Partner,Auto Refi,0,0.1444507348506676,11256,0,1,1,A,1,0.0,1630.2912,1630.2912
40,55667.56,5,626.0,0.435,0.205,2,4943.99,36,19.05,Online,Debt Consolidation,1,0.609234003506651,855,0,0,0,A,0,2966.394,593.2787999999999,0.0
68,84242.18,8,727.0,0.443,0.319,0,16939.97,36,5.0,Online,Personal Loan,0,0.1071599193947141,10368,0,0,1,A,0,0.0,2032.7964000000002,0.0
30,20000.0,1,597.0,0.424,0.98,0,9953.41,60,21.6,Online,Personal Loan,0,0.7833242195924724,9054,0,0,0,B,0,0.0,1194.4091999999998,0.0
55,71150.06,12,695.0,0.321,0.578,0,12500.22,36,5.0,Branch,Auto Refi,1,0.1589166566750146,19842,0,1,1,B,1,7500.132,1500.0264,-6000.1056
62,74227.69,8,752.0,0.38,0.669,0,10638.37,60,5.0,Online,Personal Loan,0,0.1080136794193406,14600,0,1,1,B,1,0.0,1276.6044,1276.6044
50,83645.02,4,672.0,0.358,0.624,0,22586.05,36,7.73,Online,Auto Refi,1,0.2857346746184106,15723,0,1,0,A,1,13551.63,2710.326,-10841.304
50,47813.99,9,588.0,0.381,0.53,0,14455.9,36,16.42,Partner,Debt Consolidation,0,0.5219644744378825,19147,0,0,0,B,0,0.0,1734.7079999999999,0.0
65,25953.92,16,636.0,0.295,0.846,0,11735.16,60,12.6,Branch,Personal Loan,1,0.4575303086547166,11447,0,0,0,B,0,7041.096,1408.2192,0.0
22,63755.66,10,682.0,0.36,0.291,1,14292.02,60,7.62,Branch,Personal Loan,0,0.2347682138099659,6860,0,1,0,B,0,0.0,1715.0424,0.0
33,65408.04,8,647.0,0.346,0.37,0,26856.91,60,21.58,Online,Debt Consolidation,1,0.5685577133177344,19160,1,0,0,A,0,16114.145999999999,3222.8291999999997,0.0
31,104710.69,6,711.0,0.284,0.355,0,22152.95,60,5.0,Partner,Debt Consolidation,0,0.140742958382603,1018,0,1,1,B,1,0.0,2658.354,2658.354
28,95112.86,13,615.0,0.423,0.285,0,3471.51,60,11.32,Online,Personal Loan,0,0.3274590969574582,2879,0,0,0,A,0,0.0,416.5812,0.0
55,60235.1,6,623.0,0.079,0.566,0,8578.95,36,7.04,Branch,Personal Loan,0,0.2408718331971017,11928,0,0,0,B,0,0.0,1029.4740000000002,0.0
31,61227.62,21,788.0,0.188,0.507,0,14354.33,60,5.0,Online,Auto Refi,0,0.0785835817970307,8802,0,1,1,A,1,0.0,1722.5195999999999,1722.5195999999999
46,54455.1,2,722.0,0.389,0.587,0,7918.03,36,5.0,Online,Personal Loan,0,0.1360215126891667,14021,0,1,1,A,1,0.0,950.1636,950.1636
54,52387.09,21,658.0,0.482,0.172,0,12932.85,60,6.98,Online,Personal Loan,0,0.2565724084793178,3275,0,0,0,A,0,0.0,1551.942,0.0
29,46396.53,5,830.0,0.432,0.927,0,14643.35,36,5.0,Online,Personal Loan,0,0.316437917417548,13000,0,0,0,B,0,0.0,1757.202,0.0
64,77044.89,10,742.0,0.271,0.159,0,13254.34,60,5.0,Online,Personal Loan,0,0.0810196185470128,7768,0,1,1,B,1,0.0,1590.5208,1590.5208
45,83951.14,4,660.0,0.293,0.298,0,5757.71,60,5.02,Branch,Personal Loan,0,0.1606378515169491,12317,0,1,1,A,1,0.0,690.9252,690.9252
68,35942.24,13,746.0,0.304,0.807,0,20411.53,36,5.0,Online,Personal Loan,0,0.0981322789178794,7895,0,1,1,A,1,0.0,2449.3835999999997,2449.3835999999997
49,71705.22,22,573.0,0.328,0.594,0,23410.39,36,17.74,Branch,Personal Loan,1,0.5893601476124741,13693,0,0,0,B,0,14046.233999999999,2809.2468,0.0
63,74811.96,23,559.0,0.518,0.28,0,18862.82,36,19.9,Online,Personal Loan,1,0.6088854129993468,9328,0,0,0,B,0,11317.692,2263.5384,0.0
42,58194.87,6,663.0,0.352,0.592,0,19820.76,36,8.19,Online,Personal Loan,0,0.2659410852193578,16868,0,1,0,A,1,0.0,2378.4912,2378.4912
26,98321.7,17,696.0,0.342,0.387,0,8865.61,36,5.0,Online,Debt Consolidation,0,0.1551494587696406,2445,0,1,1,B,1,0.0,1063.8732,1063.8732
58,75321.81,21,671.0,0.491,0.635,0,15538.15,36,10.39,Partner,Debt Consolidation,1,0.3459155625183848,2768,0,0,0,B,0,9322.89,1864.578,0.0
38,53763.08,4,596.0,0.278,0.453,0,17628.92,60,12.36,Online,Personal Loan,0,0.4158199226206404,574,0,0,0,B,0,0.0,2115.4703999999997,0.0
42,36988.07,8,643.0,0.489,0.535,1,20308.8,60,17.23,Branch,Personal Loan,0,0.5745485444309358,2015,0,0,0,B,0,0.0,2437.056,0.0
69,47767.71,16,607.0,0.302,0.874,0,8904.19,60,16.44,Online,Auto Refi,0,0.5117253469756009,5823,0,0,0,A,0,0.0,1068.5028,0.0
30,57386.97,5,743.0,0.308,0.491,0,16085.21,60,5.0,Online,Auto Refi,0,0.0996119188367726,5231,0,1,1,B,1,0.0,1930.2251999999999,1930.2251999999999
35,83916.14,3,656.0,0.258,0.588,0,12549.34,60,21.17,Branch,Auto Refi,1,0.5662361671705098,19381,1,0,0,B,0,7529.603999999999,1505.9207999999999,0.0
55,72927.97,11,768.0,0.34,0.583,0,15036.06,36,5.0,Online,Personal Loan,0,0.0830189124022878,1589,0,1,1,A,1,0.0,1804.3272,1804.3272
46,48620.04,0,682.0,0.446,0.8,0,23489.17,36,10.13,Partner,Auto Refi,0,0.2749597687289391,18954,0,0,0,A,0,0.0,2818.7003999999997,0.0
41,50104.16,9,653.0,0.132,0.447,0,11680.42,36,5.0,Online,Debt Consolidation,0,0.1511780975283288,14368,0,1,1,B,1,0.0,1401.6504,1401.6504
22,89330.67,10,701.0,0.367,0.762,0,14205.56,36,6.52,Partner,Personal Loan,1,0.2203485440275612,14303,0,1,0,B,0,8523.336,1704.6671999999999,0.0
45,59879.3,21,776.0,0.297,0.54,0,14882.03,60,5.0,Online,Personal Loan,0,0.0768734898682361,13571,0,1,1,B,1,0.0,1785.8436,1785.8436
68,67414.88,23,640.0,0.33,0.488,0,25935.72,36,9.02,Online,Debt Consolidation,1,0.2980730525310655,15819,0,1,0,B,0,15561.432,3112.2864,0.0
56,72290.22,6,722.0,0.279,0.129,1,11360.57,60,5.0,Online,Personal Loan,0,0.1548942874114726,14276,0,1,1,A,1,0.0,1363.2684,1363.2684
48,57423.02,0,740.0,0.37,0.417,1,5682.09,36,5.0,Online,Personal Loan,1,0.1192626970147508,18329,0,1,1,A,1,3409.254,681.8507999999999,-2727.4031999999997
57,80286.01,23,660.0,0.371,0.533,0,11336.88,36,8.23,Online,Debt Consolidation,0,0.2682342117125055,11009,0,1,0,A,1,0.0,1360.4255999999998,1360.4255999999998
68,61640.38,0,789.0,0.362,0.381,0,29600.69,36,5.0,Partner,Debt Consolidation,0,0.0520672151070476,16461,0,1,1,B,1,0.0,3552.0827999999997,3552.0827999999997
23,49786.35,15,617.0,0.132,0.427,0,13734.58,36,7.19,Partner,Auto Refi,0,0.2157815095446613,10044,0,0,0,B,0,0.0,1648.1496,0.0
60,63717.77,3,627.0,0.171,0.367,0,11048.66,36,6.36,Branch,Personal Loan,0,0.2367848744853143,3602,0,0,0,B,0,0.0,1325.8392,0.0
64,57014.75,21,751.0,0.132,0.695,0,9248.82,36,5.0,Online,Personal Loan,0,0.1126738011441745,8211,0,1,1,B,1,0.0,1109.8583999999998,1109.8583999999998
54,55941.55,10,609.0,0.356,0.399,0,23063.94,36,11.88,Online,Debt Consolidation,0,0.394511742915473,3428,0,0,0,A,0,0.0,2767.6728,0.0
44,55670.84,0,707.0,0.246,0.139,0,17096.11,36,5.0,Partner,Debt Consolidation,0,0.1225354149970984,19452,0,1,1,A,1,0.0,2051.5332,2051.5332
54,53733.9,4,616.0,0.138,0.689,1,8618.63,36,14.58,Online,Debt Consolidation,0,0.4235723539845787,13449,0,0,0,B,0,0.0,1034.2356,0.0
58,60925.94,18,695.0,0.297,0.622,1,9736.49,60,8.4,Online,Personal Loan,0,0.3844176878078345,3907,0,1,0,A,1,0.0,1168.3788,1168.3788
66,57454.93,16,608.0,0.38,0.364,1,14011.18,36,16.9,Online,Personal Loan,0,0.5076621882931345,798,0,0,0,B,0,0.0,1681.3416,0.0
54,45156.63,5,769.0,0.295,0.512,0,17114.47,60,5.0,Branch,Auto Refi,0,0.0852335226884298,8374,0,1,1,B,1,0.0,2053.7364000000002,2053.7364000000002
24,71991.63,18,604.0,0.287,0.33,0,2000.0,36,10.34,Online,Personal Loan,0,0.3046979628284042,18925,0,0,0,A,0,0.0,240.0,0.0
33,82134.42,1,670.0,0.389,0.442,0,27596.95,60,6.81,Online,Personal Loan,0,0.2487569040562602,13329,0,1,0,B,0,0.0,3311.634,0.0
41,55907.64,12,830.0,0.3,0.116,0,12826.91,60,5.0,Branch,Debt Consolidation,0,0.0337568426035756,16786,0,1,1,B,1,0.0,1539.2292,1539.2292
66,66384.08,8,644.0,0.472,0.633,0,11977.85,36,12.93,Branch,Auto Refi,0,0.4568201880673861,2961,0,0,0,A,0,0.0,1437.342,0.0
66,73360.98,18,587.0,0.349,0.635,1,17943.18,36,21.95,Online,Debt Consolidation,0,0.6450446545771196,2426,0,0,0,B,0,0.0,2153.1816,0.0
38,63382.92,0,556.0,0.397,0.651,0,6717.17,60,21.9,Online,Personal Loan,1,0.624474531835833,18091,0,0,0,B,0,4030.3019999999997,806.0604,0.0
67,61437.81,7,774.0,0.218,0.446,0,22490.76,36,5.0,Online,Auto Refi,0,0.0768233076350127,3809,0,1,1,A,1,0.0,2698.8911999999996,2698.8911999999996
39,101742.04,11,746.0,0.426,0.515,0,14418.79,60,5.0,Online,Auto Refi,0,0.1080215750410361,15638,0,0,1,B,1,0.0,1730.2548,1730.2548
21,76150.38,17,737.0,0.387,0.216,0,2000.0,36,5.0,Online,Debt Consolidation,0,0.0970377782643235,7318,0,1,1,A,1,0.0,240.0,240.0
38,89182.88,10,673.0,0.633,0.436,0,19782.1,60,10.78,Online,Personal Loan,0,0.3950946051108396,9364,0,0,0,B,0,0.0,2373.852,0.0
56,94800.07,5,719.0,0.287,0.436,0,18303.58,36,12.52,Partner,Personal Loan,0,0.3795843391768224,14187,1,0,0,A,0,0.0,2196.4296,0.0
60,53713.74,8,631.0,0.402,0.801,1,8519.75,60,19.93,Online,Auto Refi,1,0.6917725027716718,14653,0,0,0,A,0,5111.849999999999,1022.37,0.0
34,57070.52,10,617.0,0.311,0.492,0,19634.52,60,11.09,Branch,Personal Loan,1,0.3709620997755122,4606,0,0,0,A,0,11780.712,2356.1424,0.0
44,80353.43,24,643.0,0.378,0.428,0,20852.94,60,8.94,Online,Personal Loan,1,0.3436266842197,10130,0,1,0,B,0,12511.764,2502.3527999999997,0.0
37,86612.13,8,729.0,0.525,0.748,0,2000.0,36,6.48,Online,Personal Loan,1,0.1724980003255589,14537,0,0,1,A,0,1200.0,240.0,0.0
56,45678.44,20,830.0,0.244,0.19,2,19201.25,60,5.0,Online,Debt Consolidation,1,0.0701044505998452,15283,0,0,1,A,0,11520.75,2304.15,0.0
60,43739.02,24,625.0,0.364,0.62,0,7942.98,60,12.72,Online,Personal Loan,1,0.3995764616178391,15764,0,0,0,A,0,4765.788,953.1575999999999,0.0
61,83571.97,8,668.0,0.382,0.305,0,20432.86,60,5.7,Online,Auto Refi,0,0.1894545138709632,10319,0,1,0,A,1,0.0,2451.9432,2451.9432
47,93462.54,19,662.0,0.227,0.421,0,8588.62,60,5.0,Online,Personal Loan,0,0.1517566994514323,2901,0,1,1,A,1,0.0,1030.6344000000001,1030.6344000000001
38,77469.28,11,539.0,0.263,0.452,1,12742.57,36,23.52,Branch,Personal Loan,1,0.6759783865863287,7671,0,0,0,B,0,7645.5419999999995,1529.1083999999998,0.0
33,105299.27,6,689.0,0.303,0.661,0,2559.51,60,5.72,Branch,Debt Consolidation,0,0.1506035902592835,11885,0,1,1,B,1,0.0,307.1412,307.1412
21,72999.05,21,749.0,0.445,0.36,0,17816.73,36,5.0,Branch,Debt Consolidation,0,0.1003105158606003,13756,0,0,1,B,1,0.0,2138.0076,2138.0076
50,110141.67,7,770.0,0.36,0.476,1,19260.95,36,5.0,Online,Auto Refi,0,0.1052120143107852,17740,0,1,1,B,1,0.0,2311.314,2311.314
27,80840.83,16,741.0,0.448,0.571,0,19488.56,60,5.0,Online,Personal Loan,1,0.0978127858685084,14246,0,0,1,B,1,11693.136,2338.6272,-9354.5088
64,89039.66,12,796.0,0.335,0.615,0,4846.81,36,5.0,Online,Personal Loan,0,0.0693748915202357,15648,0,1,1,B,1,0.0,581.6172,581.6172
27,67231.72,20,644.0,0.321,0.23,0,12791.98,36,19.69,Online,Auto Refi,0,0.5667029492030368,19549,1,0,0,B,0,0.0,1535.0375999999999,0.0
55,68239.98,1,705.0,0.424,0.821,0,16403.1,60,7.59,Online,Personal Loan,0,0.3079781286669915,5206,0,0,0,A,0,0.0,1968.3719999999998,0.0
60,78349.92,6,706.0,0.358,0.33,2,8852.46,36,9.68,Online,Personal Loan,0,0.2869727546384535,12485,0,0,0,B,0,0.0,1062.2951999999998,0.0
27,79804.65,14,763.0,0.4,0.854,1,10393.8,36,6.1,Online,Auto Refi,0,0.2261139950504027,17548,0,1,0,A,1,0.0,1247.2559999999999,1247.2559999999999
23,101774.58,24,636.0,0.182,0.698,1,15893.69,60,13.34,Online,Personal Loan,0,0.4903616448599214,1991,0,0,0,A,0,0.0,1907.2428,0.0
31,35110.65,15,637.0,0.292,0.572,0,20788.02,36,9.48,Online,Debt Consolidation,0,0.313338603355787,9834,0,0,0,B,0,0.0,2494.5624,0.0
65,72289.99,10,668.0,0.084,0.609,0,19001.99,36,5.0,Branch,Personal Loan,0,0.1388512265624416,16147,0,1,1,A,1,0.0,2280.2388,2280.2388
23,43076.8,10,583.0,0.342,0.522,0,28729.44,60,16.07,Online,Auto Refi,1,0.5630123069554592,19875,0,0,0,A,0,17237.663999999997,3447.5327999999995,0.0
23,59957.12,5,691.0,0.15,0.18,0,2000.0,36,5.0,Online,Debt Consolidation,0,0.1279633271611936,3213,0,1,1,A,1,0.0,240.0,240.0
25,57557.58,3,742.0,0.506,0.588,0,22756.58,36,5.0,Online,Personal Loan,1,0.1146129710559933,18509,0,0,1,A,0,13653.948,2730.7896,0.0
40,87753.61,24,756.0,0.438,0.44,0,12786.18,36,5.0,Branch,Auto Refi,0,0.1178153607167647,11781,0,0,1,B,1,0.0,1534.3416,1534.3416
62,62828.75,16,614.0,0.377,0.414,1,8008.93,36,25.0,Branch,Auto Refi,1,0.7495036446812071,13165,1,0,0,B,0,4805.358,961.0716,0.0
69,48961.27,11,570.0,0.331,0.21,1,5825.88,36,18.59,Online,Auto Refi,1,0.5572387943285586,14457,0,0,0,B,0,3495.528,699.1056,0.0
25,72621.3,13,830.0,0.368,0.209,1,24903.66,36,5.0,Online,Debt Consolidation,0,0.0587178947158474,3185,0,1,1,B,1,0.0,2988.4392,2988.4392
68,68947.43,18,765.0,0.444,0.53,0,22217.41,36,5.0,Partner,Personal Loan,0,0.0847677640739214,8565,0,0,1,B,1,0.0,2666.0892,2666.0892
31,44954.93,4,665.0,0.32,0.82,0,15981.34,60,9.64,Online,Personal Loan,0,0.3291127145686529,11050,0,1,0,B,0,0.0,1917.7608,0.0
60,44720.16,10,659.0,0.387,0.446,0,19392.9,60,7.74,Online,Debt Consolidation,0,0.2805828858192289,3358,0,1,0,B,0,0.0,2327.148,0.0
35,48971.74,9,662.0,0.367,0.004,0,15851.04,60,5.0,Online,Personal Loan,0,0.1481310403358263,18912,0,1,1,B,1,0.0,1902.1248,1902.1248
30,92068.17,7,641.0,0.356,0.624,0,17431.21,36,10.87,Branch,Auto Refi,0,0.3511252933528433,3661,0,1,0,B,0,0.0,2091.7452,0.0
53,29272.26,0,600.0,0.39,0.498,0,17053.67,36,14.82,Branch,Personal Loan,0,0.5183329638105222,1309,0,0,0,B,0,0.0,2046.4403999999997,0.0
59,31884.6,23,635.0,0.563,0.338,1,15815.77,36,17.47,Online,Auto Refi,0,0.604891648424744,9333,0,0,0,A,0,0.0,1897.8924,0.0
68,66751.22,24,689.0,0.188,0.362,0,22478.45,60,5.0,Online,Personal Loan,0,0.1493324615176223,14067,0,1,1,B,1,0.0,2697.414,2697.414
50,69705.45,22,720.0,0.365,0.301,0,20647.54,36,5.0,Online,Auto Refi,0,0.1445812965524054,7276,0,1,1,A,1,0.0,2477.7048,2477.7048
66,80080.33,18,635.0,0.233,0.508,0,15425.13,36,22.1,Online,Personal Loan,1,0.5864350366589335,18500,1,0,0,A,0,9255.078,1851.0155999999997,0.0
41,41786.19,4,528.0,0.101,0.644,1,7692.64,60,23.6,Online,Personal Loan,1,0.4709605664722551,13383,0,0,0,A,0,4615.584,923.1168,0.0
58,78011.04,23,689.0,0.314,0.274,0,13477.39,60,5.0,Online,Auto Refi,1,0.1443397494088241,10531,0,1,1,A,1,8086.433999999999,1617.2867999999999,-6469.147199999999
34,37687.09,7,830.0,0.319,0.559,0,34670.46,60,5.0,Online,Personal Loan,0,0.0463712861718385,12908,0,1,1,B,1,0.0,4160.455199999999,4160.455199999999
26,66177.27,24,690.0,0.192,0.291,1,18417.77,60,17.13,Branch,Auto Refi,1,0.5174946492220888,14036,1,0,0,A,0,11050.662,2210.1324,0.0
62,36673.18,14,609.0,0.245,0.382,0,9699.63,60,9.49,Branch,Debt Consolidation,0,0.305185038032318,17778,0,0,0,B,0,0.0,1163.9555999999998,0.0
65,75510.17,6,740.0,0.274,0.837,0,10971.82,36,5.0,Partner,Personal Loan,0,0.1232449784272258,9859,0,1,1,B,1,0.0,1316.6183999999998,1316.6183999999998
68,54725.42,23,784.0,0.565,0.377,0,21066.49,60,5.0,Branch,Debt Consolidation,0,0.0989945562150142,5166,0,0,1,A,0,0.0,2527.9788000000003,0.0
22,57964.17,16,799.0,0.382,0.741,0,21030.56,36,5.0,Online,Personal Loan,0,0.0845172531843658,277,0,1,1,B,1,0.0,2523.6672,2523.6672
61,112428.21,24,649.0,0.32,0.0,0,24809.05,36,5.0,Online,Debt Consolidation,0,0.3503365818160912,14061,0,1,0,A,1,0.0,2977.086,2977.086
65,63235.74,2,651.0,0.28,0.14,0,12093.11,36,5.0,Partner,Personal Loan,0,0.1463025988988849,16551,0,1,1,A,1,0.0,1451.1732,1451.1732
52,37908.01,10,633.0,0.254,0.213,0,16455.27,36,5.86,Online,Auto Refi,0,0.1969250586140263,17960,0,0,0,B,0,0.0,1974.6324,0.0
41,75684.66,1,669.0,0.33,0.503,0,24872.47,60,6.48,Partner,Debt Consolidation,0,0.219347379181954,8057,0,1,0,B,0,0.0,2984.6964,0.0
40,38866.27,12,720.0,0.243,0.652,0,18783.97,36,5.0,Online,Personal Loan,0,0.1269534466079291,6347,0,1,1,A,1,0.0,2254.0764,2254.0764
21,55023.48,22,611.0,0.17,0.351,0,8905.26,60,7.64,Branch,Personal Loan,0,0.255667248933432,18136,0,0,0,B,0,0.0,1068.6312,0.0
59,79537.05,16,790.0,0.337,0.616,0,12582.71,60,5.0,Online,Auto Refi,1,0.078867288582514,207,0,1,1,B,1,7549.625999999999,1509.9252,-6039.7008
41,97076.63,18,749.0,0.171,0.88,0,25419.96,60,5.0,Online,Debt Consolidation,1,0.1063534045781692,2311,0,1,1,B,1,15251.975999999999,3050.3952,-12201.5808
32,41362.43,14,617.0,0.332,0.313,0,18891.14,36,9.62,Branch,Personal Loan,0,0.3177435542055585,15118,0,0,0,A,0,0.0,2266.9368,0.0
43,74479.57,20,657.0,0.191,0.686,1,22927.34,36,11.01,Online,Personal Loan,1,0.3506825259914889,18044,0,1,0,A,1,13756.404,2751.2808,-11005.1232
59,75832.82,22,653.0,0.314,0.6,1,9092.52,36,13.05,Online,Auto Refi,0,0.4085174665960058,10861,0,1,0,B,0,0.0,1091.1024,0.0
43,59112.28,7,640.0,0.159,0.416,0,14382.35,60,5.57,Branch,Debt Consolidation,0,0.1939718693812135,16842,0,1,0,B,0,0.0,1725.882,0.0
30,36943.86,20,607.0,0.477,0.557,0,18249.65,36,16.49,Online,Personal Loan,1,0.5048325094395792,7737,0,0,0,B,0,10949.79,2189.958,0.0
33,55081.83,8,764.0,0.303,0.306,0,18074.82,60,6.9,Partner,Auto Refi,0,0.1706067908214797,1733,1,0,1,B,1,0.0,2168.9784,2168.9784
67,73488.76,20,711.0,0.259,0.209,1,13812.96,36,5.0,Online,Personal Loan,0,0.1441722371567534,15795,0,1,1,B,1,0.0,1657.5551999999998,1657.5551999999998
27,37082.69,20,610.0,0.296,0.548,1,13585.7,36,17.05,Branch,Debt Consolidation,1,0.5276965922421781,2759,0,0,0,A,0,8151.42,1630.284,0.0
25,66743.94,16,768.0,0.129,0.47,0,4827.64,36,5.0,Branch,Auto Refi,1,0.0735581008185733,5243,0,1,1,B,1,2896.5840000000003,579.3168000000001,-2317.2672000000002
52,87572.27,24,679.0,0.203,0.321,0,18630.54,36,5.0,Online,Personal Loan,0,0.1582547185129052,5215,0,1,1,A,1,0.0,2235.6648,2235.6648
30,63551.01,22,732.0,0.167,0.403,0,18255.43,36,5.0,Partner,Personal Loan,0,0.1168424389857857,16392,0,1,1,B,1,0.0,2190.6516,2190.6516
27,45734.12,4,620.0,0.323,0.054,0,23042.18,60,6.72,Online,Auto Refi,0,0.2005697557583191,11080,0,0,0,A,0,0.0,2765.0616,0.0
58,54021.85,20,557.0,0.348,0.188,1,24387.75,36,20.22,Online,Auto Refi,1,0.6116351662341454,18567,0,0,0,B,0,14632.65,2926.5299999999997,0.0
67,53571.73,4,659.0,0.455,0.352,0,7882.06,36,8.05,Online,Debt Consolidation,0,0.2572100874282176,4460,0,0,0,A,0,0.0,945.8472,0.0
26,82842.57,20,777.0,0.209,0.394,0,23459.85,60,5.0,Branch,Personal Loan,0,0.0846594463750598,9869,0,1,1,B,1,0.0,2815.182,2815.182
53,67863.99,2,674.0,0.282,0.018,0,20249.92,60,5.0,Online,Auto Refi,0,0.1342958053232805,16886,0,1,1,A,1,0.0,2429.9903999999997,2429.9903999999997
49,92367.72,16,750.0,0.378,0.317,0,22498.25,60,5.0,Online,Auto Refi,0,0.1044271292264562,2854,0,1,1,A,1,0.0,2699.79,2699.79
60,52158.08,23,631.0,0.444,0.787,0,8357.62,60,15.74,Online,Personal Loan,0,0.4728874737046459,17294,0,0,0,A,0,0.0,1002.9144000000001,0.0
37,61824.23,6,787.0,0.142,0.758,0,4718.37,60,5.0,Branch,Auto Refi,0,0.0847929433967257,9217,0,1,1,A,1,0.0,566.2044,566.2044
68,73578.23,22,593.0,0.42,0.585,0,20173.91,36,17.32,Online,Debt Consolidation,1,0.5173472386131369,10472,0,0,0,A,0,12104.346,2420.8692,0.0
57,50969.69,8,529.0,0.358,0.381,0,12805.04,60,21.13,Online,Debt Consolidation,1,0.5763292013287753,8927,0,0,0,A,0,7683.024,1536.6048,0.0
63,65591.62,24,651.0,0.35,0.378,1,19914.06,36,11.42,Branch,Personal Loan,0,0.4187748371306947,3183,0,1,0,B,0,0.0,2389.6872,0.0
46,76708.41,22,792.0,0.378,0.503,0,21440.65,36,5.0,Partner,Personal Loan,0,0.0908910835318275,9347,0,1,1,A,1,0.0,2572.878,2572.878
38,59094.16,1,541.0,0.313,0.01,0,8514.84,36,14.28,Online,Personal Loan,1,0.3746909176250461,7209,0,0,0,B,0,5108.9039999999995,1021.7808,0.0
46,53888.98,14,626.0,0.284,0.3,0,13807.57,36,7.77,Online,Auto Refi,0,0.2705436537510478,2910,0,0,0,B,0,0.0,1656.9083999999998,0.0
21,62526.37,23,602.0,0.32,0.581,0,16912.95,60,13.95,Branch,Personal Loan,0,0.4308028127100086,18731,0,0,0,B,0,0.0,2029.554,0.0
48,106929.52,22,610.0,0.398,0.606,0,17387.84,60,15.08,Branch,Debt Consolidation,0,0.4700963962879362,6780,0,0,0,B,0,0.0,2086.5407999999998,0.0
44,45331.62,2,787.0,0.322,0.29,0,2000.0,60,5.0,Online,Personal Loan,0,0.0583501190202978,2379,0,1,1,B,1,0.0,240.0,240.0
68,87504.49,4,718.0,0.086,0.227,0,11606.66,36,5.0,Online,Personal Loan,0,0.1088246001537635,13803,0,1,1,A,1,0.0,1392.7992,1392.7992
51,65065.51,22,660.0,0.478,0.428,0,23240.64,36,9.09,Online,Personal Loan,0,0.3363662662538631,5402,0,0,0,A,0,0.0,2788.8768,0.0
59,62672.75,14,675.0,0.222,0.562,0,20149.28,36,5.0,Partner,Personal Loan,0,0.1661364442038361,16858,0,1,1,A,1,0.0,2417.9136,2417.9136
69,30542.32,5,646.0,0.377,0.329,1,19900.48,60,12.0,Partner,Personal Loan,1,0.4009601755949398,19583,0,1,0,B,0,11940.287999999999,2388.0575999999996,0.0
44,95733.37,20,693.0,0.396,0.667,0,11492.15,36,6.85,Online,Auto Refi,0,0.2308356139514995,10177,0,1,0,A,1,0.0,1379.058,1379.058
62,99448.28,7,755.0,0.05,0.298,0,20680.76,36,5.0,Online,Personal Loan,0,0.0840723249190394,9462,0,1,1,A,1,0.0,2481.6911999999998,2481.6911999999998
44,20000.0,19,658.0,0.301,0.541,0,18739.51,60,7.29,Branch,Debt Consolidation,0,0.2279089359732237,9194,0,1,0,A,1,0.0,2248.7412,2248.7412
61,60461.02,15,614.0,0.361,0.575,0,21056.4,60,13.42,Branch,Debt Consolidation,0,0.4095321795162805,1411,0,0,0,A,0,0.0,2526.768,0.0
48,87463.0,1,628.0,0.362,0.664,0,23847.24,36,12.78,Online,Debt Consolidation,1,0.3756050316747077,168,0,0,0,A,0,14308.344000000001,2861.6688,0.0
45,77027.13,7,733.0,0.05,0.055,0,15742.5,36,5.0,Online,Personal Loan,0,0.0642655363865606,5225,0,1,1,B,1,0.0,1889.1,1889.1
45,27202.51,8,717.0,0.21,0.307,1,18536.72,36,5.0,Online,Debt Consolidation,0,0.154524039113198,2001,0,1,1,A,1,0.0,2224.4064,2224.4064
51,42019.92,7,589.0,0.286,0.234,0,24761.63,60,10.82,Online,Auto Refi,0,0.3892674916261257,5395,0,0,0,B,0,0.0,2971.3956,0.0
24,55550.07,0,642.0,0.18,0.003,0,11760.25,60,5.0,Branch,Debt Consolidation,1,0.1262623619034614,1828,0,1,1,B,1,7056.15,1411.23,-5644.92
62,70508.63,14,752.0,0.4,0.804,0,11262.96,36,5.0,Online,Debt Consolidation,0,0.1270470354928467,6623,0,1,1,B,1,0.0,1351.5551999999998,1351.5551999999998
31,58002.21,2,827.0,0.425,0.289,0,17116.12,36,5.0,Online,Debt Consolidation,0,0.0430305304553261,7772,0,0,1,B,1,0.0,2053.9343999999996,2053.9343999999996
45,49463.16,4,676.0,0.347,0.106,0,26775.64,60,5.0,Partner,Debt Consolidation,0,0.1528458771154189,11529,0,1,1,B,1,0.0,3213.0768,3213.0768
46,30020.78,0,643.0,0.222,0.736,0,5553.91,36,9.19,Partner,Personal Loan,0,0.3257442256686028,7359,0,1,0,A,1,0.0,666.4692,666.4692
28,57909.87,5,760.0,0.362,0.0,0,9407.97,36,5.0,Branch,Personal Loan,0,0.0610564711057655,3763,0,1,1,A,1,0.0,1128.9563999999998,1128.9563999999998
46,79177.32,4,568.0,0.538,0.262,1,20331.72,36,23.79,Online,Personal Loan,1,0.651135141790995,10273,0,0,0,A,0,12199.032000000001,2439.8064,0.0
52,67493.51,19,708.0,0.218,0.5,0,19498.4,60,5.0,Online,Personal Loan,0,0.1426164311852849,15158,0,1,1,B,1,0.0,2339.808,2339.808
21,83816.6,9,762.0,0.2,0.318,0,14171.38,36,5.0,Branch,Auto Refi,1,0.0737644011392539,17943,0,1,1,A,1,8502.828,1700.5656,-6802.2624
42,130374.06,13,768.0,0.239,0.0,3,8982.54,36,5.0,Online,Auto Refi,0,0.0537421772713917,15153,0,0,1,A,0,0.0,1077.9048,0.0
47,42623.61,8,604.0,0.34,0.842,1,12521.12,60,22.23,Branch,Personal Loan,1,0.7346815067943055,1133,0,0,0,B,0,7512.6720000000005,1502.5344,0.0
35,76056.12,23,682.0,0.213,0.622,0,22046.16,60,5.0,Online,Personal Loan,1,0.149876312134419,9798,0,1,1,B,1,13227.696,2645.5391999999997,-10582.1568
51,55470.5,15,735.0,0.332,0.319,1,12198.14,60,5.0,Online,Debt Consolidation,0,0.131408605671733,16172,0,1,1,B,1,0.0,1463.7767999999999,1463.7767999999999
69,102077.93,16,732.0,0.142,0.519,0,25988.46,36,5.0,Branch,Personal Loan,0,0.0845043124243844,1265,0,1,1,B,1,0.0,3118.6151999999997,3118.6151999999997
34,93496.49,4,824.0,0.276,0.456,1,19542.47,60,5.0,Online,Debt Consolidation,1,0.2106703975480284,5498,0,1,0,A,1,11725.482,2345.0964,-9380.3856
36,50749.0,10,671.0,0.211,0.739,1,24755.52,36,10.43,Branch,Debt Consolidation,1,0.3114922887535252,5690,0,1,0,B,0,14853.312,2970.6624,0.0
29,67610.01,17,614.0,0.156,0.349,1,15116.98,60,11.32,Partner,Debt Consolidation,0,0.3943492414072734,16727,0,0,0,B,0,0.0,1814.0375999999999,0.0
47,40134.64,12,657.0,0.346,0.706,0,15663.27,60,9.83,Online,Personal Loan,0,0.2940980649407083,192,0,1,0,A,1,0.0,1879.5924,1879.5924
60,38802.32,2,617.0,0.374,0.321,0,26156.21,60,10.48,Online,Personal Loan,0,0.3101648845988692,13006,0,0,0,A,0,0.0,3138.7452,0.0
52,86195.56,5,518.0,0.165,0.567,1,13176.82,36,25.0,Branch,Personal Loan,1,0.7924545745570565,14968,1,0,0,B,0,7906.092,1581.2184,0.0
25,89503.34,11,624.0,0.487,0.114,0,20447.92,60,9.8,Online,Debt Consolidation,1,0.3548167011169655,16991,0,0,0,A,0,12268.751999999999,2453.7504,0.0
32,57317.66,16,638.0,0.361,0.132,0,13926.24,36,6.46,Branch,Debt Consolidation,0,0.2161936689391114,525,0,0,0,B,0,0.0,1671.1488,0.0
41,88597.9,17,679.0,0.298,0.38,0,21447.71,60,5.0,Branch,Debt Consolidation,0,0.1469573923187838,12648,0,1,1,B,1,0.0,2573.7252,2573.7252
48,24199.27,6,644.0,0.327,0.358,0,19511.0,36,7.33,Partner,Debt Consolidation,0,0.2448519422846825,9376,0,1,0,A,1,0.0,2341.3199999999997,2341.3199999999997
49,83626.87,18,688.0,0.181,0.329,0,22054.07,36,5.0,Branch,Debt Consolidation,0,0.1524566140389821,8795,0,1,1,A,1,0.0,2646.4883999999997,2646.4883999999997
68,29371.67,8,764.0,0.46,0.347,0,9880.87,36,5.0,Online,Personal Loan,0,0.0707613246049482,2293,0,0,1,B,1,0.0,1185.7044,1185.7044
59,38085.45,10,689.0,0.352,0.665,0,23154.7,36,6.45,Branch,Debt Consolidation,0,0.2075188001881731,7172,0,1,0,B,0,0.0,2778.564,0.0
35,68478.04,15,715.0,0.394,0.66,0,14309.63,60,5.0,Online,Auto Refi,0,0.1429359468226601,17987,0,1,1,B,1,0.0,1717.1555999999998,1717.1555999999998
59,62183.99,16,543.0,0.304,0.289,0,22808.81,36,17.21,Partner,Debt Consolidation,0,0.5031261969984385,260,0,0,0,A,0,0.0,2737.0572,0.0
52,65110.4,14,680.0,0.539,0.366,0,9435.44,36,7.64,Online,Personal Loan,1,0.2484675163871976,4734,0,0,0,B,0,5661.264,1132.2528,0.0
55,73166.8,5,782.0,0.295,0.08,0,17696.38,36,5.0,Online,Auto Refi,0,0.0616578027646682,3626,0,1,1,B,1,0.0,2123.5656,2123.5656
46,90013.7,23,675.0,0.331,0.244,0,18289.25,60,5.0,Partner,Auto Refi,0,0.1503193016749435,3154,0,1,1,B,1,0.0,2194.71,2194.71
27,48638.13,22,807.0,0.389,0.587,1,17306.96,36,5.0,Online,Personal Loan,0,0.0721928659746249,19977,0,1,1,B,1,0.0,2076.8352,2076.8352
56,20000.0,2,674.0,0.248,0.656,0,20211.09,60,6.08,Online,Personal Loan,1,0.2085948990510915,4105,0,1,0,B,0,12126.654,2425.3307999999997,0.0
59,68380.69,21,692.0,0.319,0.445,0,20513.2,60,5.0,Branch,Personal Loan,0,0.1637727450801404,3923,0,1,1,A,1,0.0,2461.584,2461.584
45,73465.21,13,701.0,0.343,0.244,0,19931.47,60,5.0,Online,Debt Consolidation,1,0.1525814310433922,18703,0,1,1,B,1,11958.882,2391.7764,-9567.105599999999
28,58830.93,23,606.0,0.28,0.339,0,7139.34,36,10.01,Online,Personal Loan,0,0.2928701919728278,5530,0,0,0,B,0,0.0,856.7207999999999,0.0
54,43770.29,23,617.0,0.267,0.391,1,17294.9,60,13.71,Online,Debt Consolidation,1,0.4175430427690909,18426,0,0,0,B,0,10376.94,2075.388,0.0
50,58201.75,17,716.0,0.315,0.475,0,16174.46,36,5.0,Partner,Personal Loan,0,0.1497114118233974,17888,0,1,1,B,1,0.0,1940.9352,1940.9352
34,43275.27,23,713.0,0.217,0.406,0,17382.81,60,5.0,Online,Personal Loan,0,0.1285257609752849,4936,0,1,1,A,1,0.0,2085.9372000000003,2085.9372000000003
46,77791.26,22,661.0,0.248,0.672,0,2000.0,36,7.37,Branch,Auto Refi,0,0.2258833891746154,7255,0,1,0,A,1,0.0,240.0,240.0
37,79317.27,2,828.0,0.336,0.447,1,23551.95,36,5.0,Branch,Personal Loan,0,0.0659672074348197,9756,0,1,1,A,1,0.0,2826.234,2826.234
23,87800.83,18,830.0,0.436,0.556,0,6039.06,60,5.0,Online,Auto Refi,0,0.0480646676847405,13356,0,0,1,B,1,0.0,724.6872000000001,724.6872000000001
62,63344.04,12,757.0,0.307,0.714,0,6694.65,36,5.0,Online,Personal Loan,0,0.0956035147287017,16500,0,1,1,B,1,0.0,803.358,803.358
28,54482.5,15,572.0,0.374,0.369,0,23489.43,60,16.2,Online,Debt Consolidation,0,0.490011850071176,11906,0,0,0,A,0,0.0,2818.7316,0.0
64,67200.37,11,797.0,0.251,0.575,0,33213.16,36,5.0,Branch,Personal Loan,0,0.0628323176981267,9348,0,1,1,A,1,0.0,3985.5792,3985.5792
64,20000.0,6,779.0,0.296,0.515,0,15847.1,36,5.0,Online,Personal Loan,0,0.0755968388082315,2862,0,1,1,A,1,0.0,1901.652,1901.652
37,82858.46,2,679.0,0.36,0.521,0,15528.81,36,6.26,Online,Personal Loan,0,0.2233965342594358,9774,0,1,0,B,0,0.0,1863.4571999999998,0.0
59,59034.14,24,663.0,0.153,0.601,0,10329.77,60,5.13,Branch,Debt Consolidation,0,0.1679548797610741,8198,0,1,1,B,1,0.0,1239.5724,1239.5724
39,58108.84,18,696.0,0.413,0.591,0,15093.63,36,6.17,Online,Personal Loan,0,0.2260142680925156,18051,0,0,0,A,0,0.0,1811.2355999999997,0.0
57,81011.94,3,678.0,0.325,0.663,0,20116.65,36,6.96,Online,Personal Loan,1,0.2098531414657123,9874,0,1,0,A,1,12069.99,2413.998,-9655.992
53,72264.09,24,602.0,0.395,0.536,2,2000.0,60,24.64,Online,Auto Refi,1,0.7051201105278947,7447,0,0,0,A,0,1200.0,240.0,0.0
44,70938.79,0,747.0,0.335,0.533,0,11132.59,36,5.0,Online,Debt Consolidation,1,0.0945073579042203,5677,0,1,1,B,1,6679.554,1335.9107999999999,-5343.6432
51,108267.84,13,637.0,0.359,0.351,0,13926.65,36,22.71,Online,Personal Loan,1,0.6575183826269096,12966,1,0,0,B,0,8355.99,1671.1979999999999,0.0
50,57327.7,11,684.0,0.333,0.455,0,11109.77,60,5.0,Branch,Personal Loan,0,0.1808130505406171,12774,0,1,0,B,0,0.0,1333.1724,0.0
36,62561.68,13,558.0,0.401,0.046,0,27512.26,36,14.66,Online,Auto Refi,1,0.4941788828476204,8741,0,0,0,A,0,16507.356,3301.4711999999995,0.0
66,85067.3,12,716.0,0.216,0.663,0,7840.65,36,5.0,Online,Personal Loan,0,0.1095468217379205,9609,0,1,1,A,1,0.0,940.8779999999999,940.8779999999999
30,64568.86,17,624.0,0.355,0.236,0,2881.51,60,8.6,Online,Personal Loan,0,0.259950953780246,6951,0,0,0,B,0,0.0,345.7812,0.0
51,42660.27,5,740.0,0.413,0.328,2,16484.48,36,7.32,Branch,Auto Refi,0,0.2504559517232975,15565,0,0,0,A,0,0.0,1978.1375999999998,0.0
35,100310.6,19,648.0,0.117,0.665,0,2847.47,36,6.32,Online,Personal Loan,0,0.1862349728037633,7120,0,1,0,B,0,0.0,341.6964,0.0
54,51349.34,4,637.0,0.382,0.665,0,19509.93,60,12.23,Online,Personal Loan,0,0.4243811695473255,16479,0,0,0,A,0,0.0,2341.1916,0.0
52,47914.32,8,830.0,0.305,0.537,0,15874.32,36,5.0,Online,Auto Refi,0,0.0461085575614985,8281,0,1,1,A,1,0.0,1904.9183999999998,1904.9183999999998
50,110018.77,9,646.0,0.444,0.518,0,20889.52,36,10.86,Online,Auto Refi,0,0.3213151953480285,1275,0,0,0,A,0,0.0,2506.7424,0.0
42,62833.47,20,641.0,0.37,0.479,0,24129.65,36,9.54,Branch,Auto Refi,0,0.3087733632865847,17338,0,1,0,A,1,0.0,2895.558,2895.558
53,66698.55,10,714.0,0.218,0.306,0,14884.33,60,5.0,Online,Personal Loan,0,0.1342235544236445,11780,0,1,1,B,1,0.0,1786.1196,1786.1196
59,24317.73,8,590.0,0.339,0.44,1,16149.81,36,19.11,Online,Debt Consolidation,0,0.5940860646593711,6550,0,0,0,A,0,0.0,1937.9771999999998,0.0
36,56851.75,0,711.0,0.366,0.549,0,14535.14,36,5.0,Partner,Auto Refi,0,0.1325841184685658,8801,0,1,1,B,1,0.0,1744.2168,1744.2168
48,20000.0,19,624.0,0.329,0.674,0,25996.1,36,12.68,Online,Personal Loan,1,0.4415077075849327,9394,0,0,0,B,0,15597.659999999998,3119.5319999999997,0.0
31,57622.25,11,789.0,0.492,0.229,0,20278.47,36,5.0,Online,Auto Refi,0,0.0847673744317098,17203,0,0,1,B,1,0.0,2433.4164,2433.4164
67,40005.17,21,739.0,0.322,0.713,0,10348.99,60,5.0,Online,Personal Loan,0,0.095510494159464,4671,0,1,1,A,1,0.0,1241.8788,1241.8788
59,47820.18,22,703.0,0.179,0.884,0,16253.33,36,5.0,Online,Personal Loan,0,0.1942419528942305,15592,0,1,0,B,0,0.0,1950.3996,0.0
30,95560.44,8,663.0,0.298,0.177,0,20831.4,36,5.0,Online,Personal Loan,0,0.1487394746135402,18755,0,1,1,B,1,0.0,2499.768,2499.768
68,51036.57,4,734.0,0.52,0.004,1,16728.3,60,5.0,Online,Personal Loan,0,0.1175592301622268,7698,0,0,1,B,1,0.0,2007.3959999999997,2007.3959999999997
37,77493.47,7,655.0,0.36,0.357,0,26886.19,36,6.86,Online,Personal Loan,0,0.2344179955210998,14168,0,1,0,A,1,0.0,3226.3428,3226.3428
37,20000.0,10,823.0,0.439,0.312,4,14154.58,60,7.7,Online,Auto Refi,0,0.4268526979819722,15372,0,0,0,A,0,0.0,1698.5495999999998,0.0
42,73497.33,24,689.0,0.407,0.825,0,12254.34,36,8.87,Online,Personal Loan,1,0.3459791521745203,12406,0,0,0,B,0,7352.604,1470.5208,0.0
46,80594.17,10,615.0,0.178,0.571,1,8736.01,36,14.23,Online,Personal Loan,0,0.4138797043847178,7406,0,0,0,A,0,0.0,1048.3212,0.0
62,73210.99,10,677.0,0.452,0.327,0,8551.02,60,6.15,Online,Personal Loan,0,0.2118653397210511,18183,0,0,0,B,0,0.0,1026.1224,0.0
27,33581.65,8,647.0,0.388,0.434,0,2000.0,60,8.84,Online,Personal Loan,0,0.2840405971430532,3812,0,1,0,B,0,0.0,240.0,0.0
23,54291.52,17,586.0,0.403,0.535,0,15243.71,36,17.19,Online,Auto Refi,0,0.5100453657884543,18574,0,0,0,A,0,0.0,1829.2451999999998,0.0
46,70158.33,15,714.0,0.246,0.354,0,11574.03,60,5.0,Online,Personal Loan,1,0.1330513726757931,18379,0,1,1,B,1,6944.418000000001,1388.8836000000001,-5555.5344000000005
56,50985.3,6,709.0,0.389,0.372,0,17752.19,36,5.0,Online,Personal Loan,0,0.1504129353519297,2521,0,1,1,A,1,0.0,2130.2628,2130.2628
45,38753.7,19,723.0,0.306,0.841,1,14397.89,60,7.97,Online,Debt Consolidation,0,0.2904765317020321,15641,0,1,0,A,1,0.0,1727.7468,1727.7468
21,104591.76,21,578.0,0.404,0.543,1,4646.99,36,23.01,Branch,Personal Loan,0,0.6924231829968804,9142,0,0,0,B,0,0.0,557.6388,0.0
55,20165.21,13,609.0,0.38,0.41,1,18212.03,60,17.37,Branch,Debt Consolidation,1,0.5616732474509116,9203,0,0,0,A,0,10927.217999999999,2185.4435999999996,0.0
63,84449.96,14,609.0,0.198,0.335,1,2000.0,60,12.53,Partner,Auto Refi,0,0.4185319422430418,4828,0,0,0,A,0,0.0,240.0,0.0
47,52202.42,9,601.0,0.399,0.277,0,23049.84,60,12.32,Online,Debt Consolidation,1,0.4205294298012035,15704,0,0,0,B,0,13829.904,2765.9808,0.0
50,91944.81,23,596.0,0.194,0.628,0,15484.03,60,12.57,Branch,Auto Refi,0,0.4432813508205148,10461,0,0,0,B,0,0.0,1858.0836,0.0
54,29509.48,1,731.0,0.56,0.37,1,19892.89,36,7.21,Partner,Personal Loan,1,0.3213143481830122,13190,0,0,0,A,0,11935.733999999999,2387.1468,0.0
48,83116.52,15,800.0,0.307,0.022,1,17210.01,60,5.0,Online,Auto Refi,0,0.0879041247228015,4208,0,1,1,A,1,0.0,2065.2011999999995,2065.2011999999995
52,66215.9,15,665.0,0.271,0.512,0,15821.24,36,6.0,Online,Auto Refi,0,0.2030915154917829,19388,0,1,0,B,0,0.0,1898.5487999999998,0.0
22,96422.68,2,699.0,0.104,0.572,0,9683.66,60,5.0,Online,Personal Loan,0,0.1239289260592555,15791,0,1,1,A,1,0.0,1162.0392,1162.0392
44,64254.06,4,780.0,0.348,0.438,0,19116.47,36,5.0,Online,Personal Loan,0,0.0797860951996,12750,0,1,1,A,1,0.0,2293.9764,2293.9764
23,88083.91,16,695.0,0.477,0.261,0,14921.73,60,5.0,Branch,Personal Loan,1,0.1702497825672135,19417,0,0,1,A,0,8953.037999999999,1790.6075999999998,0.0
55,63287.62,14,653.0,0.107,0.393,0,21503.94,36,5.0,Online,Debt Consolidation,0,0.1478332258074779,10111,0,1,1,A,1,0.0,2580.4727999999996,2580.4727999999996
50,53755.74,19,720.0,0.288,0.553,0,20060.8,60,5.0,Online,Debt Consolidation,0,0.1478000570104349,15787,0,1,1,A,1,0.0,2407.296,2407.296
48,51569.33,9,657.0,0.345,0.638,0,27604.52,60,9.11,Online,Personal Loan,1,0.298307751591548,16982,0,1,0,A,1,16562.712,3312.5424,-13250.1696
50,83064.61,24,642.0,0.402,0.522,0,21408.87,60,10.52,Partner,Auto Refi,1,0.3517880265148927,5204,0,0,0,A,0,12845.321999999998,2569.0643999999998,0.0
66,61061.5,18,721.0,0.262,0.0,0,14291.15,36,5.0,Branch,Debt Consolidation,0,0.1012411550665322,2939,0,1,1,B,1,0.0,1714.9379999999999,1714.9379999999999
21,53172.58,3,560.0,0.309,0.592,0,7798.38,60,18.95,Online,Debt Consolidation,1,0.5803586937012241,18972,0,0,0,B,0,4679.028,935.8056,0.0
66,98169.95,22,704.0,0.408,0.256,0,15652.47,36,5.0,Online,Debt Consolidation,0,0.1569670259365306,6452,0,0,1,B,1,0.0,1878.2964,1878.2964
46,71564.33,3,656.0,0.446,0.318,0,17867.98,36,7.88,Online,Personal Loan,0,0.2690916733290132,7985,0,0,0,B,0,0.0,2144.1576,0.0
26,54271.06,12,589.0,0.207,0.376,0,10273.52,36,10.82,Branch,Auto Refi,0,0.3646816872587999,7634,0,0,0,B,0,0.0,1232.8224,0.0
56,37117.54,21,720.0,0.241,0.867,1,27083.17,60,7.41,Partner,Auto Refi,0,0.2768477492087389,12261,0,1,0,A,1,0.0,3249.9803999999995,3249.9803999999995
56,63567.68,6,665.0,0.324,0.486,0,19721.1,60,6.56,Online,Auto Refi,0,0.233157683762869,18453,0,1,0,A,1,0.0,2366.5319999999997,2366.5319999999997
57,82313.13,8,552.0,0.264,0.33,1,18887.96,36,20.72,Partner,Auto Refi,1,0.5996417639132702,4034,0,0,0,A,0,11332.776,2266.5552,0.0
48,53585.25,18,628.0,0.292,0.302,0,20177.19,36,7.72,Branch,Personal Loan,1,0.2835514815285335,3650,0,0,0,A,0,12106.313999999998,2421.2628,0.0
31,83566.98,1,604.0,0.3,0.476,0,16455.4,36,12.19,Online,Debt Consolidation,0,0.3512457483567132,11297,0,0,0,B,0,0.0,1974.6480000000001,0.0
60,86839.9,4,658.0,0.343,0.612,0,19150.63,36,8.74,Online,Personal Loan,1,0.2793801399889725,14731,0,1,0,A,1,11490.378,2298.0756,-9192.3024
43,76092.3,4,640.0,0.192,0.6,1,5887.31,36,11.92,Partner,Debt Consolidation,1,0.4026619784448155,4175,0,1,0,A,1,3532.386,706.4772,-2825.9088
64,50062.61,15,619.0,0.345,0.377,1,25114.92,36,15.04,Partner,Auto Refi,0,0.4816368412198208,7325,0,0,0,B,0,0.0,3013.7904,0.0
44,71725.92,8,735.0,0.341,0.3,1,23961.42,36,15.09,Online,Debt Consolidation,0,0.3523694082181856,2555,1,0,0,A,0,0.0,2875.3704,0.0
49,75844.19,6,614.0,0.063,0.228,0,8322.55,60,5.0,Online,Personal Loan,0,0.1371393844924956,17600,0,0,1,A,0,0.0,998.7059999999999,0.0
27,86520.64,3,564.0,0.269,0.879,1,19913.39,36,25.0,Partner,Personal Loan,1,0.8255101381656731,14907,0,0,0,B,0,11948.034,2389.6068,0.0
33,41116.0,5,610.0,0.436,0.42,0,19318.2,36,13.7,Branch,Debt Consolidation,1,0.4401393802369472,186,0,0,0,A,0,11590.92,2318.184,0.0
56,88134.94,7,480.0,0.306,0.204,0,16435.76,60,25.0,Online,Personal Loan,1,0.7924267109666507,11101,1,0,0,A,0,9861.455999999998,1972.2911999999997,0.0
67,44334.6,17,767.0,0.285,0.507,0,6913.1,36,5.0,Branch,Personal Loan,0,0.0795195952315943,16280,0,1,1,A,1,0.0,829.572,829.572
25,77959.55,10,726.0,0.403,0.752,0,28688.41,36,5.0,Online,Debt Consolidation,0,0.1408961771690372,12210,0,0,1,A,0,0.0,3442.6092,0.0
28,51008.98,3,677.0,0.357,0.507,2,8882.88,36,14.97,Online,Auto Refi,0,0.4145415279397313,549,0,0,0,A,0,0.0,1065.9455999999998,0.0
33,60823.52,2,752.0,0.363,0.714,0,6876.64,36,5.0,Partner,Debt Consolidation,1,0.0972952463722225,5426,0,1,1,B,1,4125.984,825.1968,-3300.7872
55,72891.08,19,732.0,0.371,0.17,1,18322.96,36,5.0,Online,Auto Refi,0,0.1347094994760892,14638,0,1,1,B,1,0.0,2198.7551999999996,2198.7551999999996
33,42436.53,11,723.0,0.339,0.415,0,6726.62,36,5.0,Online,Personal Loan,0,0.132691295505657,2833,0,1,1,B,1,0.0,807.1944,807.1944
38,71875.19,2,671.0,0.352,0.379,0,28089.45,36,5.6,Online,Debt Consolidation,0,0.179940229397131,4053,0,1,1,B,1,0.0,3370.734,3370.734
41,55202.01,2,775.0,0.319,0.447,0,15765.83,36,5.0,Partner,Personal Loan,0,0.0823116147298699,18581,0,1,1,B,1,0.0,1891.8996,1891.8996
66,48121.37,5,692.0,0.303,0.131,1,14386.1,60,5.0,Online,Personal Loan,0,0.1437708881632023,16942,0,1,1,B,1,0.0,1726.3319999999999,1726.3319999999999
63,50426.93,18,763.0,0.442,0.409,0,2000.0,36,5.0,Online,Personal Loan,1,0.0800363447302201,2541,0,0,1,A,0,1200.0,240.0,0.0
39,20000.0,1,620.0,0.314,0.565,0,6908.33,36,11.59,Online,Personal Loan,0,0.3434952331233666,6893,0,0,0,B,0,0.0,828.9996,0.0
22,55956.15,13,638.0,0.065,0.351,0,23965.27,60,5.0,Online,Personal Loan,1,0.1297086649811749,10673,0,0,1,B,1,14379.162,2875.8324,-11503.329600000001
58,81825.94,4,748.0,0.153,0.513,0,5448.24,36,5.0,Online,Personal Loan,0,0.0978598172501904,5630,0,1,1,A,1,0.0,653.7887999999999,653.7887999999999
38,47951.42,23,701.0,0.457,0.45,0,15660.45,36,5.31,Online,Debt Consolidation,0,0.1839179936755839,6014,0,0,0,A,0,0.0,1879.254,0.0
28,49461.46,7,584.0,0.338,0.49,0,12458.71,36,15.36,Branch,Personal Loan,0,0.5013727894450088,10909,0,0,0,B,0,0.0,1495.0451999999998,0.0
25,70810.68,17,702.0,0.273,0.406,1,17057.29,36,5.48,Online,Auto Refi,0,0.178570785948243,3249,0,1,1,A,1,0.0,2046.8748,2046.8748
40,75455.86,6,736.0,0.166,0.776,0,31664.1,36,5.0,Online,Personal Loan,1,0.1112887010046357,9650,0,1,1,B,1,18998.46,3799.6919999999996,-15198.768
39,62793.47,15,671.0,0.325,0.36,0,17098.85,60,5.07,Branch,Personal Loan,0,0.1588588591723061,13435,0,1,1,A,1,0.0,2051.8619999999996,2051.8619999999996
21,37714.72,20,646.0,0.067,0.255,0,21419.66,60,5.0,Online,Personal Loan,0,0.1282302336547329,18583,0,1,1,B,1,0.0,2570.3592,2570.3592
38,57188.57,14,623.0,0.387,0.459,0,26091.68,36,11.64,Online,Auto Refi,0,0.3928871928190173,11294,0,0,0,A,0,0.0,3131.0016,0.0
33,59299.73,0,724.0,0.169,0.68,1,2000.0,36,5.0,Online,Debt Consolidation,1,0.1455577667167538,8325,0,1,1,A,1,1200.0,240.0,-960.0
41,75971.74,23,612.0,0.517,0.727,1,28168.53,36,23.58,Online,Personal Loan,1,0.6848097688503814,2566,0,0,0,B,0,16901.118,3380.2236,0.0
59,71048.94,11,657.0,0.305,0.284,0,17797.5,60,5.31,Online,Auto Refi,0,0.171248702152983,12611,0,1,1,B,1,0.0,2135.7,2135.7
48,41680.54,24,704.0,0.3,0.201,0,2000.0,36,5.0,Branch,Auto Refi,0,0.1548569515510975,13071,0,1,1,B,1,0.0,240.0,240.0
66,86509.01,16,737.0,0.265,0.074,0,18343.39,60,5.0,Online,Debt Consolidation,0,0.0688525515488646,10035,0,1,1,B,1,0.0,2201.2068,2201.2068
42,62569.0,1,703.0,0.386,0.428,0,7469.02,36,5.0,Branch,Debt Consolidation,0,0.1518891265313708,19061,0,1,1,B,1,0.0,896.2824,896.2824
53,56707.64,18,765.0,0.34,0.427,0,16769.13,60,5.0,Online,Auto Refi,0,0.0870771567624218,4947,0,1,1,A,1,0.0,2012.2956000000001,2012.2956000000001
54,83414.32,4,719.0,0.061,0.685,0,15975.68,60,5.0,Online,Debt Consolidation,0,0.122605479347708,3289,0,1,1,B,1,0.0,1917.0816,1917.0816
34,67837.62,11,609.0,0.157,0.355,1,11441.36,60,11.99,Online,Auto Refi,0,0.4033453604333256,16293,0,0,0,B,0,0.0,1372.9632,0.0
38,54020.88,9,743.0,0.445,0.477,1,13218.38,36,5.34,Online,Personal Loan,1,0.1501150051785769,6260,0,0,1,A,0,7931.027999999999,1586.2055999999998,0.0
38,76123.29,13,609.0,0.144,0.496,0,21524.49,36,8.78,Online,Auto Refi,0,0.274074283517779,12825,0,0,0,A,0,0.0,2582.9388,0.0
59,66034.54,19,680.0,0.2,0.609,0,22792.12,60,5.0,Online,Personal Loan,0,0.1610259999561491,9155,0,1,1,B,1,0.0,2735.0544,2735.0544
51,60413.44,2,695.0,0.373,0.29,0,21796.64,36,5.0,Online,Debt Consolidation,0,0.1381104017821416,16516,0,1,1,A,1,0.0,2615.5968,2615.5968
38,65273.0,5,665.0,0.258,0.543,0,26528.2,60,6.04,Partner,Personal Loan,0,0.2276914877812791,3755,0,1,0,A,1,0.0,3183.384,3183.384
23,69792.53,20,640.0,0.28,0.507,0,7084.24,36,8.28,Online,Auto Refi,0,0.2763717393290369,18445,0,1,0,B,0,0.0,850.1088,0.0
51,82609.52,3,620.0,0.424,0.336,0,9057.12,36,11.32,Online,Debt Consolidation,0,0.3781498425635092,14800,0,0,0,A,0,0.0,1086.8544000000002,0.0
36,60865.35,7,660.0,0.098,0.423,1,17902.22,60,6.43,Online,Debt Consolidation,0,0.2029233596822331,16691,0,1,0,A,1,0.0,2148.2664,2148.2664
48,79716.15,4,624.0,0.384,0.191,1,11076.44,60,13.09,Online,Personal Loan,1,0.4231953815813455,16781,0,0,0,B,0,6645.8640000000005,1329.1728,0.0
52,21084.26,24,655.0,0.202,0.374,1,19512.11,36,8.25,Online,Auto Refi,0,0.3020442374648552,18825,0,1,0,B,0,0.0,2341.4532,0.0
39,46963.09,2,562.0,0.197,0.602,0,19121.14,36,16.27,Partner,Personal Loan,0,0.5098846460077482,17945,0,0,0,A,0,0.0,2294.5368,0.0
24,44618.14,9,628.0,0.203,0.387,0,28826.97,36,7.01,Branch,Personal Loan,0,0.2324675982022514,17961,0,0,0,A,0,0.0,3459.2364000000002,0.0
50,31944.61,24,692.0,0.244,0.419,0,9407.43,60,5.0,Branch,Debt Consolidation,0,0.1581622996129417,2506,0,1,1,B,1,0.0,1128.8916,1128.8916
22,95529.63,22,595.0,0.32,0.385,0,8557.33,60,12.55,Online,Personal Loan,0,0.4210856344717749,7451,0,0,0,A,0,0.0,1026.8796,0.0
51,87869.72,5,630.0,0.129,0.587,0,7166.06,36,7.42,Partner,Personal Loan,0,0.2322364355275138,13555,0,0,0,A,0,0.0,859.9272,0.0
45,44635.59,21,820.0,0.448,0.667,0,22287.22,36,5.0,Online,Personal Loan,1,0.0761564925773303,10553,0,0,1,A,0,13372.332,2674.4664000000002,0.0
52,93638.49,7,689.0,0.309,0.0,0,19872.1,36,5.0,Partner,Auto Refi,0,0.1214120864306204,11852,0,1,1,B,1,0.0,2384.6519999999996,2384.6519999999996
55,89988.48,4,691.0,0.167,0.527,0,3361.06,36,5.0,Online,Personal Loan,0,0.1441250002421118,2324,0,1,1,A,1,0.0,403.3272,403.3272
40,85520.12,14,620.0,0.524,0.351,0,19103.53,60,13.52,Online,Personal Loan,0,0.4232431408692315,7590,0,0,0,A,0,0.0,2292.4235999999996,0.0
45,69160.02,23,663.0,0.349,0.497,0,15588.03,36,7.27,Online,Auto Refi,0,0.2223460287077633,9275,0,1,0,B,0,0.0,1870.5636,0.0
67,52522.76,17,697.0,0.476,0.693,0,17180.49,60,8.07,Online,Auto Refi,0,0.2981211438149174,13976,0,0,0,A,0,0.0,2061.6588,0.0
62,69475.52,13,499.0,0.306,0.448,0,15153.31,60,24.08,Partner,Debt Consolidation,1,0.6918982104182146,6127,0,0,0,A,0,9091.985999999999,1818.3971999999999,0.0
63,107072.94,9,608.0,0.168,0.887,0,16252.02,36,13.56,Online,Debt Consolidation,0,0.4020517812565942,18436,0,0,0,B,0,0.0,1950.2424,0.0
22,58685.82,14,604.0,0.202,0.734,0,14092.74,60,13.01,Online,Debt Consolidation,0,0.4136854166678184,754,0,0,0,B,0,0.0,1691.1288,0.0
65,50518.13,21,687.0,0.175,0.286,0,27173.85,60,5.0,Online,Personal Loan,0,0.1634271125180201,17239,0,1,1,B,1,0.0,3260.8619999999996,3260.8619999999996
45,48652.42,10,747.0,0.312,0.198,0,7629.12,36,5.0,Partner,Personal Loan,1,0.1232811023465032,11202,0,1,1,B,1,4577.472,915.4943999999999,-3661.9775999999997
24,89500.81,3,629.0,0.465,0.687,1,11298.81,60,20.19,Online,Auto Refi,1,0.5381563307895185,10285,0,0,0,A,0,6779.285999999999,1355.8572,0.0
42,78771.63,4,693.0,0.363,0.302,0,36417.98,36,5.0,Online,Personal Loan,0,0.1606505390361542,17132,0,1,1,A,1,0.0,4370.1576000000005,4370.1576000000005
36,59399.64,5,634.0,0.246,0.305,1,2000.0,36,10.48,Partner,Personal Loan,1,0.3183065648786124,11643,0,0,0,B,0,1200.0,240.0,0.0
25,41767.31,14,761.0,0.356,0.775,0,18167.51,36,5.0,Partner,Debt Consolidation,0,0.0813763133048628,18256,0,1,1,B,1,0.0,2180.1011999999996,2180.1011999999996
28,60454.86,16,666.0,0.361,0.402,1,21132.91,36,24.63,Online,Personal Loan,1,0.62945631974245,15619,1,0,0,A,0,12679.746,2535.9492,0.0
45,43701.98,24,717.0,0.276,0.503,1,18934.01,36,5.18,Online,Personal Loan,0,0.1819533397511995,13370,0,1,0,B,0,0.0,2272.0811999999996,0.0
23,51839.47,12,762.0,0.289,0.494,0,20309.81,60,5.0,Partner,Debt Consolidation,0,0.0763273703193043,17019,0,1,1,A,1,0.0,2437.1772,2437.1772
62,48958.82,24,720.0,0.152,0.678,2,15571.11,36,8.05,Online,Personal Loan,1,0.2974298931487949,10916,0,0,0,B,0,9342.666,1868.5332,0.0
33,69699.8,22,723.0,0.399,0.385,0,23458.36,36,5.0,Online,Personal Loan,0,0.1498028662556375,8069,0,1,1,A,1,0.0,2815.0032,2815.0032
54,41490.27,16,734.0,0.523,0.482,0,9169.47,36,5.0,Online,Auto Refi,0,0.1408402722021764,4960,0,0,1,B,1,0.0,1100.3364,1100.3364
29,65418.77,22,642.0,0.482,0.416,2,7865.43,60,20.67,Online,Personal Loan,1,0.6071723483500967,14965,0,0,0,B,0,4719.258,943.8516,0.0
68,85513.83,1,630.0,0.321,0.555,0,11505.81,36,10.58,Online,Personal Loan,1,0.2622922177576596,12456,0,0,0,A,0,6903.486,1380.6971999999998,0.0
49,87582.28,6,610.0,0.236,0.52,0,11236.81,36,10.64,Partner,Personal Loan,1,0.3867988048920926,475,0,0,0,B,0,6742.085999999999,1348.4171999999999,0.0
49,43083.91,8,696.0,0.3,0.254,0,8216.07,36,5.0,Branch,Debt Consolidation,0,0.1507302569228881,7694,0,1,1,A,1,0.0,985.9283999999999,985.9283999999999
41,43198.61,21,599.0,0.369,0.522,0,9542.68,36,14.66,Partner,Personal Loan,0,0.4379504785766824,10304,0,0,0,A,0,0.0,1145.1216,0.0
43,42065.67,24,598.0,0.209,0.677,0,23624.82,36,13.2,Online,Personal Loan,0,0.4253175287253131,13631,0,0,0,A,0,0.0,2834.9784,0.0
38,60848.89,14,688.0,0.302,0.759,0,9057.64,60,6.62,Branch,Personal Loan,1,0.2260647539564048,1586,0,1,0,A,1,5434.584,1086.9168,-4347.6672
26,74166.91,22,691.0,0.245,0.447,1,5137.87,60,6.33,Online,Personal Loan,0,0.2148875156409387,2993,0,1,0,A,1,0.0,616.5444,616.5444
47,49953.06,23,712.0,0.269,0.662,0,23447.11,60,5.0,Online,Personal Loan,1,0.1359111570389398,10970,0,1,1,B,1,14068.266,2813.6531999999997,-11254.612799999999
44,65944.28,9,715.0,0.332,0.584,0,17905.43,36,5.0,Partner,Debt Consolidation,0,0.1426375937248159,9107,0,1,1,B,1,0.0,2148.6516,2148.6516
58,69592.39,6,664.0,0.499,0.174,0,18030.93,36,6.69,Branch,Personal Loan,0,0.2561199082680997,19906,0,0,0,A,0,0.0,2163.7116,0.0
48,94248.94,8,714.0,0.143,0.529,0,7763.65,60,5.0,Partner,Personal Loan,0,0.132454656236921,17518,0,1,1,B,1,0.0,931.6379999999999,931.6379999999999
39,39691.66,22,613.0,0.204,0.574,0,8275.47,36,10.3,Partner,Personal Loan,0,0.3328708986689955,15259,0,0,0,A,0,0.0,993.0563999999999,0.0
53,35731.69,15,671.0,0.355,0.232,0,23748.31,36,5.0,Online,Auto Refi,1,0.1682740818402804,7200,0,1,1,B,1,14248.986,2849.7972,-11399.1888
28,42850.67,18,685.0,0.357,0.528,0,20352.01,60,5.74,Branch,Debt Consolidation,1,0.1779806348307142,18106,0,1,1,B,1,12211.205999999998,2442.2412,-9768.964799999998
22,65803.87,24,542.0,0.315,0.261,0,14448.57,36,25.0,Online,Auto Refi,1,0.7895451614009422,16342,1,0,0,B,0,8669.142,1733.8283999999999,0.0
46,90547.29,14,673.0,0.356,0.45,2,20508.96,36,14.66,Branch,Auto Refi,0,0.4238160602873743,18458,0,0,0,B,0,0.0,2461.0751999999998,0.0
63,74684.42,10,570.0,0.348,0.404,0,7969.53,36,16.27,Partner,Auto Refi,1,0.5182995616579836,8236,0,0,0,A,0,4781.718,956.3435999999999,0.0
35,110352.38,7,585.0,0.164,0.607,0,29034.68,60,12.92,Branch,Personal Loan,0,0.5077431356893,13036,0,0,0,A,0,0.0,3484.1616,0.0
44,79584.01,16,689.0,0.294,0.532,2,15054.82,36,12.48,Online,Debt Consolidation,0,0.4138903975939605,6178,0,0,0,B,0,0.0,1806.5783999999999,0.0
45,20000.0,22,638.0,0.467,0.602,0,2000.0,36,13.22,Online,Personal Loan,0,0.5352933877991738,4743,0,0,0,B,0,0.0,240.0,0.0
59,87323.38,8,667.0,0.324,0.465,0,31488.34,36,6.22,Online,Debt Consolidation,0,0.2212933857549472,668,0,1,0,A,1,0.0,3778.6007999999997,3778.6007999999997
57,43386.1,3,649.0,0.431,0.326,0,2000.0,60,8.36,Branch,Auto Refi,0,0.2893616813896822,7854,0,0,0,B,0,0.0,240.0,0.0
40,65874.35,10,684.0,0.564,0.321,0,14260.7,36,7.3,Online,Debt Consolidation,1,0.2943048188851834,1842,0,0,0,A,0,8556.42,1711.284,0.0
34,63791.91,22,638.0,0.065,0.304,0,2000.0,36,5.0,Branch,Debt Consolidation,0,0.1340183876968634,3892,0,0,1,A,0,0.0,240.0,0.0
48,63164.12,12,726.0,0.065,0.331,0,24229.83,60,5.0,Online,Personal Loan,0,0.1001301044853427,6536,0,1,1,A,1,0.0,2907.5796,2907.5796
50,65067.15,14,673.0,0.182,0.17,0,7449.95,60,5.0,Branch,Personal Loan,0,0.1552294538091737,21,0,1,1,B,1,0.0,893.9939999999999,893.9939999999999
33,39320.68,23,738.0,0.135,0.634,0,11640.25,60,5.0,Partner,Debt Consolidation,0,0.0977785191156049,6455,0,1,1,A,1,0.0,1396.83,1396.83
21,66378.38,0,758.0,0.294,0.453,1,17909.01,60,5.0,Branch,Personal Loan,0,0.126385092640744,17452,0,1,1,B,1,0.0,2149.0811999999996,2149.0811999999996
43,58736.95,19,659.0,0.317,0.441,0,19626.97,60,6.57,Partner,Auto Refi,1,0.2311264325516005,10729,0,1,0,A,1,11776.182,2355.2364000000002,-9420.945600000001
37,71520.42,13,712.0,0.285,0.311,0,19834.13,36,5.0,Online,Personal Loan,0,0.1298490923476176,10627,0,1,1,B,1,0.0,2380.0956,2380.0956
23,87182.57,20,609.0,0.26,0.721,0,16495.28,36,13.51,Branch,Auto Refi,1,0.3999333664210228,11178,0,0,0,B,0,9897.168,1979.4335999999998,0.0
26,45435.76,16,597.0,0.42,0.563,0,8542.77,36,16.5,Online,Auto Refi,0,0.485372738057692,19547,0,0,0,B,0,0.0,1025.1324,0.0
46,65529.8,19,675.0,0.405,0.98,0,16032.03,60,11.95,Online,Personal Loan,0,0.3819448453395212,6034,0,0,0,A,0,0.0,1923.8436,0.0
45,55052.83,6,734.0,0.335,0.702,1,22782.03,60,6.22,Online,Debt Consolidation,0,0.2071632111259447,4704,0,1,0,A,1,0.0,2733.8435999999997,2733.8435999999997
34,67458.11,22,672.0,0.282,0.09,0,4386.91,36,5.0,Branch,Personal Loan,0,0.1295001881660181,3380,0,1,1,B,1,0.0,526.4291999999999,526.4291999999999
68,82864.22,14,792.0,0.381,0.686,0,10362.29,60,5.0,Online,Debt Consolidation,0,0.0777855068401252,5205,0,1,1,B,1,0.0,1243.4748,1243.4748
35,60219.7,24,674.0,0.458,0.632,0,14102.29,36,23.71,Branch,Personal Loan,0,0.6705982233576455,145,1,0,0,B,0,0.0,1692.2748000000001,0.0
22,26656.94,16,787.0,0.196,0.221,1,19146.89,36,5.0,Online,Personal Loan,0,0.0946230602018469,9349,0,1,1,A,1,0.0,2297.6268,2297.6268
45,79624.46,17,806.0,0.289,0.609,0,11995.1,36,5.0,Online,Personal Loan,0,0.0622512704461751,14126,0,1,1,A,1,0.0,1439.412,1439.412
40,53871.76,13,734.0,0.495,0.259,0,11749.77,36,5.0,Branch,Debt Consolidation,0,0.102445790660437,18017,0,0,1,A,0,0.0,1409.9724,0.0
53,86972.49,20,700.0,0.266,0.224,0,23497.6,36,5.0,Branch,Debt Consolidation,0,0.1485793350576816,13261,0,1,1,A,1,0.0,2819.7119999999995,2819.7119999999995
56,75421.33,10,590.0,0.125,0.241,0,7281.46,36,7.87,Online,Auto Refi,0,0.2593994572802687,2755,0,0,0,B,0,0.0,873.7751999999999,0.0
68,61283.76,3,764.0,0.497,0.333,1,19044.73,36,5.0,Online,Auto Refi,0,0.1187946420976266,5708,0,0,1,B,1,0.0,2285.3676,2285.3676
47,23788.45,22,665.0,0.254,0.537,0,5556.95,60,5.89,Branch,Personal Loan,0,0.2055640282685431,12301,0,1,0,A,1,0.0,666.834,666.834
43,40095.29,15,726.0,0.484,0.369,0,9872.1,60,5.0,Branch,Auto Refi,0,0.1294540745642323,13936,0,0,1,A,0,0.0,1184.652,0.0
38,58334.15,24,745.0,0.341,0.777,0,9092.29,60,5.0,Online,Debt Consolidation,0,0.102086699458249,17769,0,1,1,B,1,0.0,1091.0748,1091.0748
22,61058.8,24,782.0,0.505,0.46,0,19895.06,60,5.0,Partner,Auto Refi,0,0.1123323661109301,6194,0,0,1,A,0,0.0,2387.4072,0.0
24,88769.51,3,747.0,0.29,0.416,1,5125.25,36,5.0,Online,Auto Refi,0,0.1335292525460256,17633,0,1,1,A,1,0.0,615.03,615.03
68,75750.32,10,695.0,0.179,0.0,1,23615.48,36,5.0,Branch,Debt Consolidation,0,0.1147359761066992,6027,0,1,1,A,1,0.0,2833.8576,2833.8576
42,95083.78,3,680.0,0.323,0.484,0,16828.6,60,5.28,Online,Personal Loan,0,0.1777934998667301,15042,0,1,1,A,1,0.0,2019.4319999999998,2019.4319999999998
27,59625.62,9,631.0,0.267,0.413,1,15293.84,36,12.36,Online,Debt Consolidation,0,0.4097636359261354,18490,0,0,0,A,0,0.0,1835.2608,0.0
56,75278.12,12,732.0,0.308,0.482,0,20233.28,36,5.0,Online,Auto Refi,0,0.1062737239533407,8732,0,1,1,A,1,0.0,2427.9936,2427.9936
66,78838.92,2,722.0,0.359,0.349,0,21950.97,36,5.0,Partner,Auto Refi,0,0.1319293781071695,1183,0,1,1,B,1,0.0,2634.1164,2634.1164
28,62103.39,7,632.0,0.502,0.535,0,26842.71,36,13.83,Online,Personal Loan,1,0.4771581476010528,18699,0,0,0,A,0,16105.625999999998,3221.1252,0.0
69,46766.94,1,624.0,0.144,0.652,0,24876.63,36,8.87,Online,Personal Loan,0,0.2620779325532753,1767,0,0,0,A,0,0.0,2985.1956,0.0
53,88964.91,11,606.0,0.279,0.236,0,8000.14,36,8.97,Online,Debt Consolidation,1,0.3264582821202718,14254,0,0,0,B,0,4800.084,960.0168,0.0
36,64699.07,19,679.0,0.261,0.372,0,24114.86,36,5.0,Branch,Personal Loan,1,0.1555670791618975,7168,0,1,1,B,1,14468.916,2893.7832,-11575.1328
38,20000.0,15,647.0,0.21,0.142,2,16055.96,36,25.0,Online,Personal Loan,1,0.7056278476220079,18520,1,0,0,B,0,9633.576,1926.7151999999999,0.0
53,27855.82,20,650.0,0.322,0.98,1,13971.87,36,18.1,Online,Debt Consolidation,0,0.647942423177115,5657,0,1,0,A,1,0.0,1676.6244,1676.6244
58,59858.72,10,750.0,0.337,0.303,1,8683.79,36,5.0,Branch,Debt Consolidation,0,0.1225490503618227,14694,0,1,1,B,1,0.0,1042.0548000000001,1042.0548000000001
68,75666.5,15,682.0,0.381,0.698,0,25668.19,36,7.87,Branch,Personal Loan,0,0.2784509409000827,13944,0,1,0,A,1,0.0,3080.1827999999996,3080.1827999999996
42,46112.1,3,728.0,0.08,0.711,0,26245.3,36,5.0,Online,Auto Refi,0,0.1183548375560686,18405,0,1,1,A,1,0.0,3149.4359999999997,3149.4359999999997
27,68590.45,8,651.0,0.419,0.493,0,25902.78,36,9.59,Branch,Debt Consolidation,0,0.3217119871223174,18597,0,0,0,A,0,0.0,3108.3336,0.0
44,56570.34,21,702.0,0.274,0.443,0,8105.21,60,5.0,Online,Debt Consolidation,0,0.1531462325718989,6833,0,1,1,B,1,0.0,972.6252,972.6252
40,33462.62,4,758.0,0.295,0.553,0,12659.17,60,5.0,Online,Debt Consolidation,0,0.0987796330161482,17342,0,1,1,B,1,0.0,1519.1004,1519.1004
48,97224.23,3,691.0,0.374,0.335,0,12073.54,60,5.0,Partner,Auto Refi,0,0.1599177578536921,19037,0,1,1,B,1,0.0,1448.8248,1448.8248
58,46048.82,2,621.0,0.383,0.215,0,24975.63,60,9.17,Online,Auto Refi,0,0.3345255927598639,1901,0,0,0,B,0,0.0,2997.0756,0.0
69,82047.01,0,660.0,0.399,0.759,0,14486.95,60,11.12,Online,Debt Consolidation,1,0.363510821660206,19634,0,1,0,B,0,8692.17,1738.434,0.0
51,30713.11,7,724.0,0.338,0.873,0,23772.57,60,5.14,Partner,Personal Loan,1,0.170055089326719,11799,0,1,1,A,1,14263.542,2852.7084,-11410.8336
25,74734.18,24,521.0,0.309,0.59,1,16610.39,36,25.0,Online,Auto Refi,1,0.7952782381828281,18621,0,0,0,A,0,9966.233999999999,1993.2468,0.0
51,47302.83,11,716.0,0.381,0.227,1,14500.06,36,5.0,Branch,Auto Refi,1,0.164147957104951,16818,0,1,1,A,1,8700.036,1740.0071999999998,-6960.0288
49,41833.14,16,610.0,0.285,0.382,0,20239.52,60,10.14,Branch,Personal Loan,1,0.3487317623304004,399,0,0,0,A,0,12143.712,2428.7424,0.0
61,20000.0,6,703.0,0.4,0.338,0,17132.92,60,15.65,Branch,Auto Refi,1,0.4430934672754228,2707,1,0,0,B,0,10279.751999999999,2055.9503999999997,0.0
44,45874.95,18,684.0,0.258,0.463,0,13712.29,60,5.0,Online,Personal Loan,1,0.1489294855029125,14483,0,1,1,B,1,8227.374,1645.4748,-6581.8992
23,89872.71,13,738.0,0.598,0.719,0,10559.73,60,6.64,Branch,Debt Consolidation,0,0.2018874502628868,11164,0,0,0,A,0,0.0,1267.1676,0.0
25,63964.2,9,644.0,0.447,0.147,1,20249.44,36,11.63,Online,Auto Refi,0,0.3528777564578879,7672,0,0,0,B,0,0.0,2429.9327999999996,0.0
68,84062.07,2,719.0,0.265,0.715,0,13976.95,36,5.0,Partner,Auto Refi,0,0.1208893219769264,1701,0,1,1,B,1,0.0,1677.234,1677.234
67,50762.76,20,692.0,0.256,0.777,0,5163.37,60,5.73,Online,Auto Refi,1,0.173741699523228,19423,0,1,1,A,1,3098.022,619.6043999999999,-2478.4175999999998
51,39609.99,20,639.0,0.4,0.526,0,18604.71,36,10.86,Online,Personal Loan,0,0.3792840081307672,10192,0,0,0,A,0,0.0,2232.5652,0.0
54,48313.85,22,651.0,0.417,0.455,2,6328.82,36,18.71,Partner,Personal Loan,0,0.6607179285196497,11476,0,0,0,B,0,0.0,759.4584,0.0
30,57264.46,21,687.0,0.334,0.612,0,3463.84,36,5.92,Online,Personal Loan,0,0.1825331664009896,16291,0,1,0,B,0,0.0,415.6608,0.0
49,66884.7,0,745.0,0.224,0.377,0,13557.41,36,5.0,Online,Personal Loan,0,0.0844530588368795,7912,0,1,1,A,1,0.0,1626.8891999999998,1626.8891999999998
48,37310.58,10,669.0,0.344,0.305,0,14603.82,36,5.05,Online,Auto Refi,0,0.1604368935644834,13940,0,1,1,A,1,0.0,1752.4584,1752.4584
44,91546.18,10,555.0,0.402,0.461,0,28563.92,36,19.95,Online,Personal Loan,1,0.5675502299211521,15594,0,0,0,A,0,17138.352,3427.6703999999995,0.0
60,79660.45,18,706.0,0.101,0.473,0,20006.86,36,5.0,Online,Personal Loan,0,0.133316727391258,13643,0,1,1,B,1,0.0,2400.8232,2400.8232
31,52819.88,21,743.0,0.246,0.404,1,14962.27,60,5.0,Partner,Debt Consolidation,0,0.1428696944545881,3300,0,1,1,A,1,0.0,1795.4723999999999,1795.4723999999999
62,96020.12,15,830.0,0.274,0.46,0,12931.04,36,5.0,Online,Debt Consolidation,0,0.0508735674115835,5434,0,1,1,A,1,0.0,1551.7248,1551.7248
40,63634.35,20,595.0,0.406,0.402,1,13683.69,36,19.53,Branch,Personal Loan,0,0.6049139689318513,11524,0,0,0,B,0,0.0,1642.0428,0.0
33,51744.16,4,547.0,0.329,0.613,0,7999.27,60,21.11,Branch,Debt Consolidation,1,0.5941961888080329,16936,0,0,0,B,0,4799.562,959.9124,0.0
49,64240.8,2,699.0,0.321,0.256,0,11864.18,36,5.0,Partner,Personal Loan,0,0.1597610013922575,19056,0,1,1,B,1,0.0,1423.7015999999999,1423.7015999999999
23,54573.36,14,722.0,0.171,0.291,1,16146.94,36,5.0,Branch,Personal Loan,0,0.1514375007039864,15401,0,1,1,B,1,0.0,1937.6328,1937.6328
65,54799.8,22,658.0,0.393,0.392,0,4332.16,36,21.54,Branch,Personal Loan,0,0.479404644816282,13788,1,0,0,B,0,0.0,519.8592,0.0
64,62338.81,4,653.0,0.228,0.929,0,22398.54,36,10.25,Online,Personal Loan,1,0.3288794095308342,12670,0,1,0,A,1,13439.124,2687.8248,-10751.2992
29,70507.2,19,651.0,0.362,0.103,0,21783.42,36,5.19,Online,Personal Loan,1,0.1353502329596681,3589,0,1,1,A,1,13070.051999999998,2614.0103999999997,-10456.041599999999
50,84826.96,7,698.0,0.302,0.299,1,15289.18,36,5.38,Branch,Debt Consolidation,0,0.1763754892978759,16764,0,1,1,B,1,0.0,1834.7015999999999,1834.7015999999999
56,42129.7,13,768.0,0.608,0.09,0,24880.81,60,5.0,Online,Personal Loan,0,0.0746217918839614,12006,0,0,1,B,1,0.0,2985.6972,2985.6972
57,48330.83,8,830.0,0.26,0.415,2,19515.67,36,5.0,Online,Personal Loan,1,0.0599154805326779,9983,0,0,1,B,1,11709.401999999998,2341.8803999999996,-9367.521599999998
29,63357.41,1,661.0,0.193,0.305,0,4357.07,36,5.0,Branch,Auto Refi,0,0.157573907814277,14486,0,1,1,B,1,0.0,522.8484,522.8484
51,49641.94,2,574.0,0.225,0.654,0,16650.17,36,16.12,Online,Auto Refi,0,0.5053651593426897,12177,0,0,0,B,0,0.0,1998.0203999999997,0.0
51,65682.07,7,635.0,0.271,0.755,0,19228.43,36,11.19,Branch,Auto Refi,1,0.3896872382936923,2858,0,0,0,A,0,11537.057999999999,2307.4116,0.0
63,51865.59,3,683.0,0.222,0.406,0,25036.18,36,5.0,Online,Personal Loan,0,0.1695646351129784,16262,0,1,1,A,1,0.0,3004.3415999999997,3004.3415999999997
63,40742.73,23,698.0,0.222,0.229,0,4881.68,36,5.0,Branch,Personal Loan,0,0.1621621023493352,396,0,1,1,A,1,0.0,585.8016,585.8016
67,56096.55,11,654.0,0.396,0.196,0,2000.0,60,6.17,Partner,Personal Loan,0,0.1999229829375193,11910,0,1,0,A,1,0.0,240.0,240.0
48,50265.37,3,819.0,0.387,0.275,0,16186.69,60,5.0,Partner,Auto Refi,0,0.0726522754995027,14035,0,1,1,B,1,0.0,1942.4028,1942.4028
54,74735.13,3,710.0,0.245,0.403,1,22598.31,36,5.0,Partner,Personal Loan,1,0.1750134949409217,2623,0,1,1,A,1,13558.986,2711.7972,-10847.1888
64,55905.32,22,598.0,0.16,0.519,0,6272.14,60,10.42,Branch,Personal Loan,1,0.3591460466559563,19048,0,0,0,B,0,3763.284,752.6568,0.0
57,52721.99,3,808.0,0.333,0.544,0,8776.53,36,5.0,Branch,Personal Loan,0,0.0715248496211679,8317,0,1,1,B,1,0.0,1053.1836,1053.1836
69,53616.1,12,615.0,0.366,0.452,1,26285.0,36,16.8,Branch,Auto Refi,1,0.5222147805012641,13496,0,0,0,B,0,15771.0,3154.2,0.0
42,58694.99,16,632.0,0.237,0.546,0,20810.9,36,8.7,Online,Auto Refi,0,0.3018172213016262,7193,0,0,0,A,0,0.0,2497.308,0.0
62,34648.1,17,757.0,0.347,0.586,0,19881.17,36,11.24,Partner,Personal Loan,0,0.3292290313687796,4797,1,0,0,B,0,0.0,2385.7403999999997,0.0
27,45293.17,12,805.0,0.294,0.18,1,16572.67,36,5.0,Online,Debt Consolidation,0,0.0746195085248547,3209,0,1,1,A,1,0.0,1988.7203999999997,1988.7203999999997
22,54449.63,2,734.0,0.492,0.645,0,13363.62,60,17.72,Online,Debt Consolidation,0,0.4517124844021413,12252,1,0,0,A,0,0.0,1603.6344000000001,0.0
53,85489.86,15,726.0,0.284,0.118,0,10651.34,36,5.0,Branch,Auto Refi,0,0.1100951667604915,15332,0,1,1,B,1,0.0,1278.1607999999999,1278.1607999999999
40,44844.18,18,755.0,0.438,0.534,1,21049.25,60,5.0,Online,Personal Loan,0,0.12350700423475,12276,0,0,1,B,1,0.0,2525.91,2525.91
48,67646.31,4,611.0,0.245,0.483,0,24869.36,60,10.3,Online,Personal Loan,0,0.3205040791648502,418,0,0,0,B,0,0.0,2984.3232,0.0
50,56057.69,0,694.0,0.244,0.681,1,9489.17,60,8.14,Online,Auto Refi,1,0.2728586421771278,3241,0,1,0,A,1,5693.5019999999995,1138.7004,-4554.8016
64,76785.87,7,699.0,0.383,0.502,1,8966.57,36,8.45,Online,Auto Refi,0,0.2928178913266313,9785,0,1,0,B,0,0.0,1075.9884,0.0
44,48707.05,17,730.0,0.346,0.079,0,17490.33,36,5.0,Branch,Auto Refi,0,0.1152960768267488,19283,0,1,1,A,1,0.0,2098.8396000000002,2098.8396000000002
47,65921.37,19,778.0,0.38,0.432,0,17636.31,36,5.0,Branch,Auto Refi,0,0.0800172508773382,11045,0,1,1,B,1,0.0,2116.3572,2116.3572
59,70029.81,24,641.0,0.483,0.57,0,22150.78,36,12.77,Online,Auto Refi,0,0.4957729307601494,6253,0,0,0,B,0,0.0,2658.0935999999997,0.0
26,53420.75,21,588.0,0.218,0.278,0,19439.36,60,10.08,Branch,Debt Consolidation,1,0.3099093648459277,1856,0,0,0,A,0,11663.616,2332.7232,0.0
64,64459.36,7,608.0,0.278,0.492,0,20385.48,36,11.42,Online,Auto Refi,0,0.3502865848007637,5263,0,0,0,A,0,0.0,2446.2576,0.0
56,45225.04,0,648.0,0.145,0.208,0,21117.69,60,5.0,Branch,Personal Loan,0,0.1305914334793678,3034,0,1,1,A,1,0.0,2534.1227999999996,2534.1227999999996
54,73225.78,8,799.0,0.454,0.444,0,4051.3,36,5.0,Online,Personal Loan,0,0.0786056610671165,5490,0,0,1,A,0,0.0,486.156,0.0
32,88576.07,11,614.0,0.214,0.814,1,16742.42,60,17.97,Branch,Auto Refi,0,0.593907868218984,10254,0,0,0,A,0,0.0,2009.0903999999998,0.0
36,72059.03,21,675.0,0.33,0.483,0,31263.11,60,5.77,Online,Personal Loan,0,0.2049317749636359,10799,0,1,0,A,1,0.0,3751.5732,3751.5732
56,107152.63,0,680.0,0.313,0.242,0,7016.81,36,5.0,Online,Auto Refi,1,0.149374961595377,7121,0,1,1,B,1,4210.086,842.0172,-3368.0688
36,89376.42,8,820.0,0.407,0.556,0,2747.51,36,5.0,Online,Personal Loan,0,0.0705946628496833,6796,0,0,1,B,1,0.0,329.70120000000003,329.70120000000003
41,95412.6,24,803.0,0.522,0.697,0,15623.13,60,5.0,Partner,Auto Refi,1,0.1499604539114508,7637,0,0,1,A,0,9373.877999999999,1874.7756,0.0
53,53792.29,24,674.0,0.439,0.508,0,8539.02,36,7.82,Partner,Auto Refi,1,0.3188565812422009,6825,0,0,0,B,0,5123.412,1024.6824,0.0
56,64259.05,2,623.0,0.148,0.407,1,2000.0,60,10.81,Branch,Personal Loan,0,0.3457749215003408,19779,0,0,0,A,0,0.0,240.0,0.0
25,73556.0,5,810.0,0.301,0.503,0,16783.42,36,5.0,Online,Personal Loan,0,0.0620405825074788,7627,0,1,1,B,1,0.0,2014.0103999999997,2014.0103999999997
64,79500.32,15,611.0,0.381,0.401,0,16486.51,36,12.19,Online,Personal Loan,1,0.3383865744276282,6023,0,0,0,B,0,9891.905999999999,1978.3811999999998,0.0
44,43428.58,6,596.0,0.514,0.317,0,14302.17,60,15.79,Partner,Debt Consolidation,0,0.5263188308080676,8647,0,0,0,A,0,0.0,1716.2604,0.0
46,71117.78,13,609.0,0.488,0.337,0,7326.5,60,13.95,Partner,Personal Loan,0,0.4796957763400975,15206,0,0,0,A,0,0.0,879.18,0.0
61,38289.28,14,602.0,0.328,0.612,1,21172.91,36,19.52,Online,Personal Loan,1,0.5879320608904172,18824,0,0,0,A,0,12703.746,2540.7491999999997,0.0
21,86456.01,9,659.0,0.185,0.435,2,4819.33,60,12.56,Online,Personal Loan,1,0.383029675765898,18410,0,0,0,B,0,2891.598,578.3195999999999,0.0
52,65117.67,14,687.0,0.118,0.887,0,22253.94,36,5.0,Online,Personal Loan,1,0.1992628256853648,14577,0,1,0,A,1,13352.364,2670.4727999999996,-10681.8912
67,48056.88,22,653.0,0.432,0.513,0,13822.51,60,9.88,Online,Auto Refi,1,0.3173352359611204,18033,0,0,0,B,0,8293.506,1658.7012,0.0
38,47112.6,0,713.0,0.296,0.361,0,23745.61,60,5.0,Branch,Debt Consolidation,0,0.1258374470594148,1542,0,1,1,A,1,0.0,2849.4732,2849.4732
23,68535.39,15,785.0,0.591,0.518,0,33255.02,36,5.0,Partner,Personal Loan,0,0.0988680010944233,38,0,0,1,B,1,0.0,3990.6023999999993,3990.6023999999993
40,64284.81,9,722.0,0.46,0.569,1,17704.28,36,8.18,Online,Auto Refi,0,0.2650334552174185,17567,0,0,0,B,0,0.0,2124.5135999999998,0.0
48,88654.69,7,769.0,0.32,0.486,1,11500.88,36,5.0,Partner,Personal Loan,1,0.1046934599271372,17242,0,1,1,A,1,6900.527999999999,1380.1055999999999,-5520.4223999999995
29,73896.22,7,718.0,0.187,0.253,0,18905.55,36,5.0,Branch,Auto Refi,0,0.1293721686765299,8566,0,1,1,B,1,0.0,2268.6659999999997,2268.6659999999997
42,61751.64,18,601.0,0.33,0.547,1,9673.53,60,25.0,Branch,Personal Loan,1,0.768490396242535,2399,1,0,0,B,0,5804.118,1160.8236,0.0
34,76796.56,6,736.0,0.21,0.375,0,14725.55,60,5.0,Partner,Personal Loan,0,0.0968671842718112,5969,0,1,1,A,1,0.0,1767.0659999999998,1767.0659999999998
25,98332.99,1,800.0,0.578,0.518,0,14861.31,36,5.0,Online,Auto Refi,0,0.1136001361057686,13935,0,0,1,B,1,0.0,1783.3572,1783.3572
42,37636.81,21,667.0,0.472,0.65,0,16092.45,36,10.63,Branch,Personal Loan,0,0.3243666024156252,17109,0,0,0,A,0,0.0,1931.094,0.0
43,94533.26,17,698.0,0.395,0.495,0,14330.07,60,5.03,Online,Debt Consolidation,0,0.1645370877922342,14345,0,1,1,A,1,0.0,1719.6083999999998,1719.6083999999998
33,90856.43,15,697.0,0.397,0.375,1,27454.5,36,7.64,Branch,Personal Loan,0,0.2902100259753664,1584,0,1,0,A,1,0.0,3294.54,3294.54
41,24287.47,20,548.0,0.451,0.235,0,19067.99,60,19.16,Online,Debt Consolidation,1,0.5459144007063697,14118,0,0,0,A,0,11440.794,2288.1588,0.0
51,57532.89,13,666.0,0.159,0.308,1,11749.74,60,5.92,Branch,Personal Loan,0,0.2215660251878571,5778,0,1,0,B,0,0.0,1409.9687999999999,0.0
46,58188.02,6,611.0,0.142,0.416,1,5894.86,60,12.15,Online,Auto Refi,1,0.3539071727077297,19099,0,0,0,B,0,3536.9159999999997,707.3832,0.0
26,90088.41,16,639.0,0.362,0.597,0,2000.0,60,10.89,Online,Personal Loan,1,0.2973086323217234,10431,0,0,0,B,0,1200.0,240.0,0.0
52,79154.61,8,795.0,0.405,0.709,2,17587.36,36,5.8,Partner,Personal Loan,0,0.1630081138796249,10224,0,0,1,A,0,0.0,2110.4832,0.0
53,67074.57,9,723.0,0.24,0.418,0,15048.67,36,5.0,Branch,Personal Loan,1,0.1479096861047808,2522,0,1,1,B,1,9029.202,1805.8404,-7223.361599999999
32,53560.39,20,674.0,0.31,0.376,1,19276.78,60,8.36,Online,Auto Refi,0,0.3062013756122458,5185,0,1,0,B,0,0.0,2313.2135999999996,0.0
23,54604.38,23,665.0,0.465,0.641,0,10899.11,36,10.55,Online,Personal Loan,1,0.294580666712293,19446,0,0,0,A,0,6539.466,1307.8932,0.0
28,76592.83,1,680.0,0.425,0.588,0,25133.15,36,7.81,Online,Personal Loan,0,0.3250704518348506,731,0,0,0,A,0,0.0,3015.978,0.0
65,69252.82,9,674.0,0.255,0.337,1,14970.81,36,6.97,Partner,Personal Loan,0,0.2163840533459435,939,0,1,0,B,0,0.0,1796.4971999999998,0.0
27,65875.3,15,785.0,0.364,0.636,1,23032.53,60,5.0,Online,Personal Loan,0,0.1067010962859274,16299,0,1,1,A,1,0.0,2763.9035999999996,2763.9035999999996
58,90124.66,2,608.0,0.412,0.655,0,7696.72,36,16.13,Online,Auto Refi,1,0.4625027358129294,13668,0,0,0,A,0,4618.032,923.6064,0.0
26,74091.38,14,672.0,0.342,0.156,0,9334.79,60,5.0,Online,Personal Loan,0,0.1389380123570474,19822,0,1,1,A,1,0.0,1120.1748,1120.1748
35,100814.18,22,750.0,0.368,0.147,0,13720.44,36,5.0,Branch,Personal Loan,0,0.1000492527715008,2402,0,1,1,A,1,0.0,1646.4528,1646.4528
55,37124.88,11,560.0,0.221,0.542,0,27209.08,36,25.0,Online,Personal Loan,1,0.8113166513229274,9920,1,0,0,B,0,16325.448,3265.0896000000002,0.0
64,66145.73,9,618.0,0.227,0.543,0,24562.22,36,9.93,Online,Auto Refi,0,0.3023177956794365,15175,0,0,0,A,0,0.0,2947.4664000000002,0.0
43,61214.74,5,634.0,0.399,0.379,0,18659.55,36,9.82,Branch,Personal Loan,0,0.3304848210835507,3343,0,0,0,A,0,0.0,2239.1459999999997,0.0
66,44055.76,24,586.0,0.27,0.368,1,2727.84,36,17.26,Online,Personal Loan,0,0.5642633161806264,12882,0,0,0,A,0,0.0,327.3408,0.0
52,56990.51,20,696.0,0.437,0.549,0,12341.58,36,6.18,Branch,Debt Consolidation,0,0.2619002445628936,5552,0,0,0,A,0,0.0,1480.9895999999999,0.0
38,64840.67,21,786.0,0.221,0.287,1,11847.18,36,5.0,Online,Personal Loan,1,0.1115878171332441,16339,0,1,1,A,1,7108.308,1421.6616,-5686.6464
29,48066.64,2,614.0,0.571,0.013,0,10140.78,60,11.41,Partner,Personal Loan,1,0.3944527818422474,7257,0,0,0,A,0,6084.468,1216.8936,0.0
38,52842.68,16,702.0,0.448,0.0,0,11738.01,60,5.0,Branch,Debt Consolidation,0,0.1341399671179152,17482,0,0,1,A,0,0.0,1408.5611999999999,0.0
51,71919.74,20,696.0,0.341,0.513,0,5142.87,60,5.0,Online,Debt Consolidation,0,0.1653862464981332,7872,0,1,1,A,1,0.0,617.1444,617.1444
32,59325.14,10,693.0,0.316,0.296,2,11011.93,60,9.84,Branch,Auto Refi,0,0.2917985760931182,13716,0,0,0,B,0,0.0,1321.4316,0.0
33,49764.9,16,647.0,0.288,0.467,0,22822.76,60,7.44,Branch,Debt Consolidation,0,0.2241144755739799,16839,0,1,0,A,1,0.0,2738.7311999999997,2738.7311999999997
60,93795.22,16,830.0,0.264,0.437,0,21695.26,60,5.0,Online,Debt Consolidation,0,0.0374261595329871,5607,0,1,1,B,1,0.0,2603.4311999999995,2603.4311999999995
24,100206.42,20,723.0,0.473,0.432,0,16651.81,36,5.0,Branch,Personal Loan,0,0.1626091819118554,18562,0,0,1,A,0,0.0,1998.2172,0.0
52,59742.19,4,693.0,0.36,0.697,0,23577.15,60,6.51,Branch,Personal Loan,0,0.2260218060045894,5642,0,1,0,A,1,0.0,2829.2580000000003,2829.2580000000003
67,62168.65,6,687.0,0.125,0.544,0,14770.74,60,5.0,Online,Personal Loan,0,0.1357186295552482,15388,0,1,1,A,1,0.0,1772.4887999999999,1772.4887999999999
31,113981.36,14,591.0,0.254,0.408,0,21500.52,36,11.9,Online,Debt Consolidation,1,0.3556077125921704,14838,0,0,0,A,0,12900.312,2580.0624,0.0
66,42079.21,6,600.0,0.276,0.564,2,14230.9,36,22.86,Online,Debt Consolidation,1,0.6623076418650954,5993,0,0,0,B,0,8538.539999999999,1707.7079999999999,0.0
58,59465.56,10,766.0,0.491,0.514,0,18392.69,36,5.0,Online,Personal Loan,0,0.0884745695705985,18471,0,0,1,A,0,0.0,2207.1227999999996,0.0
29,43948.27,11,771.0,0.09,0.499,1,2000.0,36,5.0,Online,Personal Loan,0,0.0928352844318207,8159,0,1,1,A,1,0.0,240.0,240.0
40,56665.77,1,732.0,0.352,0.214,0,18472.6,60,5.0,Online,Personal Loan,0,0.0858865842555616,18823,0,1,1,B,1,0.0,2216.7119999999995,2216.7119999999995
41,33907.75,9,646.0,0.307,0.549,0,6656.77,36,8.64,Online,Personal Loan,0,0.2965502046835392,5794,0,1,0,B,0,0.0,798.8124,0.0
51,57004.58,14,690.0,0.498,0.473,1,12939.99,60,11.18,Online,Auto Refi,0,0.4028261597460534,1552,0,0,0,A,0,0.0,1552.7988,0.0
46,46761.39,19,693.0,0.253,0.455,0,9985.98,36,5.0,Online,Personal Loan,0,0.1521105865322639,19036,0,1,1,B,1,0.0,1198.3175999999999,1198.3175999999999
30,65128.88,15,697.0,0.415,0.427,0,24263.9,36,5.0,Partner,Debt Consolidation,0,0.1737310536553929,17767,0,0,1,B,1,0.0,2911.668,2911.668
54,100748.42,22,738.0,0.375,0.555,0,15239.44,36,5.0,Branch,Personal Loan,0,0.1185175995278667,7888,0,1,1,B,1,0.0,1828.7328,1828.7328
40,81006.46,7,633.0,0.248,0.281,0,18124.47,36,19.99,Online,Personal Loan,0,0.5581375839136855,1939,1,0,0,A,0,0.0,2174.9364,0.0
68,89609.55,5,583.0,0.53,0.27,1,18926.89,36,22.03,Branch,Personal Loan,1,0.5933800334733234,3408,0,0,0,A,0,11356.134,2271.2268,0.0
42,98042.37,22,771.0,0.197,0.234,0,14543.07,36,5.0,Branch,Auto Refi,0,0.0778790101857977,7247,0,1,1,A,1,0.0,1745.1683999999998,1745.1683999999998
58,66378.41,1,771.0,0.482,0.359,1,5560.59,36,14.57,Online,Debt Consolidation,0,0.2788247984285987,16159,1,0,0,B,0,0.0,667.2708,0.0
36,67481.11,14,577.0,0.347,0.64,0,9211.65,36,18.26,Online,Personal Loan,1,0.529866537201107,15040,0,0,0,A,0,5526.99,1105.398,0.0
29,94731.24,3,670.0,0.307,0.667,1,10551.91,60,11.71,Online,Personal Loan,0,0.3408995048246425,11198,0,1,0,B,0,0.0,1266.2292,0.0
27,92889.41,4,612.0,0.491,0.586,0,11754.86,60,16.56,Partner,Auto Refi,1,0.5014298913160545,15053,0,0,0,A,0,7052.916,1410.5832,0.0
61,89248.48,8,626.0,0.28,0.407,0,26416.47,36,8.66,Online,Debt Consolidation,1,0.2959595579322652,18272,0,0,0,A,0,15849.882,3169.9764,0.0
65,74599.22,17,643.0,0.13,0.442,0,24982.39,60,5.1,Branch,Auto Refi,0,0.1342688171567278,5800,0,1,1,B,1,0.0,2997.8867999999998,2997.8867999999998
22,115574.45,4,660.0,0.333,0.527,0,14172.55,36,7.55,Online,Debt Consolidation,0,0.1396049071911182,7596,0,1,1,A,1,0.0,1700.706,1700.706
33,44777.67,4,764.0,0.393,0.573,0,8748.37,60,5.0,Partner,Personal Loan,0,0.0843988765470869,2219,0,1,1,B,1,0.0,1049.8044,1049.8044
47,73321.6,6,698.0,0.206,0.542,0,3640.06,60,5.0,Partner,Auto Refi,0,0.159065076681488,4326,0,1,1,B,1,0.0,436.80719999999997,436.80719999999997
56,51275.47,3,791.0,0.202,0.634,1,15267.58,60,5.0,Online,Personal Loan,1,0.1027587629245904,617,0,1,1,A,1,9160.547999999999,1832.1096,-7328.438399999999
30,43078.55,1,705.0,0.296,0.683,0,25873.85,36,5.0,Online,Debt Consolidation,1,0.1374853436687012,11017,0,1,1,B,1,15524.309999999998,3104.8619999999996,-12419.447999999999
29,88961.76,2,787.0,0.261,0.623,0,8483.46,36,5.0,Online,Personal Loan,0,0.0733323437520098,10250,0,1,1,A,1,0.0,1018.0151999999998,1018.0151999999998
24,87403.15,24,606.0,0.21,0.362,0,2132.4,36,8.92,Branch,Personal Loan,0,0.3790248083077244,15561,0,0,0,A,0,0.0,255.888,0.0
27,40948.17,21,731.0,0.227,0.468,0,20495.4,36,5.0,Online,Debt Consolidation,0,0.1025088339576493,17046,0,1,1,B,1,0.0,2459.448,2459.448
59,68576.14,0,672.0,0.211,0.553,0,21270.19,36,5.0,Partner,Debt Consolidation,0,0.1495027239698367,6442,0,1,1,A,1,0.0,2552.4228,2552.4228
47,80963.21,4,674.0,0.506,0.295,0,12515.74,60,7.0,Online,Auto Refi,0,0.2737139507928015,2666,0,0,0,B,0,0.0,1501.8888,0.0
28,76674.29,18,667.0,0.406,0.138,0,18274.45,36,5.0,Online,Personal Loan,0,0.1569136162014434,19480,0,0,1,A,0,0.0,2192.934,0.0
29,81487.56,24,561.0,0.239,0.404,0,5085.33,36,14.99,Online,Personal Loan,0,0.5458091175076192,1900,0,0,0,A,0,0.0,610.2396,0.0
34,68891.56,12,676.0,0.167,0.254,0,16265.55,60,5.0,Online,Auto Refi,0,0.1550174483663363,319,0,1,1,A,1,0.0,1951.8659999999998,1951.8659999999998
42,81894.96,9,656.0,0.203,0.576,0,2000.0,36,6.22,Online,Personal Loan,0,0.2142856151402519,10311,0,1,0,A,1,0.0,240.0,240.0
35,23100.94,2,746.0,0.32,0.157,0,8871.54,36,5.0,Branch,Debt Consolidation,0,0.0847273606171563,35,0,1,1,A,1,0.0,1064.5848,1064.5848
64,81140.76,23,788.0,0.305,0.294,0,17691.53,36,5.0,Online,Personal Loan,0,0.0641303236927356,19595,0,1,1,B,1,0.0,2122.9835999999996,2122.9835999999996
22,48285.0,12,733.0,0.288,0.508,0,23570.74,36,5.0,Branch,Debt Consolidation,0,0.0972679823105024,14719,0,1,1,B,1,0.0,2828.4888,2828.4888
55,60294.58,12,646.0,0.442,0.34,0,9586.61,36,8.95,Online,Personal Loan,0,0.2695920216720141,6961,0,0,0,B,0,0.0,1150.3932,0.0
51,73838.72,14,615.0,0.374,0.698,0,21403.25,60,14.97,Partner,Personal Loan,0,0.4697293960798051,3039,0,0,0,B,0,0.0,2568.39,0.0
53,52728.69,19,755.0,0.216,0.234,0,21236.5,36,5.0,Branch,Debt Consolidation,0,0.0955150089112925,6902,0,1,1,B,1,0.0,2548.38,2548.38
54,61675.11,10,691.0,0.183,0.573,0,17440.07,36,5.0,Online,Debt Consolidation,1,0.1542723087818087,17487,0,1,1,B,1,10464.042,2092.8084,-8371.2336
34,76538.6,14,525.0,0.356,0.263,0,13513.63,36,20.21,Online,Debt Consolidation,1,0.5670530027269091,10823,0,0,0,A,0,8108.177999999999,1621.6355999999998,0.0
50,83581.38,19,689.0,0.18,0.761,0,12058.49,60,5.0,Partner,Auto Refi,1,0.1683068212252854,18834,0,1,1,A,1,7235.094,1447.0187999999998,-5788.0752
69,52703.7,4,612.0,0.261,0.326,0,16974.97,36,8.97,Partner,Auto Refi,1,0.2901548127602387,18995,0,0,0,B,0,10184.982,2036.9964,0.0
42,45519.55,23,720.0,0.372,0.61,0,21168.32,36,5.0,Partner,Personal Loan,0,0.1468263191416186,4920,0,1,1,B,1,0.0,2540.1983999999998,2540.1983999999998
56,83973.0,23,652.0,0.566,0.164,1,16167.88,60,13.46,Online,Auto Refi,1,0.4800584729067868,573,0,0,0,A,0,9700.728,1940.1455999999998,0.0
34,80219.97,13,806.0,0.583,0.829,0,16017.25,60,5.0,Online,Debt Consolidation,0,0.088557661839517,14569,0,0,1,A,0,0.0,1922.07,0.0
52,86110.04,0,716.0,0.151,0.558,0,17599.75,36,5.0,Branch,Auto Refi,0,0.1341202199158305,6533,0,1,1,A,1,0.0,2111.97,2111.97
53,66687.47,3,665.0,0.426,0.668,1,15570.29,36,14.81,Online,Debt Consolidation,1,0.4656591048716116,343,0,0,0,B,0,9342.174,1868.4348,0.0
65,45098.84,16,645.0,0.286,0.277,1,9720.46,36,9.78,Online,Auto Refi,1,0.2976588696575599,4759,0,1,0,B,0,5832.275999999999,1166.4551999999999,0.0
45,84911.35,3,654.0,0.206,0.659,0,7369.36,60,7.15,Branch,Auto Refi,0,0.2182342432656673,8995,0,1,0,B,0,0.0,884.3231999999999,0.0
23,50420.19,12,548.0,0.566,0.451,0,12380.73,36,23.99,Online,Debt Consolidation,1,0.702240657141094,14642,0,0,0,A,0,7428.437999999999,1485.6876,0.0
27,48730.04,1,517.0,0.313,0.3,0,18406.48,36,20.59,Partner,Personal Loan,1,0.4411944426395043,16582,0,0,0,A,0,11043.887999999999,2208.7776,0.0
27,54558.8,4,688.0,0.544,0.411,0,2000.0,60,7.4,Branch,Debt Consolidation,1,0.2395427339791505,10122,0,0,0,B,0,1200.0,240.0,0.0
55,96035.45,16,640.0,0.502,0.584,0,35494.44,36,13.47,Branch,Personal Loan,0,0.6928321581337383,9262,0,0,0,B,0,0.0,4259.3328,0.0
50,105278.8,2,580.0,0.12,0.298,0,2000.0,60,9.21,Online,Auto Refi,0,0.2735991803109251,16694,0,0,0,A,0,0.0,240.0,0.0
43,79903.47,19,559.0,0.254,0.708,0,10659.07,36,19.25,Branch,Personal Loan,0,0.6226876448625086,15144,0,0,0,A,0,0.0,1279.0883999999999,0.0
52,61217.6,19,612.0,0.346,0.325,0,16811.04,36,10.48,Online,Auto Refi,0,0.311121690708305,13184,0,0,0,A,0,0.0,2017.3248,0.0
25,32283.44,2,830.0,0.452,0.402,0,19908.37,36,5.0,Online,Personal Loan,0,0.04347564574553,1458,0,0,1,A,0,0.0,2389.0044,0.0
29,95826.05,14,675.0,0.367,0.572,1,15544.47,36,25.0,Online,Personal Loan,1,0.7545741040768502,14925,1,0,0,B,0,9326.681999999999,1865.3364,0.0
53,20000.0,18,680.0,0.194,0.723,0,16030.57,36,5.32,Online,Personal Loan,0,0.1880725366803757,11464,0,1,0,A,1,0.0,1923.6683999999998,1923.6683999999998
21,54955.56,16,719.0,0.347,0.168,1,26583.62,36,5.0,Online,Auto Refi,1,0.1604253219460819,10098,0,1,1,A,1,15950.171999999999,3190.0343999999996,-12760.137599999998
29,74981.93,9,662.0,0.397,0.398,0,12277.49,36,7.26,Branch,Debt Consolidation,0,0.2355677328121699,14287,0,1,0,A,1,0.0,1473.2988,1473.2988
21,44045.57,21,664.0,0.405,0.386,1,18805.71,36,25.0,Online,Personal Loan,1,0.7666942014172223,4086,1,0,0,B,0,11283.426,2256.6852,0.0
60,43142.98,2,581.0,0.53,0.31,0,9988.34,36,17.85,Online,Auto Refi,0,0.6041084502185738,6042,0,0,0,B,0,0.0,1198.6008,0.0
39,73456.5,6,633.0,0.327,0.606,0,12003.78,60,10.89,Online,Personal Loan,0,0.3294820177351855,6400,0,0,0,A,0,0.0,1440.4536,0.0
28,63276.28,1,545.0,0.341,0.217,0,16862.93,60,16.9,Branch,Personal Loan,0,0.5106212361348414,15315,0,0,0,A,0,0.0,2023.5516,0.0
25,27903.1,23,698.0,0.493,0.368,0,24422.95,60,5.46,Online,Auto Refi,0,0.239868630815401,8944,0,0,0,A,0,0.0,2930.754,0.0
55,54502.19,16,694.0,0.325,0.326,0,18567.51,60,5.0,Online,Auto Refi,0,0.1584773184185019,15687,0,1,1,B,1,0.0,2228.1011999999996,2228.1011999999996
63,79640.72,19,481.0,0.146,0.532,1,6160.8,36,25.0,Branch,Personal Loan,1,0.788242617243156,5944,0,0,0,B,0,3696.48,739.296,0.0
25,100399.22,17,683.0,0.507,0.421,0,12006.75,36,7.37,Partner,Personal Loan,1,0.2694624369008316,8825,0,0,0,B,0,7204.05,1440.81,0.0
65,102688.68,6,830.0,0.379,0.48,0,22323.24,60,5.0,Branch,Auto Refi,0,0.0512055271246654,5754,0,1,1,A,1,0.0,2678.7888000000003,2678.7888000000003
34,24193.17,11,639.0,0.299,0.392,0,14357.56,60,7.65,Online,Debt Consolidation,0,0.244778592363178,10219,0,0,0,B,0,0.0,1722.9071999999999,0.0
57,48153.01,13,639.0,0.41,0.262,0,12768.03,60,8.29,Online,Auto Refi,0,0.2838317536822382,11960,0,0,0,A,0,0.0,1532.1636,0.0
21,92163.9,14,662.0,0.332,0.236,0,17348.36,60,17.92,Online,Debt Consolidation,0,0.4781443592827767,12856,1,0,0,A,0,0.0,2081.8032,0.0
57,82520.2,15,619.0,0.21,0.236,0,25169.29,36,6.6,Partner,Personal Loan,0,0.2235891008323595,5875,0,0,0,A,0,0.0,3020.3148,0.0
42,87295.84,13,700.0,0.244,0.209,1,12849.3,36,5.0,Online,Personal Loan,0,0.1506963141536365,16431,0,1,1,B,1,0.0,1541.916,1541.916
67,40806.24,24,623.0,0.385,0.336,0,9095.87,60,10.24,Branch,Debt Consolidation,0,0.3103349355846279,14500,0,0,0,A,0,0.0,1091.5044,0.0
23,29831.48,14,578.0,0.251,0.658,0,26159.06,36,16.31,Online,Personal Loan,1,0.5003471878182106,8102,0,0,0,B,0,15695.436,3139.0872,0.0
26,48959.84,24,609.0,0.05,0.12,0,2000.0,36,5.0,Online,Debt Consolidation,1,0.150394709572324,14641,0,0,1,B,1,1200.0,240.0,-960.0
65,48757.75,21,566.0,0.491,0.277,1,11019.89,36,23.19,Branch,Debt Consolidation,1,0.674668659929859,12635,0,0,0,A,0,6611.933999999999,1322.3868,0.0
69,89217.16,15,690.0,0.456,0.501,0,24517.39,36,6.59,Online,Debt Consolidation,0,0.2163840436868677,6784,0,0,0,A,0,0.0,2942.0868,0.0
48,81223.57,8,685.0,0.206,0.58,0,21444.16,36,5.0,Online,Auto Refi,0,0.1563384695976492,12592,0,1,1,B,1,0.0,2573.2992,2573.2992
68,63329.43,22,684.0,0.254,0.545,1,9252.42,60,8.02,Online,Debt Consolidation,0,0.2687260069116211,7100,0,1,0,A,1,0.0,1110.2903999999999,1110.2903999999999
22,47218.89,10,596.0,0.304,0.291,1,5953.04,36,15.87,Online,Auto Refi,0,0.4889553175351367,1756,0,0,0,B,0,0.0,714.3648,0.0
66,35106.81,3,766.0,0.228,0.504,0,37597.95,36,5.0,Branch,Auto Refi,0,0.0617343656358874,13533,0,1,1,A,1,0.0,4511.754,4511.754
59,71473.06,7,723.0,0.493,0.465,0,9615.01,60,5.0,Online,Personal Loan,1,0.1451869381725141,472,0,0,1,B,1,5769.006,1153.8011999999999,-4615.2048
65,72954.63,7,640.0,0.561,0.713,0,18615.69,36,16.29,Online,Personal Loan,0,0.4958238933520215,17629,0,0,0,B,0,0.0,2233.8828,0.0
56,91204.52,18,628.0,0.149,0.396,0,15451.55,36,6.25,Partner,Personal Loan,0,0.2264390076947858,12850,0,0,0,B,0,0.0,1854.186,0.0
28,69353.77,1,753.0,0.587,0.517,1,13399.7,36,6.96,Online,Auto Refi,0,0.2771622364847501,6038,0,0,0,B,0,0.0,1607.964,0.0
28,75994.72,20,720.0,0.24,0.668,0,21290.18,36,5.0,Online,Auto Refi,0,0.1413674032030471,14895,0,1,1,A,1,0.0,2554.8215999999998,2554.8215999999998
54,64152.16,24,608.0,0.515,0.253,0,29012.05,36,13.69,Online,Auto Refi,0,0.5869896530841511,6426,0,0,0,A,0,0.0,3481.446,0.0
64,73756.34,22,757.0,0.307,0.568,0,13467.37,60,5.0,Partner,Personal Loan,0,0.1032219934829683,18866,0,1,1,B,1,0.0,1616.0844,1616.0844
62,43443.63,12,724.0,0.455,0.392,1,11902.27,36,6.31,Online,Personal Loan,0,0.2276491467684731,6177,0,0,0,B,0,0.0,1428.2724,0.0
60,60919.84,16,797.0,0.37,0.158,2,2000.0,36,5.0,Online,Personal Loan,0,0.1039627312762757,7870,0,0,1,A,0,0.0,240.0,0.0
43,47380.0,20,631.0,0.137,0.393,0,19053.8,60,5.75,Partner,Debt Consolidation,0,0.16415392503706,6817,0,0,1,A,0,0.0,2286.4559999999997,0.0
26,20000.0,6,696.0,0.05,0.189,1,11677.46,36,5.0,Online,Personal Loan,0,0.1324445076334909,9282,0,1,1,A,1,0.0,1401.2951999999998,1401.2951999999998
39,78450.54,8,778.0,0.36,0.546,0,7117.5,36,5.0,Online,Personal Loan,0,0.0746312567468442,1463,0,1,1,A,1,0.0,854.1,854.1
51,108839.75,3,703.0,0.51,0.451,0,9371.01,36,5.94,Online,Debt Consolidation,0,0.186257132982953,10382,0,0,0,A,0,0.0,1124.5212,0.0
38,91072.44,18,790.0,0.279,0.75,0,25573.01,36,8.25,Partner,Personal Loan,0,0.2452240349021734,3339,1,0,0,A,0,0.0,3068.7612,0.0
55,44209.75,12,742.0,0.36,0.318,0,17184.03,36,5.0,Online,Debt Consolidation,0,0.0991801454331176,11995,0,1,1,B,1,0.0,2062.0836,2062.0836
40,68183.22,17,634.0,0.491,0.608,1,20395.04,36,19.23,Online,Personal Loan,1,0.6021048169355211,6236,0,0,0,A,0,12237.024,2447.4048,0.0
36,75015.65,8,560.0,0.268,0.517,0,7291.9,36,17.16,Partner,Personal Loan,1,0.5897627616878004,9255,0,0,0,A,0,4375.139999999999,875.0279999999999,0.0
29,49479.08,16,695.0,0.229,0.776,0,14402.77,36,5.04,Branch,Personal Loan,0,0.1580840617730802,9018,0,1,1,B,1,0.0,1728.3324,1728.3324
33,51921.53,11,646.0,0.316,0.509,0,18753.58,36,8.41,Online,Debt Consolidation,1,0.3018172213016262,1585,0,1,0,A,1,11252.148000000001,2250.4296,-9001.718400000002
25,48718.67,24,612.0,0.435,0.652,0,8215.85,36,16.16,Online,Personal Loan,1,0.4468103645825441,7623,0,0,0,A,0,4929.51,985.902,0.0
50,47632.84,23,604.0,0.363,0.254,0,13162.28,60,10.97,Branch,Personal Loan,0,0.3585084605195803,18217,0,0,0,A,0,0.0,1579.4736,0.0
26,43161.18,16,678.0,0.322,0.231,0,25365.8,36,5.0,Online,Personal Loan,0,0.1507804027045998,5023,0,1,1,A,1,0.0,3043.8959999999997,3043.8959999999997
62,52411.02,13,830.0,0.252,0.375,0,12351.5,36,5.0,Online,Personal Loan,0,0.0417166362449559,4757,0,1,1,A,1,0.0,1482.1799999999998,1482.1799999999998
48,62109.48,6,762.0,0.471,0.598,0,14002.89,36,5.0,Online,Auto Refi,0,0.0999486973919103,173,0,0,1,B,1,0.0,1680.3467999999998,1680.3467999999998
29,62105.81,10,704.0,0.437,0.713,0,26560.68,36,6.94,Online,Personal Loan,0,0.2317484184742881,10567,0,0,0,A,0,0.0,3187.2816,0.0
61,57289.56,10,560.0,0.461,0.379,0,4206.48,60,19.69,Online,Personal Loan,1,0.4712550471176759,11216,0,0,0,B,0,2523.8879999999995,504.77759999999995,0.0
21,49821.85,4,646.0,0.221,0.533,1,17854.71,36,11.1,Online,Auto Refi,1,0.3715171154139146,14976,0,1,0,B,0,10712.826,2142.5652,0.0
59,91382.74,24,694.0,0.295,0.446,0,19536.06,36,5.0,Branch,Personal Loan,0,0.1656282320419659,9977,0,1,1,A,1,0.0,2344.3272,2344.3272
23,73948.4,0,681.0,0.291,0.329,1,12361.5,36,6.91,Branch,Personal Loan,0,0.2215744545787687,9508,0,1,0,B,0,0.0,1483.3799999999999,0.0
69,84502.19,15,598.0,0.344,0.564,2,14464.05,36,24.4,Online,Auto Refi,0,0.657317990930179,973,0,0,0,A,0,0.0,1735.686,0.0
45,89219.01,11,639.0,0.05,0.308,0,12968.62,36,5.0,Online,Auto Refi,0,0.1293605012070605,19073,0,0,1,B,1,0.0,1556.2344,1556.2344
55,57952.91,20,781.0,0.433,0.566,0,12309.11,60,5.0,Online,Auto Refi,1,0.0926633663436352,12590,0,0,1,B,1,7385.466,1477.0932,-5908.3728
46,69523.36,13,659.0,0.298,0.093,1,16990.21,36,6.85,Online,Personal Loan,1,0.1919518278568321,901,0,1,0,A,1,10194.125999999998,2038.8251999999998,-8155.300799999999
47,64986.53,4,599.0,0.4,0.452,0,13910.29,36,14.54,Online,Auto Refi,1,0.4397677119493802,19390,0,0,0,A,0,8346.174,1669.2348,0.0
42,59489.09,2,626.0,0.158,0.394,0,12623.65,60,6.55,Partner,Personal Loan,0,0.2597821775439489,15874,0,0,0,A,0,0.0,1514.838,0.0
46,69266.57,15,830.0,0.319,0.525,0,15305.37,60,5.0,Branch,Debt Consolidation,0,0.0448026455268612,10797,0,1,1,A,1,0.0,1836.6444000000001,1836.6444000000001
59,57987.96,7,597.0,0.333,0.504,1,14752.79,36,18.89,Branch,Personal Loan,1,0.6113906571509357,16878,0,0,0,A,0,8851.674,1770.3348,0.0
66,50162.2,1,627.0,0.05,0.657,1,21939.21,36,11.14,Online,Personal Loan,0,0.3351413560142341,12531,0,0,0,B,0,0.0,2632.7052,0.0
35,78413.0,10,561.0,0.619,0.779,1,27734.58,36,25.0,Branch,Personal Loan,1,0.815282364819896,9383,0,0,0,B,0,16640.748,3328.1496,0.0
69,71940.6,1,687.0,0.295,0.082,0,7647.99,36,5.0,Branch,Personal Loan,0,0.1103953381857052,14375,0,1,1,B,1,0.0,917.7588,917.7588
48,75679.2,3,766.0,0.357,0.418,1,17488.33,36,5.0,Online,Personal Loan,1,0.1033740303380708,8977,0,1,1,B,1,10492.998000000001,2098.5996,-8394.398400000002
36,52083.19,0,723.0,0.391,0.169,0,12969.08,60,5.0,Branch,Auto Refi,0,0.1295960298429117,3000,0,1,1,B,1,0.0,1556.2895999999998,1556.2895999999998
42,44368.54,23,696.0,0.204,0.122,0,20803.31,36,5.0,Online,Personal Loan,0,0.1395853894097013,10422,0,1,1,B,1,0.0,2496.3972,2496.3972
58,24048.91,8,819.0,0.483,0.572,0,9660.23,36,5.0,Branch,Debt Consolidation,0,0.0802348784475841,4836,0,0,1,B,1,0.0,1159.2276,1159.2276
23,51029.59,9,751.0,0.297,0.623,0,16484.21,36,5.0,Online,Auto Refi,1,0.0936308635278593,9608,0,1,1,A,1,9890.526,1978.1051999999997,-7912.4208
24,44004.54,20,682.0,0.299,0.827,0,15458.27,60,7.67,Online,Debt Consolidation,1,0.2521193250047167,514,0,1,0,A,1,9274.962,1854.9924,-7419.969599999999
48,20000.0,1,640.0,0.351,0.402,1,25937.73,60,12.97,Branch,Auto Refi,0,0.4364120414656603,686,0,1,0,B,0,0.0,3112.5276,0.0
52,34604.66,16,598.0,0.44,0.582,1,20223.45,36,22.0,Branch,Personal Loan,0,0.642622985477478,2604,0,0,0,B,0,0.0,2426.814,0.0
35,53896.56,11,764.0,0.381,0.539,1,12377.6,60,5.0,Partner,Auto Refi,1,0.1114729840284099,3698,0,1,1,A,1,7426.5599999999995,1485.312,-5941.248
28,81024.27,16,614.0,0.344,0.212,0,20355.06,36,9.09,Online,Personal Loan,0,0.2985685687784877,11833,0,0,0,A,0,0.0,2442.6072,0.0
27,88101.43,16,732.0,0.358,0.513,0,11683.1,60,5.0,Online,Personal Loan,0,0.1040942612441793,6065,0,1,1,A,1,0.0,1401.972,1401.972
26,29980.83,0,563.0,0.294,0.747,0,30145.15,36,19.99,Online,Personal Loan,1,0.6403544693187766,3697,0,0,0,A,0,18087.09,3617.418,0.0
48,28531.61,15,718.0,0.368,0.679,0,19023.98,36,5.0,Online,Personal Loan,0,0.136810685756537,6783,0,1,1,B,1,0.0,2282.8776,2282.8776
33,46034.36,12,540.0,0.361,0.624,1,6809.77,36,25.0,Online,Auto Refi,1,0.7521459459248139,15126,0,0,0,A,0,4085.862,817.1724,0.0
36,65527.29,1,662.0,0.311,0.536,0,2000.0,36,7.06,Online,Personal Loan,1,0.2045663367770474,17862,0,1,0,B,0,1200.0,240.0,0.0
45,66853.49,5,651.0,0.319,0.313,0,15381.54,60,6.18,Online,Auto Refi,0,0.2212461946263453,17212,0,1,0,B,0,0.0,1845.7848000000001,0.0
30,34344.3,7,682.0,0.219,0.459,0,21257.1,36,5.0,Online,Auto Refi,1,0.1566816350224885,12528,0,1,1,B,1,12754.259999999998,2550.852,-10203.408
31,76399.22,7,620.0,0.466,0.658,0,17089.44,36,15.99,Branch,Auto Refi,1,0.4229992710038211,3669,0,0,0,A,0,10253.663999999999,2050.7327999999998,0.0
23,86281.75,18,678.0,0.502,0.278,0,13226.57,60,6.45,Partner,Auto Refi,0,0.2473012947023564,4588,0,0,0,A,0,0.0,1587.1884,0.0
39,99239.89,10,579.0,0.309,0.097,0,13666.79,36,10.84,Online,Auto Refi,1,0.3385976560089428,5684,0,0,0,B,0,8200.074,1640.0148000000002,0.0
62,32480.72,7,540.0,0.184,0.304,0,13687.07,36,15.09,Online,Debt Consolidation,0,0.4765680339170501,7093,0,0,0,B,0,0.0,1642.4484,0.0
56,67318.77,18,650.0,0.39,0.453,0,14251.63,60,8.73,Online,Personal Loan,0,0.3109161304971909,9478,0,1,0,B,0,0.0,1710.1955999999998,0.0
47,80789.2,18,830.0,0.264,0.623,0,22456.08,36,5.0,Partner,Personal Loan,0,0.0505992617501459,17563,0,1,1,A,1,0.0,2694.7296,2694.7296
41,61201.79,17,666.0,0.25,0.518,0,14750.25,36,5.58,Online,Personal Loan,0,0.1712532456082605,12552,0,1,1,B,1,0.0,1770.03,1770.03
47,89996.99,6,650.0,0.132,0.0,0,20113.81,60,5.0,Online,Debt Consolidation,0,0.1298149246624766,16793,0,1,1,A,1,0.0,2413.6572,2413.6572
69,30806.81,21,679.0,0.237,0.439,0,20445.53,36,5.0,Branch,Debt Consolidation,0,0.1513252712116894,19695,0,1,1,B,1,0.0,2453.4635999999996,2453.4635999999996
32,51152.11,11,572.0,0.256,0.65,0,28195.95,36,17.02,Online,Auto Refi,0,0.5528053126206359,1932,0,0,0,B,0,0.0,3383.514,0.0
31,98499.06,5,673.0,0.282,0.288,0,9982.38,36,5.0,Online,Personal Loan,1,0.150225749279262,4372,0,1,1,B,1,5989.427999999999,1197.8855999999998,-4791.542399999999
29,86954.6,19,746.0,0.421,0.306,0,11343.31,60,5.0,Online,Auto Refi,0,0.1003657787084122,2630,0,0,1,A,0,0.0,1361.1971999999998,0.0
34,32497.76,13,633.0,0.281,0.275,0,6587.13,36,6.82,Online,Personal Loan,0,0.2132903225061571,19844,0,0,0,A,0,0.0,790.4556,0.0
51,60825.64,16,704.0,0.366,0.661,0,21524.37,36,5.44,Online,Personal Loan,0,0.1789012693214391,18403,0,1,1,B,1,0.0,2582.9244,2582.9244
21,73499.85,11,763.0,0.333,0.475,0,14633.72,36,5.0,Branch,Debt Consolidation,0,0.0795965937689354,1316,0,1,1,A,1,0.0,1756.0464,1756.0464
51,30429.62,11,648.0,0.43,0.588,0,13125.36,36,11.17,Online,Personal Loan,0,0.4009038572902704,6985,0,0,0,B,0,0.0,1575.0432,0.0
41,62904.46,18,658.0,0.225,0.506,1,18138.35,60,9.61,Partner,Debt Consolidation,1,0.3164680553013301,2596,0,1,0,A,1,10883.009999999998,2176.602,-8706.408
30,51081.96,4,645.0,0.365,0.646,0,15439.35,60,10.76,Online,Personal Loan,0,0.3543094043317629,6643,0,1,0,A,1,0.0,1852.722,1852.722
59,76927.51,12,601.0,0.265,0.173,0,17112.79,36,8.6,Branch,Auto Refi,0,0.2924328955157952,13829,0,0,0,A,0,0.0,2053.5348,0.0
62,84711.39,14,729.0,0.085,0.675,1,10311.66,36,5.0,Online,Personal Loan,0,0.1333317958332238,18893,0,1,1,B,1,0.0,1237.3991999999998,1237.3991999999998
22,73774.58,17,787.0,0.368,0.462,0,12011.63,60,5.0,Online,Personal Loan,0,0.0784824372481102,11274,0,1,1,A,1,0.0,1441.3955999999998,1441.3955999999998
63,64152.05,2,599.0,0.324,0.271,0,21851.1,60,10.91,Online,Auto Refi,0,0.3801230877887057,6887,0,0,0,A,0,0.0,2622.1319999999996,0.0
55,67258.27,14,651.0,0.306,0.371,1,28780.55,36,10.47,Online,Auto Refi,0,0.3328831080603249,1375,0,1,0,B,0,0.0,3453.6659999999997,0.0
36,68569.98,21,580.0,0.336,0.586,1,27370.97,60,21.93,Partner,Auto Refi,0,0.6659326672046224,11631,0,0,0,B,0,0.0,3284.5164,0.0
60,51383.1,1,692.0,0.438,0.557,0,12300.1,60,6.68,Online,Debt Consolidation,0,0.2250821150725825,6929,0,0,0,B,0,0.0,1476.012,0.0
42,60613.31,2,714.0,0.171,0.0,0,9870.85,60,5.0,Online,Personal Loan,0,0.115424595992296,11114,0,1,1,B,1,0.0,1184.502,1184.502
50,61525.11,7,654.0,0.29,0.503,0,9611.32,36,7.1,Online,Personal Loan,0,0.2211856689386633,17130,0,1,0,A,1,0.0,1153.3583999999998,1153.3583999999998
42,20000.0,6,545.0,0.339,0.344,1,15341.08,36,23.2,Branch,Personal Loan,1,0.6569911388770532,5957,0,0,0,A,0,9204.648,1840.9296,0.0
66,86075.49,11,605.0,0.506,0.751,1,11189.14,60,24.43,Online,Personal Loan,1,0.6343159474585307,15059,0,0,0,A,0,6713.4839999999995,1342.6968,0.0
34,100903.65,0,745.0,0.343,0.443,2,11741.97,60,6.78,Online,Debt Consolidation,1,0.2175661348548741,4046,0,0,0,A,0,7045.182,1409.0364,0.0
22,64356.03,13,660.0,0.238,0.499,2,18026.88,36,14.24,Branch,Personal Loan,1,0.3979667955953205,8858,0,0,0,A,0,10816.128,2163.2256,0.0
25,65757.85,4,621.0,0.189,0.79,0,8278.71,60,11.5,Online,Personal Loan,1,0.3860305977862943,14474,0,0,0,B,0,4967.226,993.4451999999999,0.0
37,32171.54,16,707.0,0.189,0.347,1,19676.26,60,15.62,Online,Personal Loan,1,0.4332960162230928,13517,1,0,0,A,0,11805.756,2361.1512,0.0
54,54630.18,14,642.0,0.33,0.061,0,10457.32,60,5.08,Branch,Auto Refi,0,0.1447979034777503,9289,0,1,1,A,1,0.0,1254.8783999999998,1254.8783999999998
61,72084.69,4,623.0,0.35,0.448,0,7052.61,36,10.77,Branch,Auto Refi,0,0.3747925615290167,257,0,0,0,A,0,0.0,846.3131999999999,0.0
62,41501.82,10,655.0,0.379,0.435,0,20304.78,60,7.93,Branch,Personal Loan,1,0.3087237914730918,6205,0,1,0,B,0,12182.867999999999,2436.5735999999997,0.0
49,82708.92,6,683.0,0.264,0.566,0,7027.85,36,5.0,Branch,Personal Loan,0,0.1681689091586063,4406,0,1,1,B,1,0.0,843.342,843.342
58,68782.76,23,792.0,0.24,0.258,0,11123.36,60,5.0,Online,Personal Loan,0,0.0709551749531998,16636,0,1,1,A,1,0.0,1334.8032,1334.8032
24,56571.03,22,677.0,0.278,0.397,0,13196.64,60,5.0,Online,Debt Consolidation,0,0.149618004208966,14804,0,1,1,B,1,0.0,1583.5967999999998,1583.5967999999998
24,59983.15,23,742.0,0.314,0.283,0,22934.41,60,5.0,Online,Personal Loan,0,0.0908435696556028,10287,0,1,1,B,1,0.0,2752.1292,2752.1292
56,77390.72,23,748.0,0.49,0.491,1,8805.39,60,19.09,Online,Debt Consolidation,0,0.5843311408700291,10738,1,0,0,B,0,0.0,1056.6468,0.0
24,64378.63,6,663.0,0.368,0.246,0,2000.0,36,5.44,Partner,Personal Loan,0,0.1421072549977961,16844,0,1,1,B,1,0.0,240.0,240.0
65,67321.77,15,692.0,0.314,0.456,2,8937.46,60,11.62,Online,Personal Loan,0,0.3528795805424116,2524,0,0,0,B,0,0.0,1072.4951999999998,0.0
33,67765.4,9,756.0,0.338,0.509,0,7974.05,36,5.0,Branch,Debt Consolidation,0,0.0988825123075502,8437,0,1,1,B,1,0.0,956.886,956.886
59,71867.28,5,590.0,0.357,0.395,0,13527.78,60,14.04,Online,Auto Refi,0,0.4211247432257221,3742,0,0,0,B,0,0.0,1623.3336,0.0
34,56655.85,14,639.0,0.351,0.335,0,18964.11,60,7.97,Online,Personal Loan,0,0.2658796345890272,4835,0,0,0,A,0,0.0,2275.6932,0.0
23,42935.27,9,736.0,0.173,0.505,0,10818.96,36,5.0,Online,Debt Consolidation,0,0.0979702386239531,16,0,1,1,A,1,0.0,1298.2751999999998,1298.2751999999998
37,49440.81,12,706.0,0.349,0.665,0,5973.61,36,5.1,Online,Personal Loan,0,0.1358680896873596,18192,0,1,1,B,1,0.0,716.8331999999999,716.8331999999999
57,50662.98,18,653.0,0.257,0.354,0,20161.76,36,18.68,Partner,Debt Consolidation,1,0.5034574783930699,19505,1,0,0,A,0,12097.055999999999,2419.4111999999996,0.0
53,61288.32,23,722.0,0.214,0.098,0,21512.81,60,5.0,Branch,Debt Consolidation,0,0.1684603542607528,2984,0,1,1,A,1,0.0,2581.5372,2581.5372
39,42239.46,20,669.0,0.276,0.33,0,13552.01,36,5.0,Online,Debt Consolidation,0,0.1508386229822598,1287,0,1,1,B,1,0.0,1626.2412,1626.2412
33,65948.45,24,655.0,0.333,0.706,0,8221.04,60,9.81,Online,Personal Loan,0,0.2870769233236027,18239,0,1,0,A,1,0.0,986.5248,986.5248
46,75713.16,20,704.0,0.225,0.372,1,13595.14,36,5.0,Branch,Personal Loan,0,0.1658051737567064,1435,0,1,1,B,1,0.0,1631.4168,1631.4168
59,81773.76,14,563.0,0.313,0.462,0,11160.0,36,17.02,Branch,Auto Refi,0,0.5407389563693696,11792,0,0,0,B,0,0.0,1339.2,0.0
22,52197.05,19,698.0,0.139,0.809,0,16237.88,60,5.0,Online,Personal Loan,0,0.1516009210778159,10432,0,1,1,B,1,0.0,1948.5456,1948.5456
22,44760.24,18,619.0,0.517,0.311,0,10694.02,36,13.11,Branch,Debt Consolidation,0,0.4745744242329108,13603,0,0,0,A,0,0.0,1283.2824,0.0
23,60452.94,19,670.0,0.267,0.489,0,16652.94,36,5.31,Online,Auto Refi,0,0.1720177738886275,12173,0,1,1,A,1,0.0,1998.3527999999997,1998.3527999999997
27,55476.82,13,582.0,0.324,0.189,0,22274.6,36,11.85,Partner,Auto Refi,0,0.372326231643295,6508,0,0,0,A,0,0.0,2672.9519999999998,0.0
61,78287.95,16,668.0,0.537,0.236,1,25672.73,60,11.83,Online,Auto Refi,0,0.3998805007808084,4049,0,0,0,A,0,0.0,3080.7275999999997,0.0
43,80141.84,6,675.0,0.298,0.603,0,2000.0,36,6.33,Branch,Debt Consolidation,1,0.2053298247068523,2163,0,1,0,B,0,1200.0,240.0,0.0
31,94624.37,18,747.0,0.421,0.332,0,17597.29,60,5.0,Online,Auto Refi,0,0.092609268130124,4774,0,0,1,B,1,0.0,2111.6748000000002,2111.6748000000002
33,53866.09,22,586.0,0.266,0.884,1,14040.13,36,23.16,Partner,Personal Loan,1,0.7361232009901718,1041,0,0,0,A,0,8424.078,1684.8156,0.0
52,60324.93,19,713.0,0.097,0.477,0,10819.03,60,5.0,Online,Personal Loan,0,0.1301961049947086,3937,0,1,1,B,1,0.0,1298.2836,1298.2836
64,97856.32,1,828.0,0.224,0.477,0,19798.59,36,5.0,Partner,Debt Consolidation,0,0.0405140911551084,7313,0,1,1,B,1,0.0,2375.8307999999997,2375.8307999999997
69,80210.0,3,552.0,0.384,0.742,0,4764.75,36,23.18,Online,Debt Consolidation,1,0.6325719706239297,13514,0,0,0,A,0,2858.85,571.77,0.0
26,85093.84,21,552.0,0.442,0.449,2,17583.94,60,25.0,Branch,Auto Refi,1,0.7038150956437821,4000,1,0,0,B,0,10550.364,2110.0728,0.0
58,41482.6,17,671.0,0.319,0.281,1,18736.68,36,7.82,Branch,Auto Refi,0,0.2730542916488984,16915,0,1,0,A,1,0.0,2248.4016,2248.4016
33,87549.43,23,673.0,0.333,0.097,0,7406.31,60,5.0,Online,Personal Loan,0,0.1707572044214015,9648,0,1,1,B,1,0.0,888.7572,888.7572
68,66778.51,1,670.0,0.372,0.395,1,19628.55,36,10.0,Online,Personal Loan,1,0.2703140221399078,8319,0,1,0,A,1,11777.13,2355.426,-9421.704
43,77432.25,10,692.0,0.247,0.44,1,18497.84,60,6.19,Online,Personal Loan,0,0.2225732140792302,3470,0,1,0,B,0,0.0,2219.7408,0.0
65,63067.83,7,617.0,0.312,0.352,0,15536.87,60,9.64,Partner,Personal Loan,1,0.2977379768815474,2941,0,0,0,B,0,9322.122,1864.4244,0.0
27,107286.79,13,645.0,0.366,0.211,0,18419.11,60,6.55,Online,Debt Consolidation,0,0.2338714950801474,13274,0,1,0,A,1,0.0,2210.2932,2210.2932
49,99395.15,12,749.0,0.438,0.356,0,32328.73,36,11.39,Partner,Personal Loan,1,0.4027241811408753,246,1,0,0,A,0,19397.237999999998,3879.4476,0.0
40,64501.28,3,646.0,0.454,0.841,0,12307.66,36,14.72,Online,Auto Refi,0,0.4755203048446539,12844,0,0,0,A,0,0.0,1476.9191999999998,0.0
68,78387.23,1,595.0,0.258,0.227,0,16199.58,36,9.59,Online,Debt Consolidation,0,0.2912991113116612,18061,0,0,0,A,0,0.0,1943.9496,0.0
30,87350.45,2,653.0,0.334,0.658,1,26810.63,36,14.08,Branch,Personal Loan,0,0.453713377306736,13794,0,1,0,B,0,0.0,3217.2756,0.0
31,45482.15,6,619.0,0.448,0.17,1,19686.1,36,14.85,Online,Personal Loan,1,0.4329354833062656,3293,0,0,0,B,0,11811.659999999998,2362.332,0.0
38,72700.96,4,614.0,0.391,0.617,1,2000.0,60,19.55,Partner,Personal Loan,0,0.5955709390839229,17936,0,0,0,A,0,0.0,240.0,0.0
58,46452.08,2,715.0,0.484,0.723,0,6564.69,60,6.82,Online,Auto Refi,0,0.2350549239528663,11085,0,0,0,B,0,0.0,787.7628,0.0
30,51474.84,16,659.0,0.316,0.08,0,31077.4,36,5.0,Partner,Personal Loan,0,0.1335714181370356,8655,0,1,1,A,1,0.0,3729.288,3729.288
31,79445.81,5,614.0,0.383,0.365,0,14850.72,36,11.5,Branch,Personal Loan,1,0.3955637177484177,9516,0,0,0,A,0,8910.431999999999,1782.0864,0.0
48,87743.46,2,747.0,0.322,0.641,1,12481.92,60,5.0,Online,Auto Refi,0,0.1317149018070532,17389,0,1,1,B,1,0.0,1497.8304,1497.8304
55,43157.5,13,732.0,0.315,0.499,0,16305.18,36,5.0,Online,Personal Loan,0,0.1093772662073822,17983,0,1,1,B,1,0.0,1956.6216,1956.6216
33,83351.22,21,809.0,0.26,0.443,1,13061.87,60,5.0,Branch,Personal Loan,0,0.0995474337950237,8360,0,1,1,A,1,0.0,1567.4244,1567.4244
43,82929.22,15,579.0,0.267,0.446,1,2000.0,60,18.87,Online,Personal Loan,1,0.5820519294259708,8119,0,0,0,A,0,1200.0,240.0,0.0
53,71409.52,0,697.0,0.208,0.435,1,6099.17,36,5.19,Branch,Personal Loan,0,0.1914560516631722,1147,0,1,0,A,1,0.0,731.9004,731.9004
63,112949.11,13,696.0,0.32,0.417,0,17058.18,36,5.0,Online,Auto Refi,0,0.1368795551514463,5850,0,1,1,B,1,0.0,2046.9816,2046.9816
47,48939.69,7,676.0,0.303,0.305,0,26539.63,60,16.42,Branch,Auto Refi,0,0.4687194632929584,9104,1,0,0,B,0,0.0,3184.7556,0.0
59,66414.44,9,650.0,0.344,0.612,1,19660.15,36,14.15,Online,Debt Consolidation,0,0.4116579311177277,7662,0,1,0,B,0,0.0,2359.2180000000003,0.0
38,58287.39,4,669.0,0.455,0.428,0,18345.79,36,21.95,Partner,Personal Loan,1,0.6043831855522935,632,1,0,0,B,0,11007.474,2201.4948,0.0
49,46891.66,1,614.0,0.366,0.285,0,14622.38,36,10.33,Partner,Auto Refi,0,0.3068614585394849,9464,0,0,0,A,0,0.0,1754.6855999999998,0.0
31,50706.43,19,687.0,0.093,0.137,0,33069.34,36,5.0,Online,Personal Loan,0,0.4486393116010478,19194,0,1,0,A,1,0.0,3968.3207999999995,3968.3207999999995
53,62764.09,22,703.0,0.435,0.808,0,23310.7,60,7.88,Partner,Personal Loan,1,0.345197982828481,1951,0,0,0,A,0,13986.42,2797.284,0.0
31,84649.38,2,830.0,0.306,0.467,1,20601.31,36,5.0,Online,Auto Refi,0,0.0622961640612911,18133,0,1,1,A,1,0.0,2472.1572,2472.1572
50,90384.18,21,730.0,0.277,0.453,1,11256.4,60,5.0,Online,Personal Loan,0,0.1643035555578192,12770,0,1,1,A,1,0.0,1350.7679999999998,1350.7679999999998
61,78543.62,14,732.0,0.414,0.024,0,19084.94,60,5.0,Online,Personal Loan,0,0.0888189042953381,3723,0,0,1,A,0,0.0,2290.1928,0.0
44,100436.85,5,693.0,0.273,0.428,0,22548.4,36,5.0,Online,Personal Loan,0,0.1549878331335486,1503,0,1,1,B,1,0.0,2705.808,2705.808
67,57577.39,13,668.0,0.102,0.367,0,22865.49,36,5.0,Branch,Auto Refi,0,0.1304039982090184,3269,0,1,1,B,1,0.0,2743.8588,2743.8588
50,72936.78,9,802.0,0.309,0.369,0,10576.44,36,5.0,Online,Auto Refi,0,0.0754166608020128,5129,0,1,1,A,1,0.0,1269.1728,1269.1728
47,59897.19,1,688.0,0.358,0.277,0,16635.69,36,5.0,Partner,Auto Refi,0,0.1440604683032299,8919,0,1,1,A,1,0.0,1996.2827999999997,1996.2827999999997
45,50369.44,2,480.0,0.313,0.499,1,25682.66,60,25.0,Branch,Personal Loan,1,0.8102596394880879,12686,0,0,0,B,0,15409.596,3081.9192,0.0
26,80383.78,24,570.0,0.352,0.756,0,11706.14,36,20.54,Branch,Debt Consolidation,1,0.6845189120273735,4687,0,0,0,B,0,7023.683999999999,1404.7368,0.0
38,53707.69,9,691.0,0.276,0.447,1,2000.0,36,20.63,Online,Personal Loan,1,0.5549224282146152,3955,1,0,0,B,0,1200.0,240.0,0.0
46,52822.05,15,759.0,0.367,0.359,0,2000.0,60,5.0,Branch,Personal Loan,0,0.0866623699737085,5089,0,1,1,B,1,0.0,240.0,240.0
45,40965.35,0,600.0,0.371,0.518,0,25746.62,60,14.56,Online,Debt Consolidation,0,0.4486332911824878,6624,0,0,0,A,0,0.0,3089.5944,0.0
58,71670.16,1,730.0,0.258,0.826,0,15948.45,36,5.0,Branch,Personal Loan,1,0.1343850526874546,6425,0,1,1,A,1,9569.07,1913.814,-7655.255999999999
32,53804.8,16,480.0,0.299,0.344,0,16153.35,36,24.87,Online,Personal Loan,0,0.8052078059876036,3437,0,0,0,A,0,0.0,1938.402,0.0
36,33651.57,24,716.0,0.334,0.48,0,14288.72,36,5.0,Branch,Personal Loan,0,0.1511314033360367,34,0,1,1,A,1,0.0,1714.6463999999999,1714.6463999999999
55,66865.89,14,797.0,0.05,0.064,0,20667.43,36,5.0,Online,Auto Refi,0,0.0843127809788593,19415,0,1,1,A,1,0.0,2480.0915999999997,2480.0915999999997
51,87753.85,2,663.0,0.414,0.312,0,16515.05,60,20.47,Online,Auto Refi,1,0.5669298602088942,17155,1,0,0,B,0,9909.029999999999,1981.8059999999998,0.0
36,56931.45,14,595.0,0.266,0.843,1,10177.97,36,21.64,Online,Debt Consolidation,1,0.7416260678245513,6674,0,0,0,A,0,6106.781999999999,1221.3564,0.0
42,95362.08,20,671.0,0.378,0.465,0,16362.49,60,6.74,Branch,Personal Loan,0,0.2490324408057956,3403,0,1,0,B,0,0.0,1963.4987999999998,0.0
38,84268.12,18,726.0,0.357,0.063,0,27849.98,36,5.0,Online,Auto Refi,0,0.0722982538939076,13984,0,1,1,A,1,0.0,3341.9975999999997,3341.9975999999997
49,70214.97,7,637.0,0.608,0.719,0,12539.11,36,25.0,Branch,Personal Loan,1,0.824519528605734,13597,1,0,0,A,0,7523.466,1504.6932,0.0
69,62002.2,2,707.0,0.482,0.655,0,16131.81,60,6.89,Branch,Auto Refi,0,0.214088074903684,575,0,0,0,A,0,0.0,1935.8172,0.0
68,74982.94,11,752.0,0.115,0.746,0,2000.0,36,5.0,Online,Debt Consolidation,0,0.097250643009289,13594,0,1,1,A,1,0.0,240.0,240.0
58,69931.23,11,622.0,0.381,0.36,0,20794.36,36,10.57,Online,Auto Refi,0,0.3245666881456452,15833,0,0,0,A,0,0.0,2495.3232,0.0
33,50554.53,16,696.0,0.348,0.37,0,13159.02,36,5.0,Online,Debt Consolidation,0,0.1551032247242249,19329,0,1,1,B,1,0.0,1579.0824,1579.0824
23,41677.42,0,749.0,0.381,0.256,0,10231.36,36,5.0,Online,Auto Refi,0,0.092218085110509,10722,0,1,1,B,1,0.0,1227.7632,1227.7632
69,49986.03,6,601.0,0.058,0.242,0,10028.48,60,5.76,Partner,Personal Loan,1,0.2478227597387641,17380,0,0,0,B,0,6017.088,1203.4176,0.0
36,87544.89,21,779.0,0.459,0.781,0,21634.04,36,5.0,Branch,Auto Refi,0,0.0692127674981669,8541,0,0,1,A,0,0.0,2596.0848,0.0
28,67065.08,11,585.0,0.21,0.265,0,2000.0,36,10.1,Partner,Debt Consolidation,1,0.3288747429707856,16237,0,0,0,A,0,1200.0,240.0,0.0
29,50795.06,9,678.0,0.205,0.611,1,2000.0,36,8.34,Branch,Auto Refi,0,0.3134665534031416,6525,0,1,0,B,0,0.0,240.0,0.0
55,58209.72,0,727.0,0.385,0.337,0,15945.29,36,5.0,Branch,Personal Loan,0,0.1175370405213534,12578,0,1,1,A,1,0.0,1913.4348,1913.4348
67,57566.62,12,548.0,0.242,0.382,1,22993.52,36,21.25,Branch,Auto Refi,1,0.5961325618590243,13547,0,0,0,A,0,13796.112,2759.2224,0.0
43,53140.16,15,682.0,0.526,0.634,0,8783.47,60,9.87,Online,Personal Loan,0,0.3075996111088308,1383,0,0,0,B,0,0.0,1054.0164,0.0
59,89199.42,2,660.0,0.343,0.48,0,22062.15,36,7.3,Partner,Debt Consolidation,0,0.2219250127631032,7,0,1,0,A,1,0.0,2647.458,2647.458
62,43009.94,18,628.0,0.285,0.75,0,19066.8,36,12.19,Online,Auto Refi,0,0.3563494835020617,1548,0,0,0,B,0,0.0,2288.0159999999996,0.0
41,64659.42,5,591.0,0.519,0.359,2,18043.09,60,25.0,Branch,Auto Refi,0,0.7916962398279686,15063,0,0,0,A,0,0.0,2165.1708,0.0
64,47223.89,17,765.0,0.595,0.729,1,27605.41,36,7.98,Online,Debt Consolidation,1,0.2337633365277294,16174,0,0,0,B,0,16563.246,3312.6492,0.0
37,73936.55,11,585.0,0.419,0.77,0,6856.02,36,20.46,Branch,Personal Loan,0,0.6556643702129344,9632,0,0,0,A,0,0.0,822.7224,0.0
37,74767.6,20,647.0,0.419,0.32,1,30372.67,60,12.72,Branch,Debt Consolidation,1,0.4810674079285894,12155,0,0,0,A,0,18223.602,3644.7203999999997,0.0
33,58335.02,22,749.0,0.273,0.231,0,18256.69,36,5.0,Branch,Auto Refi,0,0.0917014958651785,3893,0,1,1,B,1,0.0,2190.8028,2190.8028
49,56487.9,20,648.0,0.204,0.579,0,27522.07,60,6.95,Online,Debt Consolidation,0,0.2410882125454409,5005,0,1,0,A,1,0.0,3302.6484,3302.6484
69,67256.97,17,652.0,0.143,0.39,0,3082.61,60,5.0,Branch,Personal Loan,0,0.1291547878224133,8058,0,1,1,A,1,0.0,369.9132,369.9132
33,67734.79,4,715.0,0.239,0.493,0,16314.78,36,5.0,Branch,Personal Loan,0,0.1438067017450557,15730,0,1,1,B,1,0.0,1957.7736,1957.7736
64,85490.45,1,763.0,0.125,0.606,0,16061.29,36,5.0,Online,Auto Refi,0,0.0561950819999037,13275,0,1,1,A,1,0.0,1927.3548,1927.3548
24,74104.47,4,655.0,0.332,0.266,0,19415.9,60,5.65,Online,Debt Consolidation,0,0.1814192804467864,12187,0,1,0,B,0,0.0,2329.908,0.0
47,100870.05,2,608.0,0.447,0.446,0,4229.88,36,14.49,Online,Debt Consolidation,0,0.3705478840578398,13455,0,0,0,A,0,0.0,507.5856,0.0
49,73385.62,13,761.0,0.315,0.511,0,11307.69,60,5.0,Online,Personal Loan,0,0.0855465122166252,1254,0,1,1,A,1,0.0,1356.9228,1356.9228
49,29979.98,21,566.0,0.325,0.0,0,6164.63,36,11.59,Online,Auto Refi,1,0.3575697767570517,14748,0,0,0,A,0,3698.778,739.7556,0.0
65,61875.14,20,784.0,0.273,0.629,0,23440.88,36,5.0,Online,Auto Refi,0,0.0771821293839837,8274,0,1,1,A,1,0.0,2812.9056,2812.9056
68,73759.97,8,672.0,0.08,0.545,0,23855.15,36,5.0,Online,Debt Consolidation,0,0.1373160009403184,9178,0,1,1,B,1,0.0,2862.618,2862.618
30,84064.69,17,756.0,0.456,0.57,1,15582.49,36,5.19,Branch,Personal Loan,1,0.1629766949866347,2408,0,0,1,A,0,9349.493999999999,1869.8988,0.0
48,43031.61,15,692.0,0.117,0.256,0,21195.79,36,5.0,Online,Debt Consolidation,0,0.1370016226202786,11865,0,1,1,B,1,0.0,2543.4948,2543.4948
28,66966.29,11,625.0,0.363,0.423,0,2808.6,60,10.57,Online,Personal Loan,0,0.2694266082193301,13706,0,0,0,A,0,0.0,337.032,0.0
48,20000.0,2,633.0,0.567,0.451,0,8837.34,36,14.16,Online,Auto Refi,1,0.5196566323986125,19230,0,0,0,A,0,5302.4039999999995,1060.4808,0.0
41,68480.6,16,649.0,0.295,0.614,0,22252.27,60,8.72,Online,Personal Loan,0,0.3008872118994962,17079,0,1,0,A,1,0.0,2670.2724,2670.2724
62,70775.19,4,608.0,0.628,0.335,0,29308.53,36,17.05,Branch,Auto Refi,0,0.6438885668651234,1661,0,0,0,A,0,0.0,3517.0235999999995,0.0
64,66529.37,13,567.0,0.17,0.0,1,2000.0,36,12.92,Branch,Personal Loan,0,0.3911747800568024,37,0,0,0,B,0,0.0,240.0,0.0
49,86851.44,11,608.0,0.481,0.263,0,9539.67,36,12.98,Online,Personal Loan,0,0.3914672980671733,12571,0,0,0,B,0,0.0,1144.7604,0.0
24,108581.84,11,753.0,0.667,0.19,1,22707.21,36,5.48,Branch,Personal Loan,0,0.1794190258440452,5925,0,0,1,B,1,0.0,2724.8651999999997,2724.8651999999997
34,62977.03,13,615.0,0.299,0.235,0,8273.1,36,8.4,Partner,Debt Consolidation,0,0.2965716056445856,13987,0,0,0,B,0,0.0,992.772,0.0
47,30096.59,17,575.0,0.204,0.716,1,11141.47,60,21.17,Online,Personal Loan,1,0.5903338835571531,19195,0,0,0,A,0,6684.882,1336.9763999999998,0.0
23,53187.42,13,696.0,0.395,0.504,0,11442.27,36,5.28,Partner,Personal Loan,0,0.1895061179103774,19609,0,1,0,B,0,0.0,1373.0724,0.0
30,56686.26,7,646.0,0.319,0.416,0,14573.76,36,7.59,Branch,Personal Loan,0,0.2536673817775737,8422,0,1,0,B,0,0.0,1748.8512,0.0
54,72639.9,3,620.0,0.301,0.6,0,10708.9,60,11.81,Branch,Debt Consolidation,0,0.3914781528280663,9241,0,0,0,A,0,0.0,1285.068,0.0
25,39161.17,4,737.0,0.421,0.407,0,20134.28,36,5.0,Branch,Debt Consolidation,0,0.109447202407878,7797,0,0,1,A,0,0.0,2416.1135999999997,0.0
54,84620.08,17,659.0,0.106,0.716,0,12373.92,36,5.63,Online,Personal Loan,0,0.1674992796350788,17494,0,1,1,A,1,0.0,1484.8704,1484.8704
59,106215.82,7,638.0,0.329,0.471,0,19325.66,36,9.04,Online,Personal Loan,0,0.3012957853020064,8297,0,0,0,A,0,0.0,2319.0791999999997,0.0
68,50829.56,5,711.0,0.28,0.637,0,17936.43,36,5.0,Branch,Personal Loan,0,0.1404671093920728,16114,0,1,1,B,1,0.0,2152.3716,2152.3716
32,44086.04,0,711.0,0.371,0.794,0,12319.8,36,19.6,Branch,Personal Loan,0,0.6780134454854914,12121,1,0,0,B,0,0.0,1478.3759999999997,0.0
62,71128.1,23,628.0,0.253,0.226,0,7725.47,60,6.42,Online,Debt Consolidation,0,0.219273888024518,16753,0,0,0,A,0,0.0,927.0563999999999,0.0
29,64938.5,4,732.0,0.358,0.536,0,19284.63,36,5.0,Partner,Personal Loan,0,0.1150402850773171,1970,0,1,1,A,1,0.0,2314.1556,2314.1556
38,64882.56,24,620.0,0.217,0.398,1,9397.57,60,12.4,Branch,Debt Consolidation,0,0.4296285574340095,15120,0,0,0,A,0,0.0,1127.7084,0.0
56,103044.69,1,677.0,0.208,0.675,1,22400.79,60,9.11,Branch,Auto Refi,0,0.2767088231905555,4459,0,1,0,B,0,0.0,2688.0948,0.0
69,62842.51,0,682.0,0.249,0.639,0,8259.99,36,5.33,Branch,Debt Consolidation,0,0.1667221597546054,4092,0,1,1,B,1,0.0,991.1987999999999,991.1987999999999
22,55895.13,20,663.0,0.352,0.736,1,3544.36,60,14.21,Online,Personal Loan,0,0.3839900177330553,19323,0,1,0,A,1,0.0,425.3232,425.3232
39,40236.77,16,814.0,0.167,0.727,0,8907.22,36,5.0,Partner,Debt Consolidation,0,0.0649739610309616,19747,0,1,1,A,1,0.0,1068.8663999999999,1068.8663999999999
51,61065.43,12,662.0,0.374,0.684,0,15376.65,60,9.62,Branch,Personal Loan,1,0.3085954387689233,14944,0,1,0,B,0,9225.99,1845.1979999999999,0.0
25,65296.67,4,732.0,0.105,0.53,0,20075.96,36,5.0,Online,Personal Loan,0,0.085764621062647,281,0,1,1,A,1,0.0,2409.1151999999997,2409.1151999999997
24,100915.52,12,761.0,0.209,0.538,0,13427.04,60,5.0,Online,Debt Consolidation,0,0.0884229450827675,10341,0,1,1,A,1,0.0,1611.2448,1611.2448
52,55205.71,20,681.0,0.388,0.381,0,33673.14,36,5.33,Partner,Debt Consolidation,0,0.2264963977790686,15282,0,1,0,B,0,0.0,4040.7767999999996,0.0
65,56996.65,20,755.0,0.489,0.346,0,26354.37,60,5.0,Online,Auto Refi,0,0.1252017781191311,5466,0,0,1,A,0,0.0,3162.5244,0.0
64,76230.97,7,653.0,0.178,0.893,1,14783.98,60,13.49,Online,Auto Refi,0,0.4545259519341468,3266,0,1,0,B,0,0.0,1774.0775999999998,0.0
64,54125.98,4,614.0,0.54,0.446,0,14442.29,60,15.78,Online,Auto Refi,1,0.5604828041183763,18020,0,0,0,A,0,8665.374,1733.0748,0.0
35,52921.64,4,636.0,0.314,0.072,0,27849.1,36,5.43,Online,Personal Loan,0,0.1418773789125653,4418,0,0,1,A,0,0.0,3341.892,0.0
56,48487.96,15,663.0,0.262,0.501,1,22886.0,60,24.14,Online,Personal Loan,1,0.6573469607922442,2328,1,0,0,B,0,13731.6,2746.3199999999997,0.0
68,49348.2,19,552.0,0.295,0.415,1,13110.74,60,25.0,Online,Debt Consolidation,1,0.7561592011319096,11892,1,0,0,B,0,7866.4439999999995,1573.2887999999998,0.0
65,87119.81,7,480.0,0.329,0.634,0,14157.43,60,25.0,Online,Auto Refi,1,0.8056733819072359,15190,0,0,0,A,0,8494.458,1698.8916,0.0
36,95494.83,1,751.0,0.239,0.654,0,6294.9,36,5.0,Online,Auto Refi,0,0.0870013027766982,5220,0,1,1,B,1,0.0,755.3879999999999,755.3879999999999
56,85117.82,17,742.0,0.244,0.249,0,12078.69,36,5.0,Online,Auto Refi,0,0.0861687574005738,1755,0,1,1,A,1,0.0,1449.4428,1449.4428
60,56646.39,9,573.0,0.343,0.712,0,11028.91,36,19.47,Online,Personal Loan,1,0.5664255032395871,380,0,0,0,A,0,6617.346,1323.4692,0.0
25,59857.59,23,822.0,0.208,0.211,0,26267.61,60,5.0,Online,Personal Loan,0,0.0614573233297041,14155,0,1,1,B,1,0.0,3152.1132,3152.1132
61,39940.06,4,747.0,0.302,0.397,0,28713.37,60,5.0,Partner,Personal Loan,0,0.1254179914213069,15690,0,1,1,A,1,0.0,3445.6043999999997,3445.6043999999997
22,84593.92,22,583.0,0.164,0.376,0,12047.05,36,10.64,Branch,Auto Refi,1,0.3878515813572925,10615,0,0,0,A,0,7228.23,1445.646,0.0
33,90722.08,23,556.0,0.395,0.717,0,8339.24,60,22.68,Online,Personal Loan,1,0.6105231674503313,5301,0,0,0,B,0,5003.544,1000.7087999999999,0.0
57,47734.13,20,703.0,0.406,0.558,0,14895.4,60,5.31,Branch,Auto Refi,0,0.1934264547472801,6585,0,0,0,B,0,0.0,1787.4479999999999,0.0
68,66892.5,24,830.0,0.256,0.71,0,14459.77,60,5.0,Online,Personal Loan,0,0.0564335049030709,14469,1,0,1,A,0,0.0,1735.1724,0.0
57,65335.33,0,633.0,0.185,0.769,0,5960.52,60,9.83,Online,Personal Loan,0,0.3074018805683136,9558,0,0,0,B,0,0.0,715.2624000000001,0.0
60,56513.5,13,651.0,0.219,0.36,0,3998.26,60,5.11,Online,Debt Consolidation,0,0.1502697781287158,14311,0,1,1,B,1,0.0,479.7912,479.7912
30,62689.87,21,733.0,0.326,0.614,0,10229.58,60,5.0,Online,Auto Refi,0,0.1100692987616342,10524,0,1,1,B,1,0.0,1227.5496,1227.5496
65,82815.91,19,762.0,0.354,0.547,0,17182.44,36,5.0,Online,Auto Refi,0,0.0797564833386504,19820,0,1,1,B,1,0.0,2061.8927999999996,2061.8927999999996
53,58043.35,10,644.0,0.255,0.683,1,24590.65,60,13.79,Branch,Debt Consolidation,0,0.403370489315578,9593,0,1,0,A,1,0.0,2950.878,2950.878
40,89199.76,0,519.0,0.355,0.457,0,19445.28,36,25.0,Online,Auto Refi,1,0.7955149748692993,12283,1,0,0,A,0,11667.168,2333.4336,0.0
46,69113.51,19,770.0,0.458,0.164,1,15011.22,36,5.0,Online,Personal Loan,0,0.0961597469821976,3089,0,0,1,A,0,0.0,1801.3464,0.0
62,27416.72,15,656.0,0.496,0.054,0,18129.41,36,19.96,Partner,Personal Loan,1,0.4221762360670359,16341,1,0,0,B,0,10877.645999999999,2175.5292,0.0
34,85802.29,12,710.0,0.621,0.386,1,11670.37,60,10.52,Online,Auto Refi,1,0.4260358365417808,926,0,0,0,B,0,7002.222000000001,1400.4444,0.0
51,101942.86,21,721.0,0.398,0.508,1,27215.05,36,6.71,Online,Auto Refi,0,0.2431004621796394,7659,0,1,0,B,0,0.0,3265.8059999999996,0.0
21,60552.24,15,673.0,0.452,0.733,1,20731.07,60,15.17,Branch,Personal Loan,0,0.4454924171751914,777,0,0,0,B,0,0.0,2487.7284,0.0
59,101387.69,18,700.0,0.41,0.243,0,9688.88,60,5.0,Online,Debt Consolidation,0,0.1493880494754951,2673,0,0,1,B,1,0.0,1162.6655999999998,1162.6655999999998
53,76091.42,13,557.0,0.134,0.646,0,19613.49,36,16.08,Online,Personal Loan,0,0.5118801145113864,17467,0,0,0,B,0,0.0,2353.6188,0.0
37,87437.5,0,665.0,0.271,0.346,0,14502.93,60,5.0,Online,Personal Loan,0,0.1358293241067259,14692,0,1,1,B,1,0.0,1740.3516,1740.3516
64,81540.34,1,772.0,0.275,0.583,0,28361.23,36,5.0,Online,Personal Loan,0,0.0425783034829162,5001,0,1,1,A,1,0.0,3403.3475999999996,3403.3475999999996
22,68522.26,7,669.0,0.42,0.41,0,8871.01,60,7.07,Online,Personal Loan,0,0.2471073504696715,224,0,0,0,A,0,0.0,1064.5212,0.0
66,37963.3,19,642.0,0.401,0.572,1,11848.02,36,15.85,Online,Personal Loan,1,0.4857631775406573,6957,0,0,0,B,0,7108.812,1421.7624,0.0
36,69532.51,15,616.0,0.204,0.431,1,18993.66,60,13.06,Branch,Personal Loan,0,0.4286563522616718,12639,0,0,0,B,0,0.0,2279.2392,0.0
28,57211.37,7,786.0,0.33,0.554,0,8121.63,36,5.0,Branch,Debt Consolidation,0,0.0783849858960229,19084,0,1,1,B,1,0.0,974.5956,974.5956
30,68243.84,16,555.0,0.219,0.323,1,14040.43,60,19.32,Branch,Debt Consolidation,0,0.612563649667249,15989,0,0,0,A,0,0.0,1684.8516,0.0
41,53592.7,15,692.0,0.56,0.799,0,24691.16,60,11.26,Partner,Personal Loan,1,0.3685878540282559,16060,0,0,0,A,0,14814.696,2962.9392,0.0
37,79448.88,13,616.0,0.322,0.239,0,9159.71,36,8.79,Online,Personal Loan,0,0.2898598135125514,17402,0,0,0,B,0,0.0,1099.1652,0.0
34,84513.05,24,613.0,0.113,0.796,0,13600.47,36,10.93,Online,Auto Refi,0,0.4417359858630703,1093,0,0,0,B,0,0.0,1632.0564,0.0
51,103680.96,15,780.0,0.377,0.377,1,17097.76,60,5.0,Online,Personal Loan,0,0.1148469817668686,2100,0,1,1,A,1,0.0,2051.7311999999997,2051.7311999999997
32,65621.23,5,726.0,0.181,0.486,1,32655.19,60,5.0,Partner,Auto Refi,0,0.189867299310548,10119,0,1,0,A,1,0.0,3918.6227999999996,3918.6227999999996
64,52502.46,24,729.0,0.375,0.25,1,21436.84,60,5.0,Online,Personal Loan,1,0.1700271685203038,14615,0,1,1,A,1,12862.104,2572.4208,-10289.6832
42,75206.81,16,738.0,0.544,0.578,2,23050.87,36,12.67,Online,Personal Loan,0,0.3842749593456951,14651,0,0,0,A,0,0.0,2766.1043999999997,0.0
52,97630.75,14,707.0,0.277,0.492,1,12274.47,60,5.9,Online,Personal Loan,0,0.1979486127227187,5255,0,1,0,B,0,0.0,1472.9363999999998,0.0
28,97707.59,23,779.0,0.146,0.614,0,21104.24,36,5.0,Branch,Personal Loan,1,0.0878264360790597,9755,0,1,1,A,1,12662.544,2532.5088,-10130.0352
66,93888.88,10,766.0,0.159,0.423,0,8635.22,36,5.0,Online,Personal Loan,0,0.0694424493247587,12695,0,1,1,A,1,0.0,1036.2263999999998,1036.2263999999998
66,73454.31,7,759.0,0.315,0.641,0,13683.18,60,5.0,Partner,Auto Refi,0,0.0993120153708707,16125,0,1,1,B,1,0.0,1641.9816,1641.9816
41,58035.04,13,618.0,0.177,0.111,0,24300.6,36,5.17,Partner,Personal Loan,1,0.1689033426783012,8477,0,0,1,A,0,14580.359999999999,2916.0719999999997,0.0
58,60783.8,9,724.0,0.208,0.608,0,18626.15,36,5.0,Branch,Personal Loan,0,0.1465032372507829,8813,0,1,1,A,1,0.0,2235.138,2235.138
46,63581.65,4,763.0,0.11,0.0,1,10879.77,36,5.0,Online,Debt Consolidation,1,0.0786809220267887,49,0,1,1,A,1,6527.862,1305.5724,-5222.2896
50,57421.54,5,622.0,0.343,0.37,0,2696.38,36,9.91,Online,Personal Loan,0,0.2979551170468762,7703,0,0,0,B,0,0.0,323.5656,0.0
22,47193.68,11,538.0,0.153,0.57,0,26348.29,36,17.82,Online,Personal Loan,0,0.5514160601411161,2269,0,0,0,A,0,0.0,3161.7948,0.0
36,49186.07,24,773.0,0.198,0.451,1,10006.47,36,5.0,Online,Debt Consolidation,0,0.1146705354482975,10642,0,1,1,B,1,0.0,1200.7764,1200.7764
46,63217.02,17,577.0,0.175,0.698,1,8041.78,36,20.1,Online,Debt Consolidation,1,0.5877219902161988,9200,0,0,0,B,0,4825.067999999999,965.0135999999999,0.0
56,49774.71,20,670.0,0.352,0.346,1,26718.12,60,9.2,Online,Personal Loan,0,0.3169440256151427,2685,0,1,0,A,1,0.0,3206.1744,3206.1744
56,34468.25,21,654.0,0.187,0.252,1,8557.87,36,6.92,Branch,Auto Refi,0,0.2339409213807684,13368,0,1,0,A,1,0.0,1026.9444,1026.9444
34,63901.82,15,631.0,0.225,0.589,0,15123.66,36,8.97,Online,Personal Loan,1,0.3025713726818599,8745,0,0,0,A,0,9074.196,1814.8392,0.0
34,46972.74,24,706.0,0.279,0.251,0,20290.45,36,5.0,Branch,Personal Loan,0,0.1574019053439325,10566,0,1,1,A,1,0.0,2434.854,2434.854
63,55631.52,1,772.0,0.527,0.558,0,24876.02,60,5.0,Online,Debt Consolidation,0,0.1075656584312872,537,0,0,1,B,1,0.0,2985.1223999999997,2985.1223999999997
51,92892.01,13,723.0,0.666,0.395,0,23540.4,36,6.23,Partner,Auto Refi,1,0.2842159623795571,10669,0,0,0,A,0,14124.24,2824.848,0.0
54,79500.75,11,695.0,0.318,0.142,0,8535.63,60,5.0,Online,Debt Consolidation,0,0.152163391419364,7196,0,1,1,A,1,0.0,1024.2756,1024.2756
56,56786.07,18,732.0,0.332,0.342,0,11613.06,60,5.0,Online,Personal Loan,0,0.0971487135187948,19968,0,1,1,A,1,0.0,1393.5672,1393.5672
21,63054.32,12,539.0,0.426,0.351,1,23275.31,36,25.0,Branch,Personal Loan,1,0.7704550900080216,14477,0,0,0,B,0,13965.186,2793.0372,0.0
33,53587.17,0,684.0,0.304,0.26,0,9248.79,60,5.0,Online,Personal Loan,0,0.1612559108631772,19176,0,1,1,A,1,0.0,1109.8548,1109.8548
69,73640.36,21,609.0,0.098,0.113,0,16830.68,60,5.0,Branch,Debt Consolidation,0,0.131618937372558,10904,0,0,1,A,0,0.0,2019.6816,0.0
52,90934.03,24,763.0,0.359,0.818,1,28400.44,36,5.22,Online,Debt Consolidation,0,0.1537712282691481,10933,0,1,1,B,1,0.0,3408.0528,3408.0528
35,40954.64,6,669.0,0.343,0.356,1,10834.64,36,9.23,Online,Personal Loan,0,0.3121443454146578,13054,0,1,0,B,0,0.0,1300.1568,0.0
64,84373.88,19,587.0,0.115,0.826,0,13096.93,36,14.19,Online,Auto Refi,1,0.4290075414475635,12940,0,0,0,A,0,7858.157999999999,1571.6316,0.0
34,64257.13,15,695.0,0.264,0.689,0,7455.1,36,5.0,Branch,Debt Consolidation,0,0.1460584219385192,16585,0,1,1,A,1,0.0,894.612,894.612
31,29415.69,18,652.0,0.555,0.555,0,18437.3,36,12.91,Partner,Personal Loan,0,0.4538128989970553,1213,0,0,0,A,0,0.0,2212.4759999999997,0.0
46,48477.05,1,578.0,0.163,0.537,1,24949.1,60,17.82,Partner,Debt Consolidation,0,0.655989099208457,17860,0,0,0,A,0,0.0,2993.892,0.0
45,74911.72,17,634.0,0.193,0.5,0,13004.11,36,7.33,Online,Auto Refi,1,0.2346947980183886,16525,0,0,0,A,0,7802.466,1560.4932000000001,0.0
44,71401.2,23,737.0,0.146,0.148,0,10989.84,60,5.0,Branch,Personal Loan,0,0.0862907166882079,14300,0,1,1,B,1,0.0,1318.7808,1318.7808
50,53647.5,22,685.0,0.23,0.98,0,20899.58,36,7.69,Branch,Debt Consolidation,0,0.3120484559715174,2764,0,1,0,B,0,0.0,2507.9496,0.0
35,51648.65,12,623.0,0.373,0.681,1,19853.25,36,18.79,Partner,Personal Loan,1,0.5689297784179917,7908,0,0,0,A,0,11911.949999999999,2382.39,0.0
25,103012.34,0,557.0,0.403,0.471,0,13120.54,36,19.87,Partner,Personal Loan,1,0.5971947373277432,16589,0,0,0,A,0,7872.3240000000005,1574.4648,0.0
66,70769.19,24,689.0,0.477,0.578,0,14389.68,36,7.78,Branch,Debt Consolidation,0,0.2919945865098272,3346,0,0,0,B,0,0.0,1726.7616,0.0
53,53834.57,0,809.0,0.385,0.455,0,13273.73,36,5.0,Online,Personal Loan,0,0.066867723641117,10626,0,1,1,A,1,0.0,1592.8475999999998,1592.8475999999998
44,48614.19,14,701.0,0.204,0.447,0,17642.73,36,5.0,Branch,Debt Consolidation,0,0.1173430047228178,198,0,1,1,A,1,0.0,2117.1276,2117.1276
59,56808.72,18,734.0,0.432,0.54,0,14484.18,60,5.0,Online,Personal Loan,0,0.1091910800883323,18446,0,0,1,A,0,0.0,1738.1016,0.0
68,69363.01,23,692.0,0.17,0.835,2,21849.86,60,25.0,Online,Personal Loan,0,0.8003524578758819,12983,1,0,0,A,0,0.0,2621.9832,0.0
28,67301.92,18,738.0,0.396,0.362,0,25975.84,36,5.0,Online,Auto Refi,0,0.0987287967290082,5380,0,1,1,A,1,0.0,3117.1007999999997,3117.1007999999997
64,37728.55,10,762.0,0.432,0.329,0,2000.0,36,5.0,Online,Personal Loan,0,0.0758979968387904,19713,0,0,1,B,1,0.0,240.0,240.0
60,99912.16,20,684.0,0.378,0.154,0,13910.02,36,5.0,Branch,Debt Consolidation,0,0.1656867084987069,14141,0,1,1,A,1,0.0,1669.2024,1669.2024
35,44088.25,9,662.0,0.458,0.451,2,10259.83,36,18.2,Partner,Auto Refi,1,0.5339163320508976,19707,0,0,0,A,0,6155.898,1231.1796,0.0
63,50059.0,0,679.0,0.313,0.536,0,13223.25,36,5.68,Online,Auto Refi,1,0.1795410120489598,14229,0,1,1,A,1,7933.95,1586.79,-6347.16
68,72443.9,24,647.0,0.291,0.342,0,21006.58,36,6.36,Online,Auto Refi,0,0.23602808116173,15571,0,1,0,B,0,0.0,2520.7896,0.0
31,83874.35,17,623.0,0.539,0.846,0,25198.15,36,19.47,Branch,Personal Loan,1,0.6252502681937595,9966,0,0,0,B,0,15118.89,3023.7780000000002,0.0
68,64757.51,5,699.0,0.05,0.638,0,8152.98,36,5.0,Branch,Personal Loan,0,0.1414131910553658,11148,0,1,1,B,1,0.0,978.3575999999999,978.3575999999999
65,88013.93,9,663.0,0.566,0.171,1,12968.89,60,12.19,Branch,Personal Loan,0,0.3605226421567498,2434,0,0,0,B,0,0.0,1556.2667999999999,0.0
56,42694.9,22,697.0,0.346,0.422,0,17329.08,36,5.0,Branch,Debt Consolidation,0,0.1538174894397482,3863,0,1,1,A,1,0.0,2079.4896000000003,2079.4896000000003
51,49772.15,16,828.0,0.289,0.543,0,2000.0,36,5.0,Online,Auto Refi,0,0.064416726329246,8377,0,1,1,B,1,0.0,240.0,240.0
64,83096.94,16,715.0,0.449,0.276,0,13448.29,60,5.0,Online,Auto Refi,0,0.134184701285951,1964,0,0,1,A,0,0.0,1613.7948000000001,0.0
29,38706.6,7,752.0,0.228,0.444,0,19125.1,36,5.0,Online,Auto Refi,0,0.1002244449549616,11528,0,1,1,A,1,0.0,2295.0119999999997,2295.0119999999997
50,98864.83,16,722.0,0.555,0.715,0,19615.18,60,21.34,Branch,Auto Refi,1,0.5938462569901816,5127,1,0,0,B,0,11769.108,2353.8215999999998,0.0
23,46602.49,9,679.0,0.323,0.414,2,10659.94,36,12.81,Branch,Debt Consolidation,1,0.3873783298271459,15447,0,0,0,B,0,6395.964,1279.1928,0.0
36,65988.45,8,673.0,0.395,0.623,1,13638.38,36,12.67,Online,Personal Loan,0,0.3838262824888598,11719,0,1,0,B,0,0.0,1636.6055999999999,0.0
58,96609.24,18,589.0,0.255,0.372,0,12218.19,60,11.74,Online,Personal Loan,0,0.3780000137014123,18503,0,0,0,B,0,0.0,1466.1828,0.0
61,80628.55,17,721.0,0.367,0.603,0,22433.02,60,5.0,Branch,Personal Loan,0,0.1391117595808922,5644,0,1,1,B,1,0.0,2691.9624,2691.9624
67,104111.69,13,657.0,0.084,0.574,0,18120.21,60,5.0,Branch,Auto Refi,0,0.1292633122388269,13878,0,1,1,A,1,0.0,2174.4251999999997,2174.4251999999997
21,66907.81,4,714.0,0.429,0.575,0,21630.89,36,5.0,Online,Auto Refi,0,0.1393990462570812,10376,0,0,1,B,1,0.0,2595.7068,2595.7068
51,34658.35,3,569.0,0.26,0.665,0,15282.64,36,17.55,Partner,Personal Loan,0,0.542981974258794,1341,0,0,0,B,0,0.0,1833.9168,0.0
23,33353.48,14,740.0,0.487,0.411,0,21737.44,60,5.0,Online,Auto Refi,0,0.1010085157007946,1884,0,0,1,B,1,0.0,2608.4927999999995,2608.4927999999995
36,79997.39,9,653.0,0.47,0.776,1,13172.87,36,18.48,Partner,Debt Consolidation,0,0.581347596250104,19119,0,0,0,A,0,0.0,1580.7444,0.0
29,93249.92,20,644.0,0.158,0.224,0,24422.73,60,5.0,Online,Personal Loan,1,0.1698044959409184,2709,0,1,1,B,1,14653.637999999999,2930.7275999999997,-11722.910399999999
63,42478.58,15,560.0,0.585,0.328,1,17104.23,60,25.0,Branch,Debt Consolidation,1,0.7764421990967961,18556,0,0,0,A,0,10262.537999999999,2052.5076,0.0
53,20000.0,10,549.0,0.287,0.434,1,18519.69,60,22.74,Branch,Personal Loan,0,0.6916650831915512,9576,0,0,0,B,0,0.0,2222.3628,0.0
39,69312.3,18,716.0,0.167,0.464,0,11734.33,36,5.0,Online,Personal Loan,0,0.1417430390372028,3988,0,1,1,B,1,0.0,1408.1196,1408.1196
61,89350.72,8,738.0,0.239,0.577,0,21854.14,60,5.0,Online,Debt Consolidation,0,0.1112224847868256,5268,0,1,1,A,1,0.0,2622.4968,2622.4968
26,45240.58,10,652.0,0.36,0.238,0,21038.29,36,6.09,Online,Personal Loan,0,0.2084474496709242,17200,0,1,0,B,0,0.0,2524.5948,0.0
24,72129.06,9,664.0,0.322,0.497,0,9966.35,36,6.72,Online,Auto Refi,1,0.2252513687004257,4855,0,1,0,A,1,5979.81,1195.962,-4783.848
66,60295.29,1,744.0,0.215,0.068,0,22401.61,36,5.0,Branch,Auto Refi,0,0.0580471129079405,13150,0,1,1,A,1,0.0,2688.1932,2688.1932
29,67038.79,16,774.0,0.319,0.754,0,15506.82,60,5.0,Branch,Personal Loan,0,0.0827364224554072,14570,0,1,1,A,1,0.0,1860.8183999999999,1860.8183999999999
50,47989.7,3,755.0,0.179,0.546,0,18095.36,36,7.88,Branch,Auto Refi,0,0.2387549244692761,4246,1,0,0,B,0,0.0,2171.4432,0.0
53,69541.7,3,634.0,0.392,0.738,1,9984.8,60,18.64,Online,Personal Loan,1,0.5657343781449112,12899,0,0,0,B,0,5990.879999999999,1198.176,0.0
39,104792.47,6,740.0,0.386,0.639,1,5415.93,36,6.01,Online,Debt Consolidation,0,0.2065323500513103,883,0,1,0,B,0,0.0,649.9116,0.0
67,24496.25,12,617.0,0.269,0.487,0,9032.95,60,10.2,Online,Debt Consolidation,0,0.2982587866520981,2358,0,0,0,A,0,0.0,1083.954,0.0
60,78741.15,23,675.0,0.05,0.191,1,16174.23,36,5.0,Partner,Personal Loan,0,0.1429561622488431,18671,0,1,1,B,1,0.0,1940.9075999999998,1940.9075999999998
23,60581.41,18,597.0,0.401,0.73,0,17108.45,36,18.14,Online,Personal Loan,1,0.5299972634245818,16006,0,0,0,A,0,10265.07,2053.014,0.0
35,55367.42,1,659.0,0.433,0.733,0,18679.66,36,11.58,Branch,Personal Loan,0,0.4201172846398599,13572,0,0,0,B,0,0.0,2241.5591999999997,0.0
65,111507.64,22,622.0,0.338,0.543,0,14181.38,36,11.62,Online,Personal Loan,0,0.3476842183472178,5587,0,0,0,A,0,0.0,1701.7656,0.0
29,58766.2,21,541.0,0.42,0.528,0,19144.24,36,22.73,Partner,Debt Consolidation,1,0.6524920130949318,18341,0,0,0,A,0,11486.544,2297.3088000000002,0.0
69,79924.69,4,738.0,0.234,0.739,0,18715.92,60,5.0,Branch,Debt Consolidation,0,0.093988662029279,11418,0,1,1,A,1,0.0,2245.9103999999998,2245.9103999999998
53,107018.57,22,667.0,0.403,0.668,0,11591.02,60,9.43,Online,Auto Refi,1,0.3464513339478625,1044,0,0,0,B,0,6954.612,1390.9224,0.0
22,68422.92,21,793.0,0.337,0.353,0,26066.0,36,5.0,Online,Auto Refi,0,0.0785738936919385,19463,0,1,1,A,1,0.0,3127.92,3127.92
59,67174.31,22,739.0,0.312,0.765,0,3290.47,36,5.0,Branch,Debt Consolidation,0,0.1095019851486471,10703,0,1,1,A,1,0.0,394.85639999999995,394.85639999999995
53,25330.61,21,634.0,0.307,0.0,0,27379.75,36,5.0,Online,Auto Refi,0,0.1640411292957876,16173,0,0,1,A,0,0.0,3285.5699999999997,0.0
24,52549.17,0,830.0,0.161,0.717,0,28500.23,36,5.0,Branch,Personal Loan,0,0.0391437619511332,19441,0,1,1,A,1,0.0,3420.0276,3420.0276
22,57607.9,17,597.0,0.432,0.507,1,10042.77,60,21.09,Online,Personal Loan,0,0.5804382824235655,2665,0,0,0,A,0,0.0,1205.1324,0.0
47,52960.11,20,614.0,0.13,0.274,0,23905.44,36,6.09,Branch,Personal Loan,0,0.200019109109891,4599,0,0,0,A,0,0.0,2868.6528,0.0
68,68610.66,13,685.0,0.139,0.681,0,15306.49,60,5.0,Online,Auto Refi,0,0.1316618599344954,18255,0,1,1,B,1,0.0,1836.7787999999998,1836.7787999999998
37,48170.06,17,632.0,0.361,0.743,0,9664.8,60,13.29,Online,Auto Refi,0,0.392424187005891,7952,0,0,0,B,0,0.0,1159.7759999999998,0.0
61,54160.03,5,756.0,0.27,0.3,0,18151.74,36,5.0,Online,Personal Loan,0,0.0953707337562165,12875,0,1,1,A,1,0.0,2178.2088000000003,2178.2088000000003
62,74996.53,13,766.0,0.264,0.519,0,16123.63,36,5.0,Online,Personal Loan,0,0.0827758813590754,14586,0,1,1,B,1,0.0,1934.8355999999999,1934.8355999999999
56,70756.24,22,741.0,0.122,0.234,0,11944.71,36,5.0,Partner,Personal Loan,0,0.0904639698795793,18257,0,1,1,B,1,0.0,1433.3651999999997,1433.3651999999997
22,64051.56,21,758.0,0.439,0.353,0,11034.78,36,5.0,Branch,Personal Loan,0,0.1062086898326954,7372,0,0,1,A,0,0.0,1324.1736,0.0
54,89833.02,20,658.0,0.138,0.0,1,5444.29,60,5.0,Branch,Debt Consolidation,0,0.1357399702430562,6685,0,1,1,A,1,0.0,653.3148,653.3148
23,81267.23,21,588.0,0.192,0.353,0,20025.53,36,10.41,Online,Auto Refi,0,0.3323830651760434,8804,0,0,0,A,0,0.0,2403.0636,0.0
30,54417.34,3,617.0,0.233,0.173,0,16620.54,60,20.29,Partner,Auto Refi,1,0.5562553209592732,19413,1,0,0,B,0,9972.324,1994.4648,0.0
55,60712.97,7,656.0,0.286,0.401,0,12159.73,36,6.03,Partner,Debt Consolidation,0,0.2270886853415621,6002,0,1,0,A,1,0.0,1459.1676,1459.1676
60,73740.55,3,801.0,0.29,0.531,0,25661.61,60,5.0,Branch,Personal Loan,0,0.0829032365622776,259,0,1,1,B,1,0.0,3079.3932,3079.3932
33,77186.3,0,717.0,0.331,0.584,0,19051.88,60,5.0,Branch,Personal Loan,0,0.1372847689910032,6075,0,1,1,A,1,0.0,2286.2256,2286.2256
28,38072.01,8,753.0,0.207,0.023,0,24868.69,36,5.0,Online,Personal Loan,0,0.0686053101349605,15376,0,1,1,B,1,0.0,2984.2427999999995,2984.2427999999995
27,72219.62,18,721.0,0.393,0.254,0,2000.0,36,5.0,Partner,Personal Loan,0,0.1472001693895373,18082,0,1,1,A,1,0.0,240.0,240.0
38,84525.92,11,591.0,0.397,0.687,1,17632.75,36,23.03,Partner,Personal Loan,0,0.6683292568919601,12509,0,0,0,A,0,0.0,2115.93,0.0
49,79133.8,19,598.0,0.209,0.205,1,20511.2,36,12.64,Online,Personal Loan,0,0.434991735154022,7158,0,0,0,B,0,0.0,2461.344,0.0
61,57312.64,24,719.0,0.334,0.343,1,15512.98,36,5.0,Online,Auto Refi,0,0.1705626141934498,16061,0,1,1,B,1,0.0,1861.5575999999999,1861.5575999999999
25,36997.19,2,757.0,0.439,0.496,1,11002.93,36,5.0,Online,Personal Loan,0,0.1324784216480343,17649,0,0,1,B,1,0.0,1320.3516,1320.3516
24,54224.53,5,714.0,0.153,0.98,0,8817.68,36,5.0,Online,Personal Loan,0,0.2372105701112422,9683,0,1,0,B,0,0.0,1058.1216,0.0
68,83527.08,10,798.0,0.519,0.266,0,11889.81,36,5.0,Online,Debt Consolidation,0,0.0920983304257226,6509,0,0,1,B,1,0.0,1426.7772,1426.7772
33,86469.26,5,632.0,0.278,0.692,0,2000.0,60,11.03,Partner,Personal Loan,1,0.327194228761101,10404,0,0,0,B,0,1200.0,240.0,0.0
54,79040.58,11,564.0,0.487,0.338,0,8673.72,60,19.29,Online,Personal Loan,0,0.5810114008220184,14691,0,0,0,A,0,0.0,1040.8464,0.0
45,94462.36,13,549.0,0.267,0.706,1,21639.13,60,25.0,Online,Personal Loan,0,0.7476471253473197,2777,0,0,0,B,0,0.0,2596.6956,0.0
21,49626.17,3,510.0,0.586,0.459,1,8891.18,60,25.0,Partner,Personal Loan,1,0.8045819892238346,11890,0,0,0,A,0,5334.708,1066.9416,0.0
31,20000.0,9,763.0,0.139,0.615,0,16034.66,36,5.0,Online,Debt Consolidation,0,0.0715561182358943,16483,0,1,1,A,1,0.0,1924.1591999999998,1924.1591999999998
57,49823.62,23,638.0,0.167,0.645,0,14188.92,36,7.81,Online,Personal Loan,0,0.2819373999568366,16044,0,0,0,B,0,0.0,1702.6704,0.0
25,20146.01,16,726.0,0.37,0.358,0,2000.0,36,5.0,Online,Auto Refi,0,0.1160141931587866,13084,0,1,1,A,1,0.0,240.0,240.0
39,71151.03,7,602.0,0.37,0.371,2,2000.0,36,22.47,Online,Auto Refi,1,0.6444209482922013,1092,0,0,0,B,0,1200.0,240.0,0.0
43,55110.28,24,648.0,0.252,0.483,0,13243.37,36,6.86,Branch,Personal Loan,1,0.2761255917184222,17875,0,1,0,B,0,7946.022,1589.2044,0.0
46,72811.46,0,609.0,0.3,0.757,0,4666.15,36,14.75,Online,Debt Consolidation,0,0.5141527668624002,4269,0,0,0,A,0,0.0,559.938,0.0
54,44841.83,16,608.0,0.05,0.089,0,19292.17,36,5.0,Branch,Debt Consolidation,0,0.1235190494004601,10812,0,0,1,A,0,0.0,2315.0604,0.0
35,69423.04,19,737.0,0.319,0.54,0,12464.45,60,5.0,Online,Debt Consolidation,0,0.0986940305981607,16569,0,1,1,B,1,0.0,1495.734,1495.734
41,33194.96,20,675.0,0.215,0.772,0,17055.68,60,6.43,Online,Personal Loan,0,0.2180339405858117,8191,0,1,0,B,0,0.0,2046.6816,0.0
23,71895.29,10,631.0,0.376,0.649,0,13945.62,36,12.63,Online,Personal Loan,0,0.4028385497620709,17690,0,0,0,A,0,0.0,1673.4744,0.0
32,60152.42,9,710.0,0.225,0.819,0,22757.19,36,5.0,Branch,Personal Loan,0,0.158352342906776,5152,0,1,1,A,1,0.0,2730.8628,2730.8628
51,45696.46,0,633.0,0.196,0.248,0,12148.45,60,5.29,Online,Personal Loan,0,0.1779508483163638,19969,0,0,1,A,0,0.0,1457.814,0.0
52,58854.87,7,717.0,0.286,0.497,0,7116.84,36,5.0,Online,Personal Loan,0,0.1369459301515146,1330,0,1,1,A,1,0.0,854.0208,854.0208
66,78574.79,20,638.0,0.22,0.4,0,18773.05,36,6.47,Online,Personal Loan,0,0.1998952874177176,13077,0,0,0,B,0,0.0,2252.7659999999996,0.0
62,38851.25,2,727.0,0.36,0.602,0,2000.0,36,5.0,Online,Debt Consolidation,0,0.1240370021517508,19973,0,1,1,B,1,0.0,240.0,240.0
24,61908.66,3,614.0,0.29,0.594,0,9705.15,60,12.11,Branch,Auto Refi,1,0.3494245065193299,18171,0,0,0,B,0,5823.089999999999,1164.618,0.0
54,82617.61,20,708.0,0.385,0.449,0,2000.0,36,5.0,Partner,Auto Refi,0,0.1598666982267293,4379,0,1,1,B,1,0.0,240.0,240.0
54,58885.4,4,698.0,0.338,0.286,0,3822.84,36,5.0,Branch,Debt Consolidation,1,0.1310650267254295,8667,0,1,1,A,1,2293.704,458.7408,-1834.9632000000001
63,52126.26,24,695.0,0.252,0.438,0,15559.86,36,5.0,Online,Debt Consolidation,0,0.167757062838192,14996,0,1,1,A,1,0.0,1867.1832,1867.1832
21,69153.14,23,743.0,0.416,0.369,0,28716.89,36,5.0,Branch,Debt Consolidation,0,0.1027126921451983,8176,0,0,1,B,1,0.0,3446.0267999999996,3446.0267999999996
41,38913.35,18,592.0,0.394,0.54,1,9406.3,36,21.24,Online,Personal Loan,1,0.5903926165491541,778,0,0,0,B,0,5643.78,1128.7559999999999,0.0
21,68037.03,22,682.0,0.588,0.519,0,13417.61,36,9.89,Online,Personal Loan,0,0.3459493610067112,11091,0,0,0,B,0,0.0,1610.1132,0.0
50,58126.79,5,703.0,0.379,0.708,0,14671.63,60,6.05,Online,Auto Refi,0,0.2264186151711464,14636,0,1,0,B,0,0.0,1760.5955999999999,0.0
60,45688.44,21,684.0,0.396,0.797,1,15265.54,36,13.45,Online,Auto Refi,1,0.4410351001533421,16446,0,1,0,B,0,9159.324,1831.8648,0.0
51,58656.8,13,673.0,0.443,0.073,0,10011.6,36,5.0,Online,Personal Loan,0,0.1312580493030115,17812,0,0,1,B,1,0.0,1201.392,1201.392
65,49264.54,20,580.0,0.362,0.603,1,15390.66,36,22.7,Online,Personal Loan,1,0.5917665279376471,8719,0,0,0,B,0,9234.395999999999,1846.8791999999999,0.0
53,47454.28,24,711.0,0.225,0.208,1,8301.75,36,14.34,Partner,Personal Loan,0,0.3785913055105955,18867,1,0,0,B,0,0.0,996.2099999999999,0.0
39,92272.61,22,697.0,0.398,0.516,1,21121.97,36,9.04,Online,Debt Consolidation,1,0.3175497692208874,4275,0,1,0,B,0,12673.182,2534.6364,0.0
60,60887.39,21,632.0,0.27,0.399,0,21119.6,60,7.81,Branch,Auto Refi,1,0.2730944137946312,2776,0,0,0,A,0,12671.759999999998,2534.352,0.0
65,100468.95,15,699.0,0.312,0.294,0,25878.61,36,5.0,Online,Auto Refi,0,0.1343970345225244,963,0,1,1,B,1,0.0,3105.4332,3105.4332
22,41854.6,13,753.0,0.215,0.309,0,20930.89,36,5.0,Online,Personal Loan,0,0.0857726270934438,19804,0,1,1,A,1,0.0,2511.7068,2511.7068
44,77618.37,14,617.0,0.37,0.55,0,14988.13,36,12.97,Online,Personal Loan,0,0.3989120930991259,8657,0,0,0,A,0,0.0,1798.5756,0.0
46,39079.05,2,707.0,0.392,0.399,1,8022.14,60,6.9,Online,Debt Consolidation,1,0.2344924915370676,16288,0,1,0,B,0,4813.284,962.6568,0.0
27,82244.8,23,736.0,0.35,0.343,0,15481.44,36,5.0,Online,Personal Loan,0,0.0916021651923363,15495,0,1,1,B,1,0.0,1857.7728,1857.7728
53,52419.98,24,680.0,0.162,0.741,0,22404.07,60,5.03,Online,Debt Consolidation,0,0.1787529557581283,14751,0,1,1,A,1,0.0,2688.4883999999997,2688.4883999999997
41,77776.83,7,643.0,0.189,0.356,0,13540.91,60,5.26,Online,Personal Loan,0,0.1785305454057512,7701,0,1,1,A,1,0.0,1624.9091999999998,1624.9091999999998
28,55925.74,24,633.0,0.094,0.337,0,39027.5,36,5.0,Branch,Auto Refi,1,0.4498116406179404,9623,0,0,0,B,0,23416.5,4683.3,0.0
33,55709.74,22,676.0,0.336,0.447,0,23728.54,60,5.5,Branch,Personal Loan,0,0.1828168378705592,5872,0,1,0,A,1,0.0,2847.4248,2847.4248
69,74779.03,16,682.0,0.243,0.771,1,22481.41,60,10.26,Online,Debt Consolidation,0,0.3096013383998541,11760,0,1,0,B,0,0.0,2697.7691999999997,0.0
23,73766.08,10,788.0,0.339,0.571,1,6616.04,36,5.0,Online,Personal Loan,0,0.1002100170944964,12589,0,1,1,B,1,0.0,793.9248,793.9248
64,70121.97,9,541.0,0.138,0.4,1,7145.39,60,20.07,Branch,Auto Refi,0,0.608701822389848,10896,0,0,0,B,0,0.0,857.4468,0.0
63,55365.99,17,687.0,0.27,0.164,0,24615.77,60,5.0,Online,Debt Consolidation,0,0.1628131568511891,4667,0,1,1,A,1,0.0,2953.8923999999997,2953.8923999999997
58,64699.08,24,612.0,0.234,0.22,0,13238.63,60,7.42,Online,Debt Consolidation,0,0.2292022456129471,13751,0,0,0,A,0,0.0,1588.6355999999998,0.0
64,62109.44,1,733.0,0.05,0.507,1,7887.9,60,5.0,Branch,Auto Refi,0,0.1090579979677068,17052,0,1,1,B,1,0.0,946.5479999999999,946.5479999999999
65,53062.55,21,802.0,0.169,0.124,0,4829.37,36,5.0,Online,Personal Loan,0,0.0613214088907708,14339,0,1,1,A,1,0.0,579.5244,579.5244
69,60366.95,1,691.0,0.348,0.184,1,18675.52,60,5.68,Partner,Debt Consolidation,1,0.1540713974099144,9982,0,1,1,A,1,11205.312,2241.0624,-8964.2496
65,41795.47,24,728.0,0.312,0.347,0,18127.64,36,5.0,Online,Debt Consolidation,0,0.1115499273281507,9734,0,1,1,A,1,0.0,2175.3168,2175.3168
30,90576.3,24,623.0,0.242,0.552,1,17212.06,36,25.0,Online,Auto Refi,1,0.7909748667796587,5140,1,0,0,A,0,10327.236,2065.4472,0.0
54,46902.25,4,714.0,0.353,0.157,0,20334.64,36,5.0,Online,Personal Loan,0,0.1414424830688476,8902,0,1,1,A,1,0.0,2440.1567999999997,2440.1567999999997
23,66719.65,18,666.0,0.378,0.045,0,13931.02,36,5.0,Branch,Auto Refi,0,0.1343642751245087,12963,0,1,1,A,1,0.0,1671.7223999999999,1671.7223999999999
47,82658.47,6,745.0,0.349,0.778,0,18276.42,60,5.0,Online,Debt Consolidation,1,0.1067743382667889,19731,0,1,1,A,1,10965.851999999999,2193.1703999999995,-8772.6816
57,43203.41,21,707.0,0.474,0.4,0,11824.51,60,5.0,Online,Debt Consolidation,0,0.1839975207039911,9342,0,0,0,B,0,0.0,1418.9412,0.0
35,91677.84,12,560.0,0.303,0.603,0,13563.93,36,18.89,Online,Personal Loan,0,0.5748806295391129,13694,0,0,0,A,0,0.0,1627.6716,0.0
64,70810.64,6,745.0,0.229,0.203,2,18718.77,36,5.0,Online,Personal Loan,0,0.1213148232398024,14778,0,0,1,A,0,0.0,2246.2524,0.0
43,43512.51,19,655.0,0.433,0.021,0,19330.68,36,5.24,Online,Auto Refi,0,0.1669942195365275,3640,0,0,1,A,0,0.0,2319.6816,0.0
44,87780.35,17,682.0,0.231,0.353,0,14657.54,60,5.0,Branch,Auto Refi,0,0.1457941355114755,15253,0,1,1,A,1,0.0,1758.9048,1758.9048
64,115835.31,10,596.0,0.336,0.403,1,11551.53,60,17.92,Branch,Personal Loan,0,0.4163980115209829,9083,0,0,0,A,0,0.0,1386.1836,0.0
46,87970.47,21,644.0,0.501,0.377,0,16598.17,36,10.73,Online,Personal Loan,0,0.3839906476092388,15208,0,0,0,A,0,0.0,1991.7803999999996,0.0
34,86599.32,2,608.0,0.126,0.409,0,12181.91,60,7.73,Branch,Debt Consolidation,0,0.2495499603787067,19109,0,0,0,A,0,0.0,1461.8292,0.0
36,44227.21,9,570.0,0.305,0.922,0,33615.18,60,21.52,Branch,Personal Loan,0,0.7288072498858756,4999,0,0,0,A,0,0.0,4033.8215999999998,0.0
33,93819.58,2,745.0,0.365,0.679,0,25869.39,60,5.0,Online,Auto Refi,0,0.0937585029947464,6330,0,1,1,B,1,0.0,3104.3268,3104.3268
26,57433.19,9,683.0,0.296,0.664,0,25804.7,60,6.12,Online,Personal Loan,0,0.1896040430306866,1121,0,1,0,A,1,0.0,3096.564,3096.564
30,73762.03,16,750.0,0.37,0.159,0,15389.33,60,5.0,Branch,Debt Consolidation,0,0.0902065473904561,2102,0,1,1,A,1,0.0,1846.7196,1846.7196
24,70303.54,2,686.0,0.28,0.458,0,9216.11,36,5.0,Online,Auto Refi,0,0.1524862173206912,5841,0,1,1,A,1,0.0,1105.9332,1105.9332
55,60885.9,17,644.0,0.337,0.313,0,12887.81,60,7.07,Online,Personal Loan,0,0.2263675614597809,2022,0,1,0,A,1,0.0,1546.5372,1546.5372
25,74106.15,22,650.0,0.429,0.706,0,2195.36,36,12.25,Online,Auto Refi,0,0.3999940499747776,2749,0,0,0,B,0,0.0,263.4432,0.0
32,92629.13,7,723.0,0.277,0.342,0,11442.76,60,5.0,Online,Auto Refi,0,0.135198474006135,7944,0,1,1,B,1,0.0,1373.1312,1373.1312
35,56754.94,24,716.0,0.405,0.525,0,11396.49,36,5.0,Branch,Auto Refi,0,0.1533081494015677,5142,0,0,1,B,1,0.0,1367.5788,1367.5788
39,74941.85,3,691.0,0.274,0.418,0,22375.64,36,5.0,Branch,Debt Consolidation,0,0.152054542503726,19067,0,1,1,B,1,0.0,2685.0768,2685.0768
31,42831.16,23,762.0,0.355,0.156,1,21001.71,60,5.0,Partner,Personal Loan,0,0.1206420683791913,3772,0,1,1,B,1,0.0,2520.2052,2520.2052
30,86529.72,7,690.0,0.531,0.333,0,24229.54,60,6.35,Online,Debt Consolidation,0,0.2921654520940715,18205,0,0,0,B,0,0.0,2907.5448,0.0
57,53942.51,22,612.0,0.22,0.626,1,19515.85,36,16.14,Partner,Personal Loan,0,0.4915949703619392,734,0,0,0,B,0,0.0,2341.9019999999996,0.0
46,51369.76,12,764.0,0.424,0.613,0,18321.37,36,5.0,Online,Debt Consolidation,0,0.082878979162599,2141,0,0,1,B,1,0.0,2198.5643999999998,2198.5643999999998
36,65472.27,18,705.0,0.314,0.482,1,11614.52,36,6.54,Branch,Personal Loan,0,0.2381156239523924,14473,0,1,0,B,0,0.0,1393.7424,0.0
52,101411.68,21,650.0,0.065,0.32,1,14805.78,36,5.9,Online,Debt Consolidation,1,0.192915489121895,7950,0,1,0,B,0,8883.468,1776.6936,0.0
33,63130.45,14,545.0,0.228,0.423,1,9307.17,60,21.81,Branch,Debt Consolidation,1,0.6461386543246248,2221,0,0,0,B,0,5584.302,1116.8604,0.0
25,57844.76,7,738.0,0.399,0.459,0,21683.38,36,5.0,Branch,Personal Loan,1,0.0982524987256334,14026,0,1,1,B,1,13010.028,2602.0056,-10408.0224
55,47041.33,14,622.0,0.203,0.344,0,18874.05,36,21.14,Online,Debt Consolidation,1,0.5822500915971843,18796,1,0,0,B,0,11324.429999999998,2264.886,0.0
48,86619.99,8,687.0,0.297,0.728,0,16480.89,36,6.35,Branch,Personal Loan,0,0.2202083875699945,13087,0,1,0,B,0,0.0,1977.7068,0.0
55,54880.42,7,717.0,0.337,0.343,1,28514.44,60,5.0,Branch,Personal Loan,0,0.1620417218342003,4547,0,1,1,B,1,0.0,3421.7327999999998,3421.7327999999998
29,75319.14,13,717.0,0.332,0.661,0,27476.87,36,5.0,Online,Debt Consolidation,1,0.1275676111541385,8591,0,1,1,B,1,16486.122,3297.2243999999996,-13188.8976
39,87247.98,0,573.0,0.325,0.488,1,10484.45,60,21.43,Partner,Personal Loan,1,0.6513889942068621,9236,0,0,0,A,0,6290.67,1258.134,0.0
49,79594.98,16,782.0,0.313,0.631,1,19198.05,36,5.0,Online,Personal Loan,0,0.1006105773810369,15611,0,1,1,B,1,0.0,2303.7659999999996,2303.7659999999996
22,52357.03,7,690.0,0.284,0.43,1,12104.04,36,6.89,Online,Auto Refi,0,0.2295879370052436,17907,0,1,0,A,1,0.0,1452.4848,1452.4848
40,74597.28,14,597.0,0.373,0.488,0,16744.66,36,14.68,Online,Auto Refi,1,0.4308669363646837,2082,0,0,0,B,0,10046.796,2009.3591999999999,0.0
49,43876.89,19,556.0,0.241,0.507,0,14080.66,60,16.88,Online,Auto Refi,0,0.5578435118999028,13991,0,0,0,B,0,0.0,1689.6791999999998,0.0
62,70550.88,19,723.0,0.112,0.239,0,6361.4,60,5.0,Online,Personal Loan,0,0.1225665299864541,10165,0,1,1,A,1,0.0,763.3679999999999,763.3679999999999
28,56847.78,17,580.0,0.442,0.192,0,18365.76,36,14.6,Online,Personal Loan,0,0.3983189776232596,14231,0,0,0,B,0,0.0,2203.8911999999996,0.0
69,58248.87,23,761.0,0.354,0.486,1,17258.33,60,5.0,Branch,Auto Refi,0,0.1367917897324692,19475,0,1,1,A,1,0.0,2070.9996,2070.9996
52,76069.78,21,818.0,0.496,0.101,0,8703.88,60,5.0,Online,Auto Refi,0,0.0833871996335228,15742,0,0,1,A,0,0.0,1044.4655999999998,0.0
33,25888.03,19,737.0,0.248,0.395,0,25367.05,36,5.0,Online,Personal Loan,0,0.0992494565413648,14646,0,1,1,A,1,0.0,3044.046,3044.046
29,75739.52,16,747.0,0.271,0.582,1,6331.05,36,5.0,Online,Personal Loan,1,0.1287732981709609,635,0,1,1,B,1,3798.63,759.726,-3038.904
39,28187.26,18,581.0,0.114,0.518,1,10492.63,60,16.23,Online,Debt Consolidation,0,0.4477305373165962,9337,0,0,0,B,0,0.0,1259.1155999999999,0.0
33,51818.72,5,557.0,0.342,0.552,0,9692.61,60,19.44,Online,Personal Loan,1,0.5625071289497083,13183,0,0,0,B,0,5815.566,1163.1132,0.0
42,54293.08,14,709.0,0.201,0.63,1,20997.06,36,5.72,Online,Personal Loan,1,0.1753725291989636,11659,0,1,1,A,1,12598.236,2519.6472,-10078.588800000001
49,20000.0,16,612.0,0.374,0.55,0,7610.42,36,13.59,Online,Debt Consolidation,0,0.4246427854143532,3485,0,0,0,A,0,0.0,913.2504,0.0
30,79060.23,22,743.0,0.336,0.253,0,2000.0,60,5.0,Online,Auto Refi,0,0.0857914888290648,13127,0,1,1,B,1,0.0,240.0,240.0
39,74762.58,1,630.0,0.339,0.384,0,23481.68,36,9.13,Online,Auto Refi,0,0.3055002567098472,10260,0,0,0,B,0,0.0,2817.8016,0.0
32,78040.03,18,775.0,0.285,0.408,0,16771.05,36,5.0,Online,Personal Loan,0,0.0752940574122547,6189,0,1,1,B,1,0.0,2012.5259999999998,2012.5259999999998
31,38025.72,2,639.0,0.449,0.314,0,13235.82,60,9.57,Partner,Debt Consolidation,0,0.3054488536292689,2996,0,0,0,B,0,0.0,1588.2984,0.0
49,66842.53,2,641.0,0.501,0.324,0,20297.05,36,10.48,Branch,Personal Loan,1,0.3737818555621953,2481,0,0,0,B,0,12178.23,2435.6459999999997,0.0
39,27253.68,7,616.0,0.05,0.173,0,17058.34,60,5.0,Online,Personal Loan,0,0.1260098855564572,287,0,0,1,A,0,0.0,2047.0008,0.0
33,84250.44,5,603.0,0.353,0.801,2,6212.21,60,25.0,Online,Personal Loan,1,0.7973360342433962,15998,0,0,0,A,0,3727.326,745.4652,0.0
54,58323.74,22,790.0,0.241,0.324,0,18709.51,36,5.0,Branch,Personal Loan,0,0.0772225145809413,17895,0,1,1,A,1,0.0,2245.1411999999996,2245.1411999999996
53,80661.44,13,595.0,0.177,0.638,0,18995.03,60,12.46,Online,Personal Loan,0,0.4323148940215883,14780,0,0,0,B,0,0.0,2279.4035999999996,0.0
64,111669.43,20,785.0,0.274,0.276,1,20950.73,36,5.0,Online,Personal Loan,0,0.0985536450398487,974,0,1,1,A,1,0.0,2514.0876,2514.0876
53,45063.29,7,755.0,0.389,0.587,0,11193.98,60,5.0,Branch,Debt Consolidation,0,0.1147743276461402,12633,0,1,1,A,1,0.0,1343.2776,1343.2776
25,56068.21,22,733.0,0.311,0.637,0,23248.42,36,5.0,Partner,Personal Loan,0,0.1027746580489009,12667,0,1,1,A,1,0.0,2789.8104,2789.8104
44,26119.01,23,690.0,0.123,0.425,0,14454.68,60,5.0,Online,Personal Loan,0,0.1293169549343402,1632,0,1,1,A,1,0.0,1734.5616,1734.5616
23,46701.68,22,770.0,0.425,0.503,0,17337.72,36,5.0,Online,Debt Consolidation,0,0.0810657106000169,14040,0,0,1,A,0,0.0,2080.5264,0.0
42,49890.01,22,754.0,0.246,0.443,0,12384.16,36,5.0,Online,Debt Consolidation,0,0.1006339632957719,385,0,1,1,B,1,0.0,1486.0991999999999,1486.0991999999999
67,64261.38,8,623.0,0.327,0.91,0,10925.3,36,15.56,Online,Personal Loan,0,0.4672872617708865,7125,0,0,0,A,0,0.0,1311.0359999999998,0.0
26,44151.95,4,726.0,0.444,0.25,0,14455.28,36,5.0,Branch,Personal Loan,0,0.1161612606537309,6108,0,0,1,B,1,0.0,1734.6336000000001,1734.6336000000001
26,50866.5,16,535.0,0.342,0.481,0,28101.59,60,21.21,Partner,Debt Consolidation,0,0.6331028409382718,7351,0,0,0,B,0,0.0,3372.1908,0.0
37,35471.42,8,695.0,0.15,0.609,0,25598.19,36,5.0,Online,Personal Loan,1,0.1362647190861906,6046,0,1,1,B,1,15358.913999999999,3071.7828,-12287.1312
38,52169.91,15,745.0,0.399,0.567,0,20528.79,60,5.0,Online,Personal Loan,0,0.0996191420625159,6822,0,1,1,B,1,0.0,2463.4548,2463.4548
42,64497.47,6,672.0,0.317,0.296,1,20561.58,36,7.89,Branch,Auto Refi,0,0.2748240986728397,14584,0,1,0,B,0,0.0,2467.3896,0.0
34,48286.05,12,830.0,0.24,0.44,0,20726.67,36,5.0,Online,Personal Loan,0,0.0420875353889457,18400,0,1,1,A,1,0.0,2487.2003999999997,2487.2003999999997
42,82747.03,4,712.0,0.303,0.48,0,2000.0,36,5.0,Partner,Personal Loan,0,0.1386869485379366,8184,0,1,1,A,1,0.0,240.0,240.0
44,78614.97,1,612.0,0.234,0.404,0,22526.92,60,9.19,Partner,Auto Refi,0,0.3056350164919528,18251,0,0,0,B,0,0.0,2703.2304,0.0
53,78788.11,3,676.0,0.389,0.781,0,15147.02,36,9.45,Online,Debt Consolidation,0,0.3361864228614198,8476,0,1,0,B,0,0.0,1817.6424,0.0
64,53497.8,18,568.0,0.086,0.189,0,15938.81,60,8.79,Online,Personal Loan,0,0.2651855843309849,2394,0,0,0,B,0,0.0,1912.6571999999999,0.0
29,20000.0,7,733.0,0.401,0.672,0,11724.28,36,5.0,Online,Personal Loan,0,0.1015516017726465,4749,0,0,1,A,0,0.0,1406.9136,0.0
26,80252.65,24,591.0,0.445,0.442,0,17886.81,60,16.42,Branch,Auto Refi,1,0.5439386910936694,17118,0,0,0,B,0,10732.086000000001,2146.4172,0.0
21,63884.14,17,715.0,0.474,0.237,1,24414.03,60,6.11,Online,Auto Refi,0,0.2560629522916312,2112,0,0,0,A,0,0.0,2929.6836,0.0
56,100965.78,3,598.0,0.05,0.226,0,22744.75,60,5.76,Online,Auto Refi,0,0.1987820938041992,6054,0,0,0,B,0,0.0,2729.37,0.0
25,39700.13,6,612.0,0.428,0.299,0,23395.0,60,11.91,Partner,Personal Loan,0,0.4031196750210049,12843,0,0,0,A,0,0.0,2807.4,0.0
62,90299.42,8,662.0,0.146,0.579,0,23444.94,60,5.0,Online,Auto Refi,0,0.1456199298513273,11924,0,1,1,B,1,0.0,2813.3927999999996,2813.3927999999996
34,53350.87,5,591.0,0.45,0.443,4,27455.75,60,25.0,Branch,Auto Refi,1,0.77864336799286,6719,0,0,0,A,0,16473.45,3294.69,0.0
22,74452.81,12,613.0,0.357,0.429,0,20282.25,60,11.79,Partner,Personal Loan,0,0.3809931173789159,15476,0,0,0,B,0,0.0,2433.87,0.0
46,61017.34,6,621.0,0.402,0.326,0,31399.69,60,10.67,Online,Personal Loan,1,0.3593517712347447,7380,0,0,0,A,0,18839.814,3767.9628,0.0
68,45608.61,12,739.0,0.319,0.314,0,8251.2,36,5.0,Online,Personal Loan,0,0.0811745119277466,4965,0,1,1,A,1,0.0,990.144,990.144
48,38068.29,21,691.0,0.534,0.816,1,8001.5,36,15.79,Partner,Personal Loan,0,0.3961170756608632,3745,0,0,0,A,0,0.0,960.18,0.0
52,98325.58,3,717.0,0.245,0.329,1,9743.99,60,5.0,Online,Personal Loan,0,0.2089863510807635,13423,0,1,0,A,1,0.0,1169.2787999999998,1169.2787999999998
40,58208.94,3,708.0,0.441,0.253,0,21275.04,60,5.0,Online,Debt Consolidation,0,0.1410217083679184,678,0,0,1,A,0,0.0,2553.0048,0.0
68,52093.5,17,736.0,0.385,0.492,1,24201.87,60,5.17,Online,Personal Loan,1,0.1405527470790299,14572,0,1,1,A,1,14521.122,2904.2243999999996,-11616.8976
62,41787.6,4,615.0,0.207,0.502,0,12092.65,60,9.41,Branch,Personal Loan,1,0.3296590968112899,16285,0,0,0,A,0,7255.589999999999,1451.118,0.0
53,49823.61,12,744.0,0.31,0.515,0,11031.83,36,5.0,Partner,Personal Loan,0,0.1139471807517747,4550,0,1,1,B,1,0.0,1323.8196,1323.8196
43,20000.0,1,623.0,0.129,0.099,0,17777.32,60,5.0,Online,Auto Refi,0,0.1107405934446802,6300,0,0,1,B,1,0.0,2133.2783999999997,2133.2783999999997
52,66403.99,11,703.0,0.616,0.53,1,16286.16,60,12.86,Branch,Personal Loan,0,0.4529437751007712,19336,0,0,0,B,0,0.0,1954.3392,0.0
21,54867.58,21,710.0,0.363,0.548,0,4921.08,36,5.0,Online,Auto Refi,0,0.1469033240392954,13151,0,1,1,B,1,0.0,590.5296,590.5296
57,112298.58,15,729.0,0.398,0.342,0,9206.27,36,5.0,Online,Debt Consolidation,0,0.1057305187764959,16001,0,1,1,B,1,0.0,1104.7524,1104.7524
47,41042.42,17,556.0,0.338,0.339,1,11170.21,60,21.93,Online,Personal Loan,1,0.630307470478796,6378,0,0,0,A,0,6702.125999999999,1340.4252,0.0
47,66639.63,24,793.0,0.24,0.458,0,16127.27,36,5.0,Online,Personal Loan,0,0.0817533930034591,11787,0,1,1,A,1,0.0,1935.2724,1935.2724
45,76857.7,12,694.0,0.3,0.219,2,11720.4,60,8.67,Online,Auto Refi,0,0.3313122628057108,11001,0,0,0,A,0,0.0,1406.4479999999999,0.0
49,40998.14,3,715.0,0.223,0.586,0,26293.21,36,5.0,Partner,Auto Refi,0,0.1533955037018545,10541,0,1,1,A,1,0.0,3155.1852,3155.1852
62,55510.98,4,620.0,0.215,0.585,0,17388.87,60,9.91,Online,Personal Loan,0,0.308321204693705,13508,0,0,0,A,0,0.0,2086.6643999999997,0.0
46,33252.68,11,730.0,0.404,0.587,0,11179.07,36,5.0,Partner,Personal Loan,0,0.1322239239910988,15814,0,0,1,B,1,0.0,1341.4884,1341.4884
22,43861.96,9,800.0,0.365,0.2,0,15330.38,36,5.0,Branch,Personal Loan,0,0.070903203197686,14793,1,0,1,B,1,0.0,1839.6455999999998,1839.6455999999998
68,80809.51,22,692.0,0.31,0.342,0,20392.03,36,5.0,Online,Debt Consolidation,0,0.1370707429478355,19726,0,1,1,B,1,0.0,2447.0436,2447.0436
34,95884.9,13,689.0,0.169,0.031,0,14235.56,60,5.0,Online,Debt Consolidation,0,0.1341706220030137,15136,0,1,1,B,1,0.0,1708.2671999999998,1708.2671999999998
46,93342.14,24,690.0,0.345,0.483,0,9178.38,36,5.0,Online,Auto Refi,0,0.1674849122480936,10491,0,1,1,A,1,0.0,1101.4055999999998,1101.4055999999998
23,68535.46,17,652.0,0.449,0.424,0,14375.08,60,9.34,Online,Debt Consolidation,0,0.3030355531774903,9412,0,0,0,A,0,0.0,1725.0095999999999,0.0
68,74628.74,10,604.0,0.552,0.43,0,17244.02,36,17.05,Online,Debt Consolidation,0,0.6489834266217679,7858,0,0,0,A,0,0.0,2069.2824,0.0
56,59860.97,20,754.0,0.16,0.169,0,8654.56,60,5.0,Online,Personal Loan,0,0.091814471818972,12651,0,1,1,B,1,0.0,1038.5472,1038.5472
53,43683.93,12,628.0,0.243,0.484,0,6710.24,36,8.61,Online,Auto Refi,0,0.3311215518740108,11507,0,0,0,A,0,0.0,805.2288,0.0
43,71537.45,17,669.0,0.437,0.202,0,7777.19,36,5.59,Branch,Personal Loan,0,0.1977170365746444,14129,0,0,0,B,0,0.0,933.2628,0.0
33,96592.86,17,810.0,0.05,0.17,0,19543.42,36,5.0,Online,Debt Consolidation,0,0.072203902590543,11416,0,1,1,A,1,0.0,2345.2103999999995,2345.2103999999995
51,92956.29,13,755.0,0.357,0.214,1,14543.16,36,5.0,Online,Auto Refi,0,0.129044509545018,5187,0,1,1,A,1,0.0,1745.1791999999998,1745.1791999999998
50,62263.53,24,817.0,0.373,0.449,3,16919.85,60,5.0,Online,Debt Consolidation,0,0.1212478267679328,17878,0,0,1,B,1,0.0,2030.3819999999998,2030.3819999999998
60,62010.63,15,584.0,0.191,0.224,0,19322.15,36,9.46,Online,Personal Loan,0,0.3053694423698541,14283,0,0,0,A,0,0.0,2318.658,0.0
39,62172.48,15,744.0,0.324,0.293,0,5222.86,60,5.0,Partner,Auto Refi,0,0.0919187278430028,18212,0,1,1,A,1,0.0,626.7431999999999,626.7431999999999
40,85286.74,13,661.0,0.211,0.496,0,18381.59,60,5.27,Online,Personal Loan,0,0.1735063866248885,3020,0,1,1,B,1,0.0,2205.7907999999998,2205.7907999999998
22,52166.78,20,614.0,0.439,0.357,0,21710.39,36,12.52,Online,Personal Loan,0,0.3528462054068531,19685,0,0,0,A,0,0.0,2605.2468,0.0
23,34857.44,2,729.0,0.417,0.269,1,22272.76,36,5.0,Online,Personal Loan,0,0.1741838605015308,252,0,0,1,B,1,0.0,2672.7311999999997,2672.7311999999997
43,90540.43,12,755.0,0.448,0.467,2,18770.98,36,7.87,Online,Personal Loan,0,0.2675695386422183,13038,0,0,0,A,0,0.0,2252.5175999999997,0.0
31,26505.93,9,521.0,0.389,0.669,1,16544.04,36,25.0,Online,Debt Consolidation,1,0.7460576352107336,7624,0,0,0,A,0,9926.424,1985.2848000000001,0.0
55,65952.13,2,514.0,0.36,0.919,0,22010.62,36,25.0,Branch,Auto Refi,1,0.8696246024390767,16091,0,0,0,A,0,13206.372,2641.2744,0.0
58,80473.75,17,748.0,0.255,0.35,0,17623.11,36,5.0,Partner,Personal Loan,0,0.0867991563039834,14727,0,1,1,A,1,0.0,2114.7732,2114.7732
28,76610.2,11,520.0,0.28,0.459,0,16012.85,36,21.41,Online,Auto Refi,1,0.580056226890828,13342,0,0,0,A,0,9607.71,1921.542,0.0
48,61534.75,16,621.0,0.59,0.41,1,11586.41,36,20.49,Online,Debt Consolidation,1,0.668389875986333,9426,0,0,0,A,0,6951.846,1390.3691999999999,0.0
46,49988.06,17,674.0,0.421,0.206,0,21322.78,36,5.0,Branch,Debt Consolidation,1,0.1713453342280814,6847,0,0,1,A,0,12793.668,2558.7335999999996,0.0
39,46230.91,11,667.0,0.511,0.636,0,23240.82,60,11.21,Branch,Personal Loan,0,0.3654645119178503,793,0,0,0,A,0,0.0,2788.8984,0.0
37,72989.98,8,600.0,0.522,0.551,0,14673.33,60,18.3,Partner,Auto Refi,0,0.5693484330857131,13989,0,0,0,B,0,0.0,1760.7995999999998,0.0
48,91350.99,5,585.0,0.172,0.234,0,32624.58,36,9.08,Online,Personal Loan,0,0.325701574614139,14096,0,0,0,B,0,0.0,3914.9496,0.0
21,62186.71,16,718.0,0.548,0.54,0,14182.51,60,19.55,Online,Personal Loan,1,0.5702986870321368,16750,1,0,0,A,0,8509.506,1701.9012,0.0
41,67312.89,10,685.0,0.343,0.411,0,11620.09,60,5.0,Online,Personal Loan,0,0.1569673536656857,8892,0,1,1,A,1,0.0,1394.4107999999999,1394.4107999999999
26,76987.35,8,646.0,0.143,0.409,0,15135.14,36,5.0,Online,Personal Loan,0,0.1358916651372881,18941,0,1,1,B,1,0.0,1816.2168,1816.2168
43,76085.59,6,764.0,0.545,0.464,0,8611.91,60,5.0,Online,Auto Refi,0,0.1056326454800165,6828,0,0,1,A,0,0.0,1033.4292,0.0
41,62592.35,4,746.0,0.308,0.371,0,28175.54,60,5.0,Online,Auto Refi,0,0.0919649076756729,3287,0,1,1,A,1,0.0,3381.0648,3381.0648
67,100483.92,0,747.0,0.434,0.48,0,3538.54,36,5.0,Online,Personal Loan,0,0.1008715815603926,14131,0,0,1,B,1,0.0,424.6248,424.6248
27,118239.43,7,669.0,0.384,0.144,1,6162.7,36,7.87,Partner,Personal Loan,0,0.3487947999721113,5846,0,1,0,A,1,0.0,739.524,739.524
69,68193.43,11,744.0,0.285,0.796,0,14503.99,36,5.0,Online,Auto Refi,0,0.1034585532105357,17307,0,1,1,A,1,0.0,1740.4787999999999,1740.4787999999999
45,54782.14,11,675.0,0.231,0.257,0,35189.02,60,5.0,Online,Auto Refi,0,0.1673494257879108,10774,0,1,1,B,1,0.0,4222.6824,4222.6824
65,91547.05,6,752.0,0.428,0.841,0,16944.41,36,5.0,Partner,Personal Loan,0,0.1232823361765911,17546,0,0,1,A,0,0.0,2033.3292,0.0
27,88250.51,0,639.0,0.303,0.553,2,15354.11,36,18.87,Partner,Personal Loan,0,0.5700436409222466,7397,0,0,0,A,0,0.0,1842.4932000000001,0.0
29,81768.26,4,753.0,0.345,0.301,1,5881.15,36,5.0,Online,Auto Refi,0,0.1336446714519971,8059,0,1,1,B,1,0.0,705.7379999999999,705.7379999999999
24,65799.01,6,765.0,0.288,0.218,0,30799.51,60,5.0,Online,Debt Consolidation,0,0.0707290477843046,4858,0,1,1,A,1,0.0,3695.9411999999998,3695.9411999999998
58,41928.9,19,641.0,0.067,0.213,0,10580.69,36,5.0,Online,Personal Loan,1,0.1341377123856894,5633,0,1,1,B,1,6348.414,1269.6828,-5078.7312
25,72693.18,21,491.0,0.282,0.823,0,6032.62,36,25.0,Branch,Auto Refi,0,0.8821461798871398,19207,0,0,0,A,0,0.0,723.9144,0.0
29,54096.46,11,779.0,0.233,0.302,1,12405.97,36,5.0,Online,Auto Refi,0,0.1034402484922317,13085,0,1,1,A,1,0.0,1488.7163999999998,1488.7163999999998
62,68704.98,12,702.0,0.299,0.543,1,14541.9,60,7.12,Branch,Debt Consolidation,0,0.2380399570384624,19125,0,1,0,B,0,0.0,1745.0279999999998,0.0
33,50709.39,14,665.0,0.31,0.406,1,21488.42,60,9.5,Online,Auto Refi,0,0.3139174914595992,14487,0,1,0,B,0,0.0,2578.6103999999996,0.0
23,61614.82,21,690.0,0.414,0.788,0,17130.24,60,22.8,Partner,Personal Loan,0,0.6950024836800326,7517,1,0,0,A,0,0.0,2055.6288,0.0
65,71868.78,11,736.0,0.393,0.52,0,22877.58,60,5.0,Online,Personal Loan,0,0.1051056867348481,19155,0,1,1,B,1,0.0,2745.3096,2745.3096
61,53986.31,22,655.0,0.233,0.841,0,10282.01,60,9.31,Online,Debt Consolidation,1,0.3379556640435583,3401,0,1,0,B,0,6169.206,1233.8412,0.0
29,54539.26,18,760.0,0.304,0.613,0,8301.31,36,5.0,Branch,Personal Loan,0,0.0844889253713999,1474,0,1,1,A,1,0.0,996.1571999999999,996.1571999999999
32,74709.16,20,667.0,0.121,0.307,0,15559.24,60,5.0,Online,Personal Loan,0,0.1275440834834733,7915,0,1,1,A,1,0.0,1867.1088,1867.1088
48,83713.55,3,733.0,0.205,0.698,0,10795.61,36,5.0,Partner,Personal Loan,0,0.1063081234079568,5132,0,1,1,A,1,0.0,1295.4732000000001,1295.4732000000001
23,24862.15,7,711.0,0.29,0.452,1,12292.01,60,5.4,Online,Auto Refi,0,0.177466362243806,16981,0,1,1,B,1,0.0,1475.0412,1475.0412
37,44287.46,4,803.0,0.25,0.268,0,21880.79,36,5.0,Partner,Auto Refi,0,0.0690389739684213,18970,0,1,1,B,1,0.0,2625.6948,2625.6948
35,69430.09,12,613.0,0.408,0.571,0,2998.11,60,14.48,Branch,Debt Consolidation,1,0.4147411944471422,3801,0,0,0,B,0,1798.866,359.7732,0.0
47,56301.71,13,621.0,0.632,0.425,0,18030.6,36,16.73,Online,Personal Loan,0,0.5592809225778365,16084,0,0,0,B,0,0.0,2163.6719999999996,0.0
46,59163.01,21,731.0,0.394,0.253,0,14071.22,36,5.0,Branch,Personal Loan,0,0.1065138726422306,7315,0,1,1,A,1,0.0,1688.5464,1688.5464
36,48441.12,20,705.0,0.354,0.158,1,12439.35,36,17.22,Branch,Personal Loan,1,0.5285567571422012,13728,1,0,0,B,0,7463.61,1492.722,0.0
44,49311.13,16,587.0,0.368,0.264,1,2000.0,60,18.02,Online,Auto Refi,0,0.4888784530062556,1665,0,0,0,A,0,0.0,240.0,0.0
27,89895.25,14,669.0,0.205,0.347,0,14445.09,36,5.0,Online,Personal Loan,0,0.1441393110872812,9693,0,1,1,B,1,0.0,1733.4107999999999,1733.4107999999999
67,53339.77,16,636.0,0.151,0.541,1,2000.0,36,25.0,Online,Auto Refi,1,0.7055218236513712,135,1,0,0,A,0,1200.0,240.0,0.0
33,49135.11,0,706.0,0.273,0.147,0,5226.39,36,5.0,Online,Personal Loan,1,0.1541179720988967,18253,0,1,1,A,1,3135.8340000000003,627.1668,-2508.6672000000003
40,54678.71,0,791.0,0.533,0.366,1,4622.16,60,5.0,Online,Auto Refi,0,0.1291332395546316,7485,0,0,1,A,0,0.0,554.6591999999999,0.0
38,69349.4,18,725.0,0.479,0.057,1,13835.6,36,5.0,Online,Auto Refi,0,0.1490732761527614,1912,0,0,1,B,1,0.0,1660.272,1660.272
28,49933.08,8,730.0,0.364,0.282,0,19195.48,36,5.0,Online,Debt Consolidation,1,0.1122313548850616,14872,0,1,1,A,1,11517.287999999999,2303.4575999999997,-9213.830399999999
66,61881.94,3,612.0,0.257,0.725,0,2000.0,36,13.19,Online,Personal Loan,1,0.3593739158868667,5169,0,0,0,A,0,1200.0,240.0,0.0
25,43919.03,9,629.0,0.554,0.681,0,14876.97,36,17.04,Online,Personal Loan,0,0.5212932452086914,818,0,0,0,B,0,0.0,1785.2363999999998,0.0
37,78028.47,20,720.0,0.218,0.508,1,21357.58,36,5.0,Online,Personal Loan,0,0.1562160596620669,15419,0,1,1,A,1,0.0,2562.9096,2562.9096
26,56691.33,1,772.0,0.362,0.382,0,14653.75,60,5.0,Branch,Personal Loan,0,0.0689763284241623,15798,0,1,1,B,1,0.0,1758.45,1758.45
55,81283.41,23,678.0,0.116,0.437,0,7944.12,60,5.0,Online,Debt Consolidation,1,0.1414985491843371,9603,0,1,1,B,1,4766.472,953.2944,-3813.1776
64,70998.91,13,624.0,0.167,0.346,0,13814.05,36,6.4,Partner,Personal Loan,1,0.2161999162544687,5768,0,0,0,A,0,8288.429999999998,1657.686,0.0
35,100379.26,10,599.0,0.335,0.591,1,15215.13,60,19.75,Online,Personal Loan,1,0.5997996273345766,3161,0,0,0,A,0,9129.078,1825.8156,0.0
50,72256.58,13,724.0,0.076,0.374,0,18105.72,36,5.0,Online,Auto Refi,0,0.1277177771382507,18421,0,1,1,B,1,0.0,2172.6864,2172.6864
54,97272.66,22,726.0,0.094,0.383,0,13124.33,36,5.0,Partner,Personal Loan,0,0.1150509208285833,15104,0,1,1,A,1,0.0,1574.9196,1574.9196
43,66937.1,2,689.0,0.229,0.462,0,2000.0,36,5.0,Online,Debt Consolidation,0,0.148500326975063,17757,0,1,1,B,1,0.0,240.0,240.0
68,47391.54,10,531.0,0.401,0.298,0,23020.59,36,20.81,Online,Auto Refi,0,0.5754340230288996,14280,0,0,0,B,0,0.0,2762.4708,0.0
40,63367.12,12,591.0,0.549,0.514,0,19862.84,60,19.55,Branch,Personal Loan,0,0.6366489020800701,18115,0,0,0,B,0,0.0,2383.5407999999998,0.0
64,63084.01,19,800.0,0.305,0.73,1,11663.69,36,5.0,Branch,Auto Refi,0,0.0981128395581545,3421,0,1,1,A,1,0.0,1399.6428,1399.6428
42,21659.52,20,685.0,0.217,0.688,0,6012.08,60,5.0,Online,Personal Loan,0,0.1419059952101578,5828,0,1,1,B,1,0.0,721.4495999999999,721.4495999999999
42,55505.54,18,602.0,0.453,0.385,1,10781.8,36,19.5,Online,Debt Consolidation,1,0.5582633458742252,19898,0,0,0,A,0,6469.079999999999,1293.8159999999998,0.0
47,67800.14,6,694.0,0.493,0.553,0,20543.4,36,7.33,Online,Personal Loan,0,0.2533501135120309,14242,0,0,0,A,0,0.0,2465.208,0.0
63,66861.15,13,702.0,0.19,0.58,1,15330.84,60,5.7,Partner,Debt Consolidation,1,0.191623708562045,5558,0,1,0,A,1,9198.503999999999,1839.7007999999998,-7358.803199999999
59,82765.55,2,636.0,0.502,0.502,0,12977.84,36,13.05,Branch,Personal Loan,0,0.4348117974879422,8681,0,0,0,A,0,0.0,1557.3408,0.0
69,74304.51,3,699.0,0.234,0.829,0,4602.95,36,5.25,Branch,Debt Consolidation,0,0.2286221608518744,899,0,1,0,B,0,0.0,552.3539999999999,0.0
34,84680.15,13,635.0,0.166,0.404,1,17028.39,36,9.8,Branch,Debt Consolidation,1,0.3257460904269976,8788,0,0,0,A,0,10217.034,2043.4067999999997,0.0
47,61966.97,21,746.0,0.418,0.38,0,2000.0,36,5.0,Online,Auto Refi,0,0.1023674490406497,5183,0,0,1,B,1,0.0,240.0,240.0
51,60010.88,23,616.0,0.228,0.334,0,10927.6,36,8.05,Online,Personal Loan,1,0.2686483927978573,10464,0,0,0,B,0,6556.56,1311.312,0.0
35,61997.71,21,607.0,0.546,0.039,0,12390.43,60,11.96,Branch,Auto Refi,1,0.3903102471601996,13820,0,0,0,A,0,7434.258,1486.8516,0.0
49,34260.18,3,656.0,0.247,0.568,0,26658.36,60,6.82,Online,Auto Refi,1,0.2544062728681454,1592,0,1,0,B,0,15995.016,3199.0032,0.0
62,98449.88,20,701.0,0.283,0.444,0,24866.33,60,5.0,Branch,Debt Consolidation,1,0.1481739079855743,377,0,1,1,B,1,14919.798,2983.9596,-11935.8384
60,81891.65,1,759.0,0.138,0.572,0,5602.66,36,5.0,Online,Auto Refi,0,0.0830826873119134,9567,0,1,1,A,1,0.0,672.3191999999999,672.3191999999999
32,43787.25,6,672.0,0.258,0.422,0,11380.84,36,5.0,Partner,Personal Loan,0,0.1676325095868722,18219,0,1,1,B,1,0.0,1365.7008,1365.7008
21,61784.88,0,654.0,0.325,0.54,0,11977.28,36,8.04,Partner,Debt Consolidation,1,0.2592622150702764,7248,0,1,0,B,0,7186.368,1437.2736,0.0
35,59479.89,10,701.0,0.305,0.401,1,3535.15,36,6.04,Online,Debt Consolidation,0,0.2147193404459228,10334,0,1,0,B,0,0.0,424.218,0.0
38,57431.45,20,697.0,0.341,0.191,0,23832.47,36,5.0,Online,Personal Loan,0,0.1546267183699859,11663,0,1,1,B,1,0.0,2859.8964,2859.8964
22,37471.31,21,645.0,0.238,0.501,0,4558.54,36,7.07,Online,Personal Loan,0,0.2233498986793711,10199,0,1,0,A,1,0.0,547.0248,547.0248
59,40032.49,1,721.0,0.286,0.181,0,23158.57,36,5.0,Branch,Personal Loan,0,0.1222687139567868,3334,0,1,1,B,1,0.0,2779.0283999999997,2779.0283999999997
40,74091.34,18,622.0,0.433,0.583,0,19334.56,60,14.06,Branch,Personal Loan,1,0.4338026969754828,17427,0,0,0,B,0,11600.736,2320.1472,0.0
27,50055.05,2,493.0,0.45,0.53,1,14019.42,36,25.0,Online,Personal Loan,1,0.7544381009190205,6131,0,0,0,B,0,8411.652,1682.3304,0.0
57,84796.19,12,620.0,0.154,0.464,0,17416.31,36,7.57,Online,Auto Refi,0,0.2279252416662197,18660,0,0,0,B,0,0.0,2089.9572000000003,0.0
51,100340.02,2,647.0,0.257,0.348,1,23181.12,36,9.78,Online,Personal Loan,0,0.3242720596863894,2620,0,1,0,A,1,0.0,2781.7344,2781.7344
31,36782.98,14,631.0,0.442,0.313,0,20605.8,36,10.21,Online,Personal Loan,1,0.2899614428915247,8378,0,0,0,B,0,12363.48,2472.696,0.0
55,103514.7,21,648.0,0.381,0.245,0,2000.0,60,6.83,Branch,Personal Loan,0,0.229607637453376,6655,0,1,0,A,1,0.0,240.0,240.0
44,87168.34,3,754.0,0.429,0.841,0,20529.78,36,5.0,Online,Auto Refi,0,0.1182206075719282,4215,0,0,1,B,1,0.0,2463.5735999999997,2463.5735999999997
63,38909.6,4,588.0,0.24,0.705,1,20585.13,36,20.29,Branch,Auto Refi,1,0.5942595066542314,12491,0,0,0,A,0,12351.078,2470.2156,0.0
59,49446.36,24,671.0,0.409,0.389,0,4604.85,36,6.59,Online,Personal Loan,1,0.2280244964681357,18871,0,0,0,A,0,2762.9100000000003,552.582,0.0
61,44153.19,23,620.0,0.239,0.658,0,10728.59,60,11.12,Online,Personal Loan,1,0.3572941681437666,12945,0,0,0,A,0,6437.1539999999995,1287.4307999999999,0.0
23,95037.12,19,782.0,0.477,0.616,2,6930.31,36,7.25,Partner,Debt Consolidation,0,0.2637577143225131,18287,0,0,0,A,0,0.0,831.6372,0.0
35,54156.59,13,743.0,0.375,0.906,1,16372.89,36,7.89,Online,Debt Consolidation,0,0.2974640481963376,8670,0,1,0,A,1,0.0,1964.7468,1964.7468
40,85134.71,3,801.0,0.335,0.36,0,23735.34,36,5.0,Online,Personal Loan,0,0.0742720765503925,18332,0,1,1,B,1,0.0,2848.2408,2848.2408
21,39685.46,0,830.0,0.51,0.527,0,10341.17,36,6.41,Online,Auto Refi,0,0.1123534195361755,11366,1,0,1,B,1,0.0,1240.9404,1240.9404
62,33950.65,5,646.0,0.204,0.731,0,3921.04,36,8.54,Online,Auto Refi,0,0.3912269034593962,7283,0,1,0,B,0,0.0,470.52479999999997,0.0
52,91521.8,20,499.0,0.281,0.178,0,3416.38,36,20.61,Branch,Auto Refi,1,0.5664756200160952,11568,0,0,0,A,0,2049.828,409.9656,0.0
41,79493.66,10,727.0,0.404,0.537,0,19945.04,60,5.0,Branch,Personal Loan,0,0.1323592119087159,14512,0,0,1,B,1,0.0,2393.4048,2393.4048
37,105282.93,21,625.0,0.237,0.483,0,5132.38,36,23.07,Branch,Debt Consolidation,0,0.649395297167878,17984,1,0,0,A,0,0.0,615.8856,0.0
45,74926.34,1,756.0,0.276,0.0,0,2000.0,36,5.0,Online,Debt Consolidation,0,0.0651234339848123,15566,0,1,1,A,1,0.0,240.0,240.0
46,76074.82,20,776.0,0.555,0.646,0,13379.74,36,5.0,Online,Personal Loan,0,0.1000899755344819,14135,0,0,1,B,1,0.0,1605.5688,1605.5688
52,35185.85,16,748.0,0.497,0.602,0,26398.78,60,5.0,Partner,Debt Consolidation,1,0.1182209482176274,150,0,0,1,B,1,15839.267999999998,3167.8536,-12671.414399999998
22,21841.81,23,701.0,0.21,0.602,1,21415.38,36,6.25,Online,Debt Consolidation,0,0.2453898982034629,1839,0,1,0,A,1,0.0,2569.8456,2569.8456
48,72733.42,6,742.0,0.458,0.092,0,11634.35,36,5.0,Online,Auto Refi,0,0.0765730534215161,6055,0,0,1,A,0,0.0,1396.122,0.0
39,74789.45,18,625.0,0.324,0.468,0,20239.76,60,10.19,Branch,Auto Refi,1,0.3096774888602315,9384,0,0,0,B,0,12143.855999999998,2428.7711999999997,0.0
63,22882.8,3,713.0,0.414,0.402,1,13005.29,60,6.67,Partner,Personal Loan,0,0.2669111708923289,18430,0,0,0,B,0,0.0,1560.6348,0.0
42,50319.33,24,717.0,0.284,0.585,0,13367.58,36,5.0,Online,Auto Refi,0,0.1400595900646213,11991,0,1,1,B,1,0.0,1604.1096,1604.1096
66,24622.17,2,711.0,0.209,0.378,1,9751.1,36,5.0,Online,Personal Loan,1,0.1549272259681407,2754,0,1,1,B,1,5850.66,1170.132,-4680.528
25,68321.09,11,663.0,0.352,0.383,0,7911.12,60,6.32,Online,Auto Refi,0,0.2189300537417251,648,0,1,0,A,1,0.0,949.3344,949.3344
29,62582.9,24,671.0,0.317,0.483,0,10011.67,36,5.9,Online,Auto Refi,0,0.2008310688654883,19909,0,1,0,B,0,0.0,1201.4004,0.0
52,59389.15,4,787.0,0.369,0.75,0,17514.88,36,10.18,Online,Personal Loan,0,0.2893759958915677,371,1,0,0,B,0,0.0,2101.7856,0.0
48,52088.1,0,618.0,0.472,0.716,0,12392.26,60,16.97,Branch,Debt Consolidation,1,0.5329322178682266,14484,0,0,0,B,0,7435.356,1487.0711999999999,0.0
65,71333.52,24,746.0,0.278,0.523,0,5776.35,36,5.0,Online,Auto Refi,0,0.1011732273091691,3727,0,1,1,A,1,0.0,693.162,693.162
31,50643.37,17,644.0,0.574,0.503,3,19234.79,36,25.0,Online,Auto Refi,1,0.8084249651285658,2803,0,0,0,A,0,11540.874,2308.1748000000002,0.0
24,81055.14,24,660.0,0.324,0.246,0,12972.41,36,5.05,Online,Auto Refi,1,0.1644614411782272,15921,0,1,1,A,1,7783.446,1556.6892,-6226.7568
44,83566.55,22,600.0,0.337,0.391,0,12863.67,36,12.42,Online,Auto Refi,0,0.4289867949801568,5660,0,0,0,A,0,0.0,1543.6404,0.0
23,67995.09,3,796.0,0.266,0.2,1,5585.46,36,5.0,Branch,Debt Consolidation,0,0.100878899562564,14099,0,1,1,B,1,0.0,670.2552,670.2552
60,69588.46,8,639.0,0.43,0.325,0,20906.97,36,9.34,Online,Auto Refi,0,0.307244666609522,12013,0,0,0,A,0,0.0,2508.8364,0.0
38,28712.19,15,805.0,0.314,0.527,0,2000.0,60,5.0,Online,Debt Consolidation,0,0.0571897297238893,7730,0,1,1,B,1,0.0,240.0,240.0
44,76239.97,18,621.0,0.466,0.367,1,14950.22,36,17.35,Online,Debt Consolidation,1,0.4843082990673938,1251,0,0,0,B,0,8970.132,1794.0264,0.0
29,51998.19,14,827.0,0.093,0.367,0,9733.36,36,5.0,Online,Personal Loan,0,0.0684055018787184,7929,0,1,1,B,1,0.0,1168.0032,1168.0032
28,51257.27,1,684.0,0.24,0.198,0,12843.14,36,5.0,Online,Debt Consolidation,0,0.1382639599128698,11484,0,1,1,B,1,0.0,1541.1768,1541.1768
25,43797.77,2,686.0,0.495,0.649,0,16204.23,60,9.07,Online,Personal Loan,1,0.313732576332377,13446,0,0,0,A,0,9722.537999999999,1944.5076,0.0
67,51417.74,13,653.0,0.414,0.819,0,15205.35,60,12.89,Online,Personal Loan,0,0.4587574805854804,13463,0,0,0,A,0,0.0,1824.642,0.0
30,99278.91,9,792.0,0.32,0.336,1,23546.93,60,5.0,Online,Personal Loan,0,0.1122327267363406,12443,0,1,1,A,1,0.0,2825.6315999999997,2825.6315999999997
66,92860.44,15,615.0,0.343,0.281,0,18398.66,36,9.68,Online,Personal Loan,0,0.2701941376621402,10976,0,0,0,B,0,0.0,2207.8392,0.0
35,84354.94,16,713.0,0.607,0.08,0,14716.31,36,5.0,Online,Personal Loan,0,0.1400574978833329,19703,0,0,1,B,1,0.0,1765.9571999999998,1765.9571999999998
48,79742.94,23,808.0,0.29,0.676,0,11568.48,36,5.0,Online,Personal Loan,0,0.0633684009410312,9492,0,1,1,B,1,0.0,1388.2176,1388.2176
26,66533.25,1,748.0,0.505,0.883,0,13763.05,36,5.74,Online,Debt Consolidation,0,0.1376267896083746,13080,0,0,1,B,1,0.0,1651.5659999999998,1651.5659999999998
62,77884.82,23,658.0,0.392,0.418,0,15256.46,36,7.71,Branch,Personal Loan,1,0.2833018284770895,17089,0,1,0,B,0,9153.875999999998,1830.7751999999998,0.0
35,70042.41,9,721.0,0.373,0.516,0,10732.55,60,5.0,Online,Auto Refi,0,0.1438123739248451,2132,0,1,1,A,1,0.0,1287.906,1287.906
36,38640.83,21,666.0,0.313,0.618,0,14899.87,36,21.46,Online,Personal Loan,0,0.5510906254712741,14161,1,0,0,B,0,0.0,1787.9844,0.0
29,84695.9,24,721.0,0.17,0.452,0,16736.23,36,5.0,Online,Personal Loan,0,0.151521742141117,16206,0,1,1,A,1,0.0,2008.3475999999998,2008.3475999999998
40,78764.34,0,486.0,0.357,0.383,0,8527.6,60,25.0,Online,Personal Loan,0,0.8135153044214051,5702,0,0,0,B,0,0.0,1023.312,0.0
57,55117.32,12,655.0,0.417,0.66,1,12772.55,60,15.69,Online,Personal Loan,0,0.4539411695107622,6543,0,0,0,B,0,0.0,1532.706,0.0
57,65256.87,11,694.0,0.353,0.497,1,17709.52,60,8.35,Online,Personal Loan,1,0.3021705148681793,13289,0,1,0,A,1,10625.712,2125.1424,-8500.569599999999
61,40049.33,6,688.0,0.158,0.446,1,24460.19,36,5.26,Online,Debt Consolidation,1,0.2089427990658003,735,0,1,0,A,1,14676.114,2935.2227999999996,-11740.8912
53,53089.91,19,588.0,0.45,0.328,0,20267.19,60,15.42,Online,Auto Refi,1,0.4534581962685616,4594,0,0,0,B,0,12160.313999999998,2432.0627999999997,0.0
65,56024.87,6,717.0,0.239,0.302,0,23178.6,36,5.0,Partner,Debt Consolidation,0,0.1307358915480658,4405,0,1,1,B,1,0.0,2781.432,2781.432
25,63349.73,6,674.0,0.349,0.136,0,8423.7,36,5.0,Online,Personal Loan,0,0.1459232007708254,751,0,1,1,B,1,0.0,1010.844,1010.844
29,102896.9,5,644.0,0.167,0.626,0,12716.14,60,7.1,Online,Personal Loan,1,0.2445812934880966,10237,0,1,0,B,0,7629.683999999999,1525.9368,0.0
51,45655.18,23,723.0,0.219,0.0,0,14916.44,36,5.0,Online,Auto Refi,0,0.15464207786421,16144,0,1,1,A,1,0.0,1789.9728,1789.9728
28,68354.7,14,697.0,0.109,0.572,1,16362.33,36,5.0,Online,Auto Refi,0,0.1376331213851465,15318,0,1,1,B,1,0.0,1963.4796,1963.4796
55,28070.2,4,660.0,0.157,0.313,0,12221.32,60,5.0,Online,Debt Consolidation,0,0.1681872451838895,17750,0,1,1,A,1,0.0,1466.5584,1466.5584
23,101571.81,1,668.0,0.538,0.693,0,2866.64,36,12.24,Branch,Personal Loan,0,0.392045213592569,17840,0,0,0,B,0,0.0,343.99679999999995,0.0
57,90227.71,20,728.0,0.326,0.516,1,21518.3,60,5.08,Online,Personal Loan,0,0.1480092267227107,8576,0,1,1,A,1,0.0,2582.196,2582.196
24,71659.75,16,759.0,0.453,0.277,0,5215.76,36,5.0,Partner,Personal Loan,0,0.0884803085555506,2334,0,0,1,A,0,0.0,625.8912,0.0
32,54597.53,22,623.0,0.313,0.479,0,18371.67,36,10.3,Online,Personal Loan,1,0.3022546607306716,7649,0,0,0,B,0,11023.001999999999,2204.6004,0.0
30,20000.0,23,738.0,0.102,0.297,0,10391.06,36,5.93,Online,Personal Loan,0,0.1152649457075503,19426,1,0,1,A,0,0.0,1246.9271999999999,0.0
39,28768.66,12,729.0,0.415,0.633,0,9033.74,60,5.0,Online,Debt Consolidation,0,0.12846855868959,2314,0,0,1,B,1,0.0,1084.0488,1084.0488
57,60827.9,14,713.0,0.229,0.157,0,18608.85,36,5.0,Partner,Auto Refi,0,0.1308673899617795,19192,0,1,1,A,1,0.0,2233.062,2233.062
25,88904.83,9,680.0,0.237,0.254,0,20397.92,60,5.0,Online,Auto Refi,0,0.1555384322706783,10783,0,1,1,B,1,0.0,2447.7504,2447.7504
68,65663.07,3,830.0,0.117,0.667,0,11618.57,60,5.0,Partner,Personal Loan,0,0.0479034011563945,12998,0,1,1,A,1,0.0,1394.2284,1394.2284
41,56388.16,15,747.0,0.161,0.98,0,24877.29,60,5.0,Branch,Debt Consolidation,0,0.1199379689330444,4477,0,1,1,B,1,0.0,2985.2748,2985.2748
36,67024.92,22,581.0,0.227,0.315,0,11249.41,60,11.45,Partner,Personal Loan,0,0.4094198983598164,6016,0,0,0,B,0,0.0,1349.9292,0.0
63,72953.49,10,644.0,0.362,0.66,0,15831.64,36,11.06,Online,Auto Refi,0,0.35007199910621,19113,0,1,0,A,1,0.0,1899.7967999999998,1899.7967999999998
37,55885.64,15,597.0,0.487,0.518,0,9266.05,36,17.49,Online,Personal Loan,0,0.5084222337920489,4505,0,0,0,A,0,0.0,1111.926,0.0
37,53836.56,18,626.0,0.144,0.311,0,20595.04,36,5.58,Branch,Auto Refi,0,0.1550905253522776,3715,0,0,1,A,0,0.0,2471.4048,0.0
60,48872.56,6,669.0,0.331,0.477,0,11046.75,60,6.24,Partner,Debt Consolidation,0,0.2235842875572703,1475,0,1,0,A,1,0.0,1325.61,1325.61
38,64181.9,5,778.0,0.413,0.264,1,2000.0,36,5.0,Online,Auto Refi,0,0.102345197750761,15482,0,0,1,B,1,0.0,240.0,240.0
44,90545.1,0,690.0,0.286,0.368,0,15868.36,60,5.0,Online,Personal Loan,0,0.1369727752143895,202,0,1,1,A,1,0.0,1904.2032,1904.2032
58,35279.71,24,642.0,0.173,0.406,0,2650.39,36,5.53,Online,Auto Refi,0,0.1915116026302417,3263,0,1,0,B,0,0.0,318.04679999999996,0.0
64,96760.46,12,666.0,0.2,0.248,0,29102.74,36,5.0,Online,Personal Loan,0,0.1060283295548397,18060,0,1,1,A,1,0.0,3492.3288000000002,3492.3288000000002
65,42856.14,23,741.0,0.424,0.433,1,20650.23,36,5.0,Online,Auto Refi,1,0.1459521025177737,11034,0,0,1,B,1,12390.137999999999,2478.0276,-9912.1104
36,94272.21,13,639.0,0.421,0.221,1,19794.91,36,12.48,Partner,Auto Refi,1,0.4031104885409647,6358,0,0,0,B,0,11876.946,2375.3892,0.0
59,80816.46,12,830.0,0.359,0.43,0,11851.66,60,5.0,Online,Auto Refi,0,0.0473013843212012,1393,0,1,1,B,1,0.0,1422.1992,1422.1992
58,98165.25,13,722.0,0.466,0.358,0,15730.31,36,15.15,Online,Personal Loan,1,0.3992314700221834,834,1,0,0,B,0,9438.186,1887.6372,0.0
23,41767.28,5,622.0,0.62,0.468,0,21106.45,60,16.76,Branch,Auto Refi,1,0.5638721034004115,9750,0,0,0,A,0,12663.87,2532.774,0.0
32,111621.06,18,660.0,0.21,0.392,0,17858.4,60,5.0,Partner,Personal Loan,0,0.1529377828605153,17576,0,1,1,A,1,0.0,2143.0080000000003,2143.0080000000003
30,48912.43,15,664.0,0.425,0.485,0,8329.29,60,22.51,Online,Auto Refi,1,0.5974838528526238,2383,1,0,0,B,0,4997.5740000000005,999.5148,0.0
60,64198.46,7,578.0,0.413,0.296,0,37518.22,60,15.52,Partner,Auto Refi,0,0.7043990898382442,15465,0,0,0,A,0,0.0,4502.1864,0.0
49,56124.53,19,794.0,0.432,0.472,1,11517.66,36,5.0,Partner,Personal Loan,1,0.1253305595377639,17507,0,0,1,A,0,6910.596,1382.1191999999999,0.0
62,71163.84,24,649.0,0.333,0.901,0,14511.58,36,12.51,Branch,Debt Consolidation,1,0.5225534973406155,112,0,1,0,B,0,8706.948,1741.3896,0.0
23,78474.36,22,629.0,0.503,0.745,0,10911.15,36,16.72,Partner,Debt Consolidation,1,0.5460672398212745,12383,0,0,0,A,0,6546.69,1309.338,0.0
28,56391.29,8,605.0,0.423,0.504,0,4986.59,60,15.0,Online,Debt Consolidation,1,0.4721871699966313,5589,0,0,0,A,0,2991.954,598.3908,0.0
60,98050.06,2,753.0,0.375,0.327,0,17403.51,60,5.0,Online,Personal Loan,0,0.0968676294802656,14,0,1,1,A,1,0.0,2088.4211999999998,2088.4211999999998
24,59309.19,15,766.0,0.516,0.757,0,7716.73,36,15.7,Online,Personal Loan,1,0.250259950334897,18635,1,0,0,B,0,4630.038,926.0075999999999,0.0
58,74603.65,11,736.0,0.39,0.153,0,22980.81,36,5.0,Partner,Personal Loan,0,0.0985573863960619,10136,0,1,1,A,1,0.0,2757.6972,2757.6972
28,69614.29,23,662.0,0.081,0.333,1,21656.66,36,5.29,Online,Personal Loan,1,0.1322986103230573,1879,0,1,1,B,1,12993.996,2598.7992,-10395.1968
68,42788.81,9,747.0,0.314,0.505,0,21086.82,36,5.0,Branch,Personal Loan,0,0.0999274669302946,9531,0,1,1,A,1,0.0,2530.4184,2530.4184
64,78491.28,18,624.0,0.456,0.256,1,27529.02,36,15.46,Online,Auto Refi,0,0.4532347716198643,19111,0,0,0,A,0,0.0,3303.4824,0.0
35,54299.45,15,733.0,0.311,0.75,1,19015.38,60,6.38,Online,Auto Refi,1,0.2282622530672056,6037,0,1,0,A,1,11409.228000000001,2281.8456,-9127.3824
37,80152.18,23,582.0,0.458,0.295,0,4554.39,36,15.91,Online,Auto Refi,1,0.4337149754719735,1800,0,0,0,B,0,2732.634,546.5268,0.0
69,72719.48,24,705.0,0.376,0.657,0,14096.47,36,5.49,Branch,Personal Loan,0,0.1895273783162173,4804,0,1,0,B,0,0.0,1691.5764,0.0
57,70858.35,4,739.0,0.476,0.225,0,14325.71,60,5.0,Partner,Debt Consolidation,0,0.1009659011779946,3760,0,0,1,A,0,0.0,1719.0851999999998,0.0
22,54498.61,21,737.0,0.419,0.482,0,18129.29,36,5.0,Online,Debt Consolidation,0,0.1150152123012355,6870,0,0,1,B,1,0.0,2175.5148,2175.5148
43,86392.17,4,597.0,0.406,0.78,1,7355.07,60,23.63,Online,Personal Loan,1,0.6946263243196454,8174,0,0,0,A,0,4413.0419999999995,882.6084,0.0
30,63065.34,5,830.0,0.213,0.691,0,14147.15,36,5.0,Online,Auto Refi,0,0.0457782234347329,9245,0,1,1,B,1,0.0,1697.658,1697.658
68,67138.78,18,646.0,0.404,0.603,0,6280.92,60,25.0,Branch,Personal Loan,0,0.7341540601424705,2904,1,0,0,B,0,0.0,753.7103999999999,0.0
39,66043.18,0,751.0,0.21,0.251,1,26280.41,36,5.0,Partner,Personal Loan,0,0.1180599616370722,11842,0,1,1,A,1,0.0,3153.6492,3153.6492
47,34405.31,8,729.0,0.294,0.879,0,13570.08,36,5.0,Branch,Debt Consolidation,0,0.1353198610277856,880,0,1,1,A,1,0.0,1628.4096,1628.4096
32,46678.69,15,702.0,0.371,0.276,1,25386.84,36,5.94,Online,Personal Loan,1,0.195134496612048,10598,0,1,0,A,1,15232.104,3046.4208,-12185.6832
43,53976.81,12,670.0,0.147,0.29,0,23506.4,60,5.0,Online,Auto Refi,0,0.1352021374233567,4626,0,1,1,A,1,0.0,2820.768,2820.768
38,84310.2,20,701.0,0.266,0.898,0,5179.79,36,6.12,Partner,Auto Refi,0,0.3121318330743304,5556,0,1,0,B,0,0.0,621.5748,0.0
58,79228.59,4,596.0,0.391,0.255,1,24959.65,60,17.39,Branch,Debt Consolidation,0,0.500507291454754,16874,0,0,0,B,0,0.0,2995.158,0.0
55,76189.23,5,644.0,0.456,0.772,0,23562.22,36,14.22,Branch,Personal Loan,1,0.445617954794648,14077,0,0,0,B,0,14137.332,2827.4664000000002,0.0
43,80054.17,6,662.0,0.308,0.267,0,14198.49,36,5.0,Partner,Debt Consolidation,0,0.1469290642022229,8602,0,1,1,A,1,0.0,1703.8188,1703.8188
44,76780.88,6,776.0,0.351,0.393,2,20953.23,60,5.0,Branch,Debt Consolidation,0,0.1078943053786558,15278,0,0,1,A,0,0.0,2514.3876,0.0
60,53030.57,16,688.0,0.306,0.696,0,11993.79,36,6.1,Online,Debt Consolidation,1,0.207114149867745,7974,0,1,0,B,0,7196.274,1439.2548000000002,0.0
58,87721.75,16,731.0,0.463,0.824,1,13998.78,36,9.91,Branch,Debt Consolidation,0,0.3032745149063087,2932,0,0,0,A,0,0.0,1679.8536,0.0
38,54205.97,18,592.0,0.201,0.952,0,13763.29,36,16.99,Branch,Personal Loan,0,0.6347213662450731,17719,0,0,0,B,0,0.0,1651.5948,0.0
36,47164.88,3,693.0,0.385,0.642,0,2288.08,60,6.51,Online,Personal Loan,0,0.2003764973664533,1502,0,1,0,B,0,0.0,274.5696,0.0
49,68311.32,9,574.0,0.337,0.705,1,4103.65,36,23.87,Online,Auto Refi,1,0.665063998112566,357,0,0,0,B,0,2462.1899999999996,492.43799999999993,0.0
63,72076.18,24,636.0,0.238,0.554,0,25021.12,36,8.43,Online,Auto Refi,0,0.317982653299971,8542,0,0,0,B,0,0.0,3002.5343999999996,0.0
38,34959.37,14,721.0,0.365,0.74,0,15591.42,36,5.0,Branch,Personal Loan,1,0.1454702708007679,6716,0,1,1,B,1,9354.851999999999,1870.9704,-7483.881599999999
24,51114.72,4,611.0,0.243,0.0,1,15424.16,36,9.57,Branch,Auto Refi,0,0.273105138553315,7991,0,0,0,A,0,0.0,1850.8991999999998,0.0
40,31326.1,16,578.0,0.399,0.451,0,17178.46,60,17.07,Online,Debt Consolidation,1,0.5207997646431647,4348,0,0,0,A,0,10307.076,2061.4152,0.0
63,81469.2,16,656.0,0.192,0.472,0,16215.49,36,5.2,Online,Auto Refi,0,0.1825001198966378,19642,0,1,0,A,1,0.0,1945.8588,1945.8588
35,74544.79,0,681.0,0.403,0.76,0,16561.64,36,8.99,Partner,Personal Loan,1,0.3253350676660336,7493,0,0,0,B,0,9936.983999999999,1987.3967999999998,0.0
21,49896.42,8,716.0,0.231,0.4,0,4677.03,36,5.0,Branch,Personal Loan,0,0.1418275232451744,14225,0,1,1,B,1,0.0,561.2435999999999,561.2435999999999
50,80446.67,2,666.0,0.424,0.32,0,20985.39,60,6.65,Online,Debt Consolidation,0,0.250808598608325,16869,0,0,0,B,0,0.0,2518.2468,0.0
21,87481.45,18,599.0,0.319,0.679,0,15912.09,36,15.44,Online,Auto Refi,0,0.4764778962753297,892,0,0,0,B,0,0.0,1909.4507999999998,0.0
59,58819.32,5,675.0,0.391,0.162,1,15409.95,36,7.63,Online,Personal Loan,0,0.2354658677640226,6032,0,1,0,A,1,0.0,1849.194,1849.194
44,83913.5,7,733.0,0.455,0.677,1,21786.48,36,8.1,Online,Debt Consolidation,0,0.2152212064014997,9440,0,0,0,A,0,0.0,2614.3776,0.0
38,40700.83,23,662.0,0.489,0.71,0,13063.81,60,12.16,Partner,Personal Loan,0,0.3762544253349377,8164,0,0,0,B,0,0.0,1567.6571999999999,0.0
47,65569.12,8,655.0,0.41,0.279,0,17519.23,36,7.02,Online,Personal Loan,1,0.23062142527246,11809,0,0,0,B,0,10511.537999999999,2102.3076,0.0
48,78404.7,13,716.0,0.336,0.643,0,21392.31,36,5.0,Branch,Personal Loan,0,0.1510000874716252,781,0,1,1,B,1,0.0,2567.0772,2567.0772
26,65511.7,19,686.0,0.245,0.409,0,16290.37,60,5.0,Online,Personal Loan,0,0.1478610268583559,16812,0,1,1,A,1,0.0,1954.8444,1954.8444
48,64619.55,20,768.0,0.642,0.621,0,15582.82,36,5.0,Online,Auto Refi,0,0.1152942537539616,14117,0,0,1,A,0,0.0,1869.9384,0.0
51,78247.35,17,702.0,0.202,0.6,0,13169.94,60,5.0,Online,Auto Refi,1,0.1585738463658549,9716,0,1,1,A,1,7901.964,1580.3928,-6321.5712
28,29089.02,9,656.0,0.299,0.673,0,11660.72,36,8.69,Online,Debt Consolidation,0,0.2874981193542661,9320,0,1,0,B,0,0.0,1399.2864,0.0
23,99136.43,18,570.0,0.384,0.626,2,7402.34,36,25.0,Partner,Personal Loan,1,0.7603624437401232,1323,0,0,0,B,0,4441.4039999999995,888.2808,0.0
51,28022.5,5,690.0,0.584,0.565,0,12552.61,60,9.46,Branch,Debt Consolidation,1,0.380455024859009,18773,0,0,0,A,0,7531.566,1506.3132,0.0
44,71251.06,8,736.0,0.375,0.408,0,12558.22,60,5.0,Partner,Auto Refi,0,0.1075346917504914,15665,0,1,1,B,1,0.0,1506.9863999999998,1506.9863999999998
50,69725.02,17,765.0,0.372,0.466,0,11053.85,60,5.0,Online,Debt Consolidation,0,0.0868731471352246,15311,0,1,1,A,1,0.0,1326.462,1326.462
23,107646.8,8,724.0,0.473,0.043,0,3333.61,36,5.0,Branch,Auto Refi,0,0.1460959482084021,1888,0,0,1,B,1,0.0,400.0332,400.0332
33,40237.76,18,547.0,0.191,0.394,1,15495.85,60,25.0,Online,Debt Consolidation,1,0.7579868003868245,19031,1,0,0,A,0,9297.51,1859.502,0.0
52,94614.95,12,764.0,0.361,0.26,0,12507.59,36,5.0,Online,Personal Loan,0,0.0798480378823502,2432,0,1,1,B,1,0.0,1500.9107999999999,1500.9107999999999
61,66556.35,22,636.0,0.426,0.495,0,20344.93,36,11.33,Online,Personal Loan,0,0.3771513575931497,3106,0,0,0,A,0,0.0,2441.3916,0.0
49,42941.42,6,643.0,0.338,0.404,1,13543.16,36,12.45,Partner,Personal Loan,0,0.4517674737014431,2946,0,1,0,A,1,0.0,1625.1791999999998,1625.1791999999998
46,20000.0,14,627.0,0.413,0.433,1,17828.61,36,16.28,Partner,Personal Loan,0,0.5073532537900759,13181,0,0,0,A,0,0.0,2139.4332,0.0
45,82439.71,17,589.0,0.369,0.443,0,15060.78,36,14.96,Branch,Personal Loan,1,0.4935117691181642,17981,0,0,0,A,0,9036.468,1807.2936,0.0
44,46129.06,14,673.0,0.591,0.52,0,20254.98,60,10.88,Online,Personal Loan,1,0.3468499339239925,3033,0,0,0,A,0,12152.988,2430.5976,0.0
67,76110.96,3,623.0,0.419,0.228,0,20305.22,36,9.75,Branch,Debt Consolidation,1,0.2965605700727932,2161,0,0,0,A,0,12183.132,2436.6264,0.0
34,57218.13,15,742.0,0.265,0.362,3,19463.2,60,8.89,Online,Personal Loan,1,0.3331722438067229,1340,0,0,0,B,0,11677.92,2335.584,0.0
22,41175.58,11,627.0,0.419,0.307,0,14496.42,60,10.22,Online,Personal Loan,1,0.3304897585251374,8482,0,0,0,B,0,8697.851999999999,1739.5703999999998,0.0
43,85951.08,15,716.0,0.302,0.057,0,26930.36,36,9.07,Partner,Debt Consolidation,0,0.2427195523847304,8087,1,0,0,B,0,0.0,3231.6432,0.0
50,43761.64,19,692.0,0.27,0.486,0,19011.75,36,5.0,Partner,Personal Loan,0,0.1736489404679655,11948,0,1,1,A,1,0.0,2281.41,2281.41
59,69140.49,18,687.0,0.272,0.337,0,13624.22,36,5.0,Online,Personal Loan,1,0.1479207941405796,8888,0,1,1,A,1,8174.531999999999,1634.9063999999998,-6539.625599999999
52,48680.11,10,696.0,0.173,0.407,0,3891.07,36,5.0,Branch,Personal Loan,0,0.1821788123174573,1783,0,1,0,B,0,0.0,466.9284,0.0
47,62858.01,6,765.0,0.302,0.288,1,27512.02,36,5.0,Online,Personal Loan,0,0.1161689379904273,17919,0,1,1,A,1,0.0,3301.4424,3301.4424
56,44751.54,12,575.0,0.684,0.275,0,23272.95,60,21.48,Branch,Debt Consolidation,0,0.6159031096527777,15484,0,0,0,A,0,0.0,2792.754,0.0
40,47134.94,22,686.0,0.327,0.798,2,16524.06,36,16.63,Online,Personal Loan,1,0.5241561734104038,10592,0,0,0,A,0,9914.436,1982.8872000000001,0.0
35,88424.56,19,691.0,0.411,0.254,1,17656.38,36,7.29,Online,Personal Loan,1,0.2168012009147082,12139,0,0,0,A,0,10593.828,2118.7656,0.0
34,52917.86,9,574.0,0.239,0.313,0,4266.47,36,12.39,Online,Personal Loan,0,0.3703071460262209,7646,0,0,0,A,0,0.0,511.9764,0.0
38,74111.27,16,598.0,0.307,0.705,0,2000.0,36,15.67,Online,Personal Loan,1,0.4700258575350338,12483,0,0,0,B,0,1200.0,240.0,0.0
37,70760.52,20,655.0,0.162,0.754,0,4311.26,60,7.16,Partner,Personal Loan,1,0.2798847489583326,15712,0,1,0,B,0,2586.756,517.3512000000001,0.0
39,69595.22,18,686.0,0.082,0.122,1,15860.79,36,5.0,Online,Personal Loan,0,0.1351612676429261,704,0,1,1,B,1,0.0,1903.2948000000001,1903.2948000000001
38,73994.99,20,830.0,0.182,0.548,0,17154.13,36,5.0,Online,Auto Refi,0,0.0552235625882997,9315,0,1,1,B,1,0.0,2058.4956,2058.4956
23,24903.11,18,707.0,0.17,0.629,0,10476.2,60,5.0,Partner,Auto Refi,0,0.1372846494711232,4849,0,1,1,B,1,0.0,1257.144,1257.144
41,58880.49,18,788.0,0.681,0.489,0,13841.4,36,5.0,Online,Personal Loan,0,0.0936822431074613,9079,0,0,1,A,0,0.0,1660.9679999999998,0.0
54,56811.69,19,707.0,0.362,0.736,0,22127.37,60,5.7,Partner,Personal Loan,0,0.1863197858062831,14404,0,1,0,A,1,0.0,2655.2844,2655.2844
40,80827.65,12,676.0,0.269,0.483,1,2000.0,36,8.42,Online,Auto Refi,1,0.3065564583449604,8498,0,1,0,A,1,1200.0,240.0,-960.0
29,54849.15,5,667.0,0.303,0.554,1,15354.11,36,10.75,Online,Personal Loan,0,0.3330747902302595,11107,0,1,0,A,1,0.0,1842.4932000000001,1842.4932000000001
35,61010.11,7,710.0,0.063,0.378,0,15240.96,36,5.0,Online,Auto Refi,0,0.1169694944019693,18112,0,1,1,B,1,0.0,1828.9152,1828.9152
50,55373.94,13,703.0,0.202,0.308,0,18629.53,36,5.0,Branch,Auto Refi,0,0.1561930422715291,9912,0,1,1,B,1,0.0,2235.5436,2235.5436
23,86255.62,17,720.0,0.272,0.742,0,11236.66,36,5.0,Online,Personal Loan,0,0.1280511962069578,13091,0,1,1,B,1,0.0,1348.3991999999998,1348.3991999999998
44,66645.81,20,657.0,0.274,0.403,0,13258.72,36,5.79,Branch,Personal Loan,0,0.1874754724038007,9967,0,1,0,A,1,0.0,1591.0464,1591.0464
56,54413.6,11,726.0,0.315,0.55,0,8789.35,36,5.0,Online,Auto Refi,0,0.1262117184050585,4728,0,1,1,B,1,0.0,1054.722,1054.722
60,50336.78,17,574.0,0.321,0.853,0,13953.33,36,20.61,Partner,Auto Refi,0,0.6880198279709319,5101,0,0,0,A,0,0.0,1674.3996,0.0
60,45769.34,22,757.0,0.553,0.367,1,18734.49,36,5.0,Online,Auto Refi,0,0.2076753476076445,3447,0,0,0,B,0,0.0,2248.1388,0.0
23,49185.14,11,635.0,0.231,0.606,0,11426.2,36,8.88,Branch,Auto Refi,0,0.2755307204941061,16119,0,0,0,B,0,0.0,1371.144,0.0
54,76101.49,9,626.0,0.452,0.177,0,15256.02,60,9.5,Online,Auto Refi,0,0.2945958646576688,19901,0,0,0,A,0,0.0,1830.7223999999999,0.0
58,41423.15,8,626.0,0.322,0.678,0,18323.52,36,12.36,Partner,Debt Consolidation,1,0.3983357816633868,1237,0,0,0,A,0,10994.112,2198.8224,0.0
64,76489.74,24,672.0,0.431,0.504,0,10157.47,36,7.91,Online,Auto Refi,0,0.2928719991451449,15902,0,0,0,B,0,0.0,1218.8963999999999,0.0
44,46094.12,0,588.0,0.364,0.793,0,19397.67,36,19.11,Branch,Personal Loan,1,0.6716191692380723,16776,0,0,0,B,0,11638.601999999999,2327.7203999999997,0.0
68,54799.06,5,594.0,0.541,0.691,1,4432.21,36,25.0,Branch,Personal Loan,1,0.7685473915080261,15762,0,0,0,A,0,2659.326,531.8652,0.0
45,66896.68,17,651.0,0.544,0.095,1,2000.0,36,12.31,Online,Debt Consolidation,0,0.4252829849674678,19106,0,0,0,B,0,0.0,240.0,0.0
56,60559.96,0,594.0,0.088,0.17,1,28946.34,36,10.18,Partner,Personal Loan,0,0.2943062111022272,13702,0,0,0,B,0,0.0,3473.5607999999997,0.0
56,75262.43,15,717.0,0.449,0.629,1,30298.37,60,9.07,Online,Personal Loan,0,0.3063950334141955,11907,0,0,0,A,0,0.0,3635.8043999999995,0.0
37,73105.41,1,716.0,0.294,0.355,1,12558.92,60,5.0,Online,Auto Refi,0,0.1473057395696417,11882,0,1,1,B,1,0.0,1507.0704,1507.0704
30,65979.74,24,679.0,0.244,0.572,0,24076.57,60,5.0,Online,Personal Loan,0,0.1584309349985414,3840,0,1,1,A,1,0.0,2889.1884,2889.1884
43,32666.27,18,669.0,0.42,0.437,0,9541.52,60,7.29,Online,Auto Refi,0,0.2349514634945407,10093,0,0,0,B,0,0.0,1144.9824,0.0
56,65731.7,24,654.0,0.38,0.424,0,9467.41,36,7.92,Online,Personal Loan,0,0.2735881688622624,1002,0,1,0,A,1,0.0,1136.0892,1136.0892
64,42392.42,7,632.0,0.265,0.057,0,21384.65,60,5.0,Branch,Personal Loan,0,0.1239949355941246,15858,0,0,1,B,1,0.0,2566.158,2566.158
69,31649.18,15,734.0,0.367,0.573,2,21335.0,36,9.47,Partner,Personal Loan,0,0.3420765716159862,5829,0,0,0,A,0,0.0,2560.2,0.0
43,40386.06,12,709.0,0.38,0.219,0,7171.78,60,5.0,Online,Personal Loan,0,0.1349288926070046,546,0,1,1,B,1,0.0,860.6135999999999,860.6135999999999
59,73470.43,14,616.0,0.25,0.381,0,14148.62,60,8.84,Online,Personal Loan,1,0.2977704803345888,3140,0,0,0,A,0,8489.172,1697.8344,0.0
34,37881.8,9,676.0,0.316,0.716,0,13299.38,36,7.48,Online,Personal Loan,0,0.2069701645789643,15078,0,1,0,B,0,0.0,1595.9255999999998,0.0
42,88547.02,14,698.0,0.311,0.554,0,26767.87,60,5.0,Online,Auto Refi,0,0.1564474726878429,5393,0,1,1,B,1,0.0,3212.1443999999997,3212.1443999999997
40,45573.24,13,654.0,0.178,0.272,1,11541.83,36,6.95,Online,Debt Consolidation,0,0.2400934435806749,4223,0,1,0,B,0,0.0,1385.0195999999999,0.0
45,56824.6,17,629.0,0.338,0.365,0,18826.58,36,9.0,Online,Auto Refi,0,0.3078885197943684,1692,0,0,0,B,0,0.0,2259.1896,0.0
63,61414.29,22,600.0,0.336,0.427,0,15525.92,36,12.78,Partner,Auto Refi,0,0.4342607979589542,13689,0,0,0,B,0,0.0,1863.1104,0.0
57,53929.86,0,741.0,0.237,0.0,0,17447.59,36,5.0,Online,Personal Loan,0,0.0640939549085556,12614,0,1,1,B,1,0.0,2093.7108,2093.7108
65,78540.57,15,759.0,0.553,0.512,1,27380.6,36,5.9,Branch,Personal Loan,0,0.1750621823003909,16124,0,0,1,B,1,0.0,3285.6719999999996,3285.6719999999996
57,58769.42,17,541.0,0.316,0.433,0,8407.45,60,19.46,Partner,Auto Refi,0,0.6026566452492474,15079,0,0,0,B,0,0.0,1008.894,0.0
47,85244.52,13,641.0,0.456,0.447,0,7938.07,36,25.0,Online,Personal Loan,1,0.7465784624449204,737,1,0,0,B,0,4762.842,952.5683999999999,0.0
59,59187.23,22,830.0,0.05,0.093,0,24386.4,36,5.0,Online,Personal Loan,0,0.05485082014706,19351,0,1,1,A,1,0.0,2926.368,2926.368
58,64289.02,9,688.0,0.336,0.522,0,19646.8,60,5.16,Online,Auto Refi,0,0.1775889980346359,3826,0,1,1,A,1,0.0,2357.616,2357.616
37,73216.92,11,713.0,0.521,0.466,2,14477.45,36,13.76,Branch,Auto Refi,0,0.4146397482112043,6323,0,0,0,B,0,0.0,1737.294,0.0
27,62327.06,2,623.0,0.201,0.571,0,13159.24,60,23.52,Branch,Personal Loan,1,0.6229624027633481,6564,1,0,0,A,0,7895.544,1579.1088,0.0
62,41684.67,11,682.0,0.245,0.795,0,23082.97,36,6.48,Branch,Personal Loan,1,0.2530825862865811,15585,0,1,0,B,0,13849.782000000001,2769.9564,0.0
23,67543.52,22,710.0,0.428,0.366,1,6768.03,36,6.88,Branch,Auto Refi,0,0.2458515508510973,14094,0,0,0,B,0,0.0,812.1636,0.0
32,54619.5,16,563.0,0.357,0.643,0,23679.73,36,20.14,Online,Personal Loan,0,0.5842613132857947,13396,0,0,0,A,0,0.0,2841.5676,0.0
51,80305.9,21,651.0,0.352,0.512,0,17739.65,60,8.59,Partner,Debt Consolidation,0,0.3164236390242942,15350,0,1,0,B,0,0.0,2128.7580000000003,0.0
42,77901.35,19,664.0,0.188,0.61,0,14592.09,36,5.61,Branch,Personal Loan,0,0.1855544086163483,423,0,1,0,B,0,0.0,1751.0508,0.0
37,64624.92,23,631.0,0.339,0.634,2,12061.86,36,21.48,Online,Auto Refi,1,0.6025959416235945,3903,0,0,0,A,0,7237.116,1447.4232,0.0
44,78148.03,15,680.0,0.24,0.462,1,13737.98,36,7.36,Branch,Debt Consolidation,0,0.232843348803948,16964,0,1,0,A,1,0.0,1648.5575999999999,1648.5575999999999
34,68866.4,13,681.0,0.351,0.469,0,13825.37,36,5.49,Branch,Debt Consolidation,0,0.1791270457498223,15477,0,1,1,B,1,0.0,1659.0444,1659.0444
61,89274.54,2,617.0,0.347,0.282,0,15050.01,60,23.87,Online,Personal Loan,1,0.5949526998685207,19082,1,0,0,A,0,9030.006,1806.0012,0.0
30,79000.45,18,717.0,0.472,0.282,0,7094.86,36,5.0,Partner,Personal Loan,0,0.1594144569078905,10846,0,0,1,A,0,0.0,851.3831999999999,0.0
22,67958.97,15,615.0,0.194,0.659,1,24252.97,60,15.61,Online,Personal Loan,0,0.49198468829351,14911,0,0,0,B,0,0.0,2910.3564,0.0
35,97377.69,15,670.0,0.515,0.427,0,14822.11,60,8.78,Online,Personal Loan,1,0.3249899489381428,10745,0,0,0,A,0,8893.266,1778.6532,0.0
29,51722.57,14,672.0,0.645,0.361,1,15717.33,36,15.05,Online,Auto Refi,0,0.4898721922623535,7489,0,0,0,A,0,0.0,1886.0796,0.0
28,64650.91,14,740.0,0.38,0.466,0,17476.8,36,5.0,Partner,Personal Loan,0,0.1057082323896448,3481,0,1,1,B,1,0.0,2097.216,2097.216
41,60661.56,14,767.0,0.368,0.572,2,16976.83,36,6.37,Online,Auto Refi,0,0.2176718936087758,4864,0,0,0,A,0,0.0,2037.2196000000001,0.0
40,73372.43,10,685.0,0.207,0.47,1,23642.43,60,6.46,Online,Personal Loan,0,0.2305873517057422,9274,0,1,0,A,1,0.0,2837.0915999999997,2837.0915999999997
55,77636.01,8,550.0,0.218,0.262,1,26818.22,60,19.17,Online,Personal Loan,0,0.654428062329246,16976,0,0,0,B,0,0.0,3218.1864,0.0
63,89257.9,4,617.0,0.542,0.498,0,2745.12,36,16.06,Online,Auto Refi,1,0.5694815334980251,17459,0,0,0,B,0,1647.072,329.4144,0.0
65,33376.1,6,631.0,0.117,0.446,0,14787.34,36,5.86,Partner,Debt Consolidation,0,0.1761270364655318,10095,0,0,1,B,1,0.0,1774.4808,1774.4808
43,40092.39,3,749.0,0.419,0.558,1,20951.11,36,5.1,Online,Debt Consolidation,0,0.1373832161704961,7923,0,0,1,A,0,0.0,2514.1331999999998,0.0
68,86899.37,0,683.0,0.422,0.31,0,15239.32,36,5.15,Partner,Auto Refi,0,0.1687914396728262,17621,0,0,1,B,1,0.0,1828.7184,1828.7184
42,95979.45,16,675.0,0.176,0.33,0,16138.75,36,5.0,Branch,Personal Loan,0,0.1561108010511232,14236,0,1,1,B,1,0.0,1936.6499999999999,1936.6499999999999
57,70152.06,15,727.0,0.191,0.342,1,16075.4,60,5.0,Online,Personal Loan,0,0.1509301620815229,2737,0,1,1,A,1,0.0,1929.0479999999998,1929.0479999999998
59,64391.79,5,704.0,0.444,0.421,0,13517.98,60,5.0,Partner,Debt Consolidation,1,0.1733537498472818,2420,0,0,1,B,1,8110.788,1622.1575999999998,-6488.6304
49,55487.94,16,742.0,0.277,0.48,0,4562.87,60,5.0,Online,Personal Loan,0,0.1040977257697839,7145,0,1,1,B,1,0.0,547.5444,547.5444
67,78581.7,4,597.0,0.245,0.49,1,18523.21,36,16.78,Online,Auto Refi,1,0.5322643569710813,7026,0,0,0,B,0,11113.926,2222.7852,0.0
65,62456.5,5,664.0,0.301,0.461,0,12794.23,60,6.07,Online,Auto Refi,0,0.20364445439937,4910,0,1,0,B,0,0.0,1535.3075999999999,0.0
22,105548.47,18,733.0,0.294,0.427,1,18481.49,60,5.0,Branch,Auto Refi,0,0.1380592113170034,4811,0,1,1,A,1,0.0,2217.7788,2217.7788
58,85978.85,3,640.0,0.112,0.517,1,27799.04,36,9.46,Partner,Personal Loan,0,0.2463414242990302,19698,0,1,0,B,0,0.0,3335.8848,0.0
31,57409.01,11,721.0,0.375,0.253,0,14882.14,60,5.0,Partner,Debt Consolidation,0,0.139103871229845,10,0,1,1,B,1,0.0,1785.8567999999998,1785.8567999999998
41,71474.32,10,592.0,0.486,0.654,0,15036.03,60,19.66,Online,Personal Loan,1,0.5821534013066912,17197,0,0,0,A,0,9021.618,1804.3236,0.0
30,57723.96,4,673.0,0.28,0.317,0,15091.66,36,5.0,Branch,Personal Loan,0,0.158485050418065,18262,0,1,1,B,1,0.0,1810.9992,1810.9992
28,68844.28,21,607.0,0.285,0.381,0,12949.85,36,10.51,Online,Debt Consolidation,0,0.3038308029027473,13335,0,0,0,A,0,0.0,1553.982,0.0
51,96102.75,10,667.0,0.248,0.407,0,19208.74,36,5.0,Branch,Personal Loan,0,0.1646883822003951,17136,0,1,1,A,1,0.0,2305.0488,2305.0488
51,83363.15,17,660.0,0.413,0.907,0,24425.04,60,12.99,Online,Personal Loan,1,0.4996536234603314,1543,0,0,0,A,0,14655.024,2931.0048,0.0
40,32499.66,9,681.0,0.519,0.248,1,26213.72,60,24.5,Branch,Auto Refi,0,0.6254439338064045,9281,1,0,0,B,0,0.0,3145.6464,0.0
33,69165.46,17,754.0,0.394,0.282,0,10821.75,36,5.0,Branch,Auto Refi,0,0.0964912191367248,15380,0,1,1,A,1,0.0,1298.61,1298.61
30,40616.99,14,676.0,0.151,0.0,0,6563.46,36,5.0,Branch,Personal Loan,0,0.1229654419272858,4739,0,1,1,A,1,0.0,787.6152,787.6152
23,62079.87,10,555.0,0.428,0.473,2,2968.48,60,25.0,Online,Personal Loan,1,0.7179774595904762,1558,0,0,0,A,0,1781.088,356.2176,0.0
27,108791.24,10,569.0,0.484,0.726,1,5215.82,60,25.0,Online,Debt Consolidation,1,0.7598039020331164,2639,0,0,0,B,0,3129.4919999999997,625.8983999999999,0.0
39,89393.28,11,573.0,0.379,0.537,0,12862.39,60,18.26,Branch,Personal Loan,0,0.5428873631747583,975,0,0,0,B,0,0.0,1543.4868,0.0
58,43112.3,8,743.0,0.271,0.675,0,12799.57,60,5.0,Online,Personal Loan,0,0.0935732436833457,2261,0,1,1,B,1,0.0,1535.9484,1535.9484
32,64955.0,21,521.0,0.24,0.306,0,13661.4,60,18.67,Partner,Debt Consolidation,1,0.5163759280175485,11494,0,0,0,B,0,8196.84,1639.368,0.0
49,72584.2,12,676.0,0.212,0.392,0,12194.06,36,5.0,Online,Personal Loan,0,0.1584568968473116,2615,0,1,1,B,1,0.0,1463.2872,1463.2872
39,83007.8,23,626.0,0.342,0.773,0,20261.47,36,13.86,Branch,Auto Refi,0,0.3890998000744514,6901,0,0,0,B,0,0.0,2431.3764,0.0
24,96728.87,3,725.0,0.259,0.531,0,15477.93,36,5.0,Online,Debt Consolidation,0,0.1387182947115481,12481,0,1,1,B,1,0.0,1857.3516,1857.3516
26,98708.44,16,750.0,0.413,0.189,0,19257.41,36,5.0,Online,Personal Loan,0,0.0944171933897215,2538,0,0,1,A,0,0.0,2310.8892,0.0
32,59080.75,21,651.0,0.364,0.652,0,20469.04,60,24.51,Online,Auto Refi,1,0.6399051220818329,10438,1,0,0,A,0,12281.424,2456.2848,0.0
35,107854.15,21,592.0,0.313,0.598,1,16515.66,36,20.23,Branch,Auto Refi,0,0.6479297067083061,2780,0,0,0,A,0,0.0,1981.8791999999999,0.0
29,38980.29,16,613.0,0.395,0.395,0,7257.36,60,12.17,Online,Personal Loan,0,0.374070775108135,14852,0,0,0,A,0,0.0,870.8831999999999,0.0
53,57073.22,12,745.0,0.418,0.3,0,12400.02,60,5.0,Branch,Debt Consolidation,0,0.1030708727803128,16009,0,0,1,B,1,0.0,1488.0024,1488.0024
25,60619.3,2,721.0,0.344,0.494,0,3597.24,36,5.0,Partner,Personal Loan,0,0.1523087169559447,16073,0,1,1,A,1,0.0,431.6688,431.6688
39,62265.02,5,632.0,0.17,0.55,0,12651.33,36,7.59,Branch,Debt Consolidation,0,0.2512110324938137,1306,0,0,0,A,0,0.0,1518.1596,0.0
34,83404.71,8,653.0,0.287,0.98,1,10358.5,36,25.0,Online,Debt Consolidation,1,0.8389925990588806,11802,1,0,0,A,0,6215.099999999999,1243.02,0.0
63,62927.83,11,697.0,0.521,0.201,0,17062.24,36,5.0,Online,Debt Consolidation,0,0.2217901380585245,5229,0,0,0,A,0,0.0,2047.4688,0.0
44,37473.75,16,741.0,0.328,0.669,0,4902.53,36,5.0,Online,Personal Loan,0,0.0935836716679557,1905,0,1,1,B,1,0.0,588.3036,588.3036
62,66043.23,6,571.0,0.05,0.446,1,34391.04,36,15.18,Online,Personal Loan,0,0.9050631682121596,10112,0,0,0,B,0,0.0,4126.9248,0.0
58,60147.25,18,830.0,0.182,0.118,0,15771.73,36,5.0,Online,Auto Refi,0,0.0356899325698386,8111,0,1,1,B,1,0.0,1892.6075999999998,1892.6075999999998
62,83935.46,1,636.0,0.222,0.736,1,17512.33,60,14.62,Branch,Auto Refi,0,0.4244411391244715,13055,0,0,0,A,0,0.0,2101.4796,0.0
33,40392.73,21,637.0,0.133,0.461,0,3577.27,60,5.73,Branch,Auto Refi,0,0.1804889565751204,10612,0,0,0,B,0,0.0,429.2724,0.0
39,54843.12,7,802.0,0.203,0.732,0,2951.1,36,5.0,Online,Personal Loan,0,0.0683611356281821,4561,0,1,1,A,1,0.0,354.13199999999995,354.13199999999995
54,62629.61,15,617.0,0.37,0.216,0,6693.89,60,9.3,Partner,Personal Loan,0,0.3320803787262711,1718,0,0,0,B,0,0.0,803.2668,0.0
69,63001.66,20,703.0,0.245,0.378,1,24024.38,36,5.0,Online,Debt Consolidation,0,0.1588287445616603,14350,0,1,1,B,1,0.0,2882.9256,2882.9256
22,44315.62,4,619.0,0.352,0.576,0,2508.55,36,12.65,Branch,Auto Refi,0,0.4172084716889332,5033,0,0,0,B,0,0.0,301.026,0.0
58,47376.94,1,773.0,0.521,0.564,0,14581.45,60,5.0,Online,Personal Loan,1,0.0954334962483496,9805,0,0,1,B,1,8748.87,1749.7740000000001,-6999.0960000000005
47,70868.11,21,662.0,0.199,0.075,1,5073.89,36,5.0,Branch,Debt Consolidation,0,0.1372115909641147,8592,0,1,1,B,1,0.0,608.8668,608.8668
54,60791.49,7,795.0,0.284,0.459,0,18305.83,60,5.0,Partner,Personal Loan,0,0.0856093840981988,1074,0,1,1,A,1,0.0,2196.6996,2196.6996
35,68564.93,12,609.0,0.416,0.255,0,2000.0,36,11.54,Online,Debt Consolidation,1,0.3656962569828806,16961,0,0,0,B,0,1200.0,240.0,0.0
37,64192.58,20,658.0,0.363,0.515,1,4012.29,60,12.45,Online,Auto Refi,1,0.3926901646913358,16775,0,1,0,A,1,2407.374,481.47479999999996,-1925.8991999999998
50,62326.68,16,722.0,0.331,0.096,1,22692.32,36,5.0,Online,Personal Loan,1,0.1333485595820128,3927,0,1,1,A,1,13615.392,2723.0784,-10892.3136
26,86704.42,4,766.0,0.159,0.514,0,10514.09,36,5.0,Online,Auto Refi,0,0.0812374010814831,13438,0,1,1,A,1,0.0,1261.6908,1261.6908
33,89719.91,24,721.0,0.265,0.545,0,9529.54,36,5.0,Partner,Personal Loan,1,0.1452840108404871,11440,0,1,1,A,1,5717.724,1143.5448000000001,-4574.1792000000005
49,58072.57,5,684.0,0.328,0.332,0,19886.75,36,5.0,Partner,Personal Loan,0,0.1660737616782469,19315,0,1,1,A,1,0.0,2386.41,2386.41
61,88238.12,8,607.0,0.604,0.437,0,17295.54,60,17.84,Branch,Personal Loan,1,0.6169474962020668,11994,0,0,0,B,0,10377.324,2075.4648,0.0
45,63791.57,7,729.0,0.246,0.199,0,23315.31,36,5.0,Online,Auto Refi,0,0.1138571917223823,15374,0,1,1,B,1,0.0,2797.8372,2797.8372
31,36600.91,2,633.0,0.391,0.192,0,17691.27,36,7.87,Partner,Personal Loan,0,0.2853452411912509,3962,0,0,0,B,0,0.0,2122.9524,0.0
31,78619.4,19,709.0,0.257,0.379,0,15267.31,36,5.0,Branch,Personal Loan,1,0.1403381073791799,1083,0,1,1,B,1,9160.385999999999,1832.0772,-7328.308799999999
21,46524.04,16,700.0,0.557,0.356,1,13375.24,36,10.06,Partner,Personal Loan,0,0.3616066047729301,3744,0,0,0,A,0,0.0,1605.0287999999998,0.0
37,84645.42,3,645.0,0.343,0.431,0,12600.9,60,8.23,Branch,Personal Loan,0,0.2846528214622221,955,0,1,0,B,0,0.0,1512.108,0.0
66,73570.47,22,681.0,0.367,0.35,0,12860.49,36,5.0,Partner,Debt Consolidation,0,0.148397240473512,358,0,1,1,B,1,0.0,1543.2587999999998,1543.2587999999998
42,53217.55,1,816.0,0.292,0.506,0,15272.08,36,5.0,Partner,Debt Consolidation,0,0.0613149658591495,19759,0,1,1,A,1,0.0,1832.6496,1832.6496
33,70091.99,20,724.0,0.292,0.366,0,16183.14,60,5.0,Branch,Debt Consolidation,0,0.1335851045809389,14112,0,1,1,A,1,0.0,1941.9768,1941.9768
63,76952.09,7,716.0,0.243,0.682,0,21392.68,36,5.0,Online,Auto Refi,0,0.1320371169546383,12202,0,1,1,B,1,0.0,2567.1216,2567.1216
48,29473.19,9,556.0,0.453,0.535,0,19162.48,36,21.83,Online,Personal Loan,1,0.6033577803604262,10146,0,0,0,B,0,11497.488,2299.4975999999997,0.0
67,83227.79,23,710.0,0.464,0.543,0,22617.11,36,5.47,Online,Debt Consolidation,0,0.1594930516954991,15861,0,0,1,A,0,0.0,2714.0532,0.0
39,44105.6,24,547.0,0.359,0.36,1,12129.63,60,23.5,Partner,Auto Refi,1,0.6909104535866308,4949,0,0,0,B,0,7277.777999999999,1455.5556,0.0
34,64532.56,5,575.0,0.273,0.415,0,9245.8,36,14.15,Online,Personal Loan,1,0.4601818202053134,4927,0,0,0,B,0,5547.48,1109.4959999999999,0.0
30,64930.61,14,759.0,0.237,0.389,0,17683.94,60,5.0,Branch,Personal Loan,0,0.1199887699234841,17795,0,1,1,B,1,0.0,2122.0728,2122.0728
32,29857.32,0,818.0,0.314,0.0,1,10467.04,36,5.0,Online,Personal Loan,0,0.0696422901904421,7815,0,1,1,B,1,0.0,1256.0448000000001,1256.0448000000001
22,64617.27,14,750.0,0.37,0.203,0,16607.57,60,5.0,Online,Auto Refi,0,0.0928891958158668,7773,0,1,1,A,1,0.0,1992.9083999999998,1992.9083999999998
36,74081.84,2,735.0,0.456,0.079,0,23302.78,60,5.0,Branch,Debt Consolidation,0,0.0747335751344301,2326,0,0,1,A,0,0.0,2796.3336,0.0
61,60344.63,2,713.0,0.215,0.497,0,25315.95,60,5.0,Partner,Personal Loan,0,0.1600048743037638,12761,0,1,1,A,1,0.0,3037.9139999999998,3037.9139999999998
24,42995.57,8,742.0,0.255,0.003,1,5216.0,36,5.0,Online,Debt Consolidation,0,0.0992692897545388,14830,0,1,1,B,1,0.0,625.92,625.92
65,65249.37,0,613.0,0.461,0.408,0,16126.76,60,13.7,Branch,Personal Loan,0,0.4164836983231724,3493,0,0,0,B,0,0.0,1935.2112,0.0
52,96573.54,16,550.0,0.434,0.9,0,15478.17,36,25.0,Online,Personal Loan,1,0.8334757697420608,18800,0,0,0,B,0,9286.902,1857.3804,0.0
51,50596.85,20,554.0,0.527,0.425,0,12545.54,36,22.29,Online,Personal Loan,1,0.6812356389804578,15289,0,0,0,B,0,7527.3240000000005,1505.4648,0.0
69,73812.02,15,589.0,0.24,0.389,1,9489.64,36,16.44,Online,Personal Loan,0,0.5026776353185747,8407,0,0,0,B,0,0.0,1138.7567999999999,0.0
64,32878.54,12,666.0,0.424,0.412,0,16535.41,60,7.4,Branch,Debt Consolidation,0,0.242219219833715,17818,0,0,0,A,0,0.0,1984.2492,0.0
45,43100.9,15,657.0,0.304,0.182,0,14423.86,60,5.0,Online,Personal Loan,1,0.1445528860577928,12860,0,1,1,B,1,8654.316,1730.8632,-6923.452800000001
44,68704.69,3,680.0,0.424,0.384,0,16571.28,36,5.97,Branch,Debt Consolidation,0,0.2174242938530297,4507,0,0,0,B,0,0.0,1988.5535999999997,0.0
37,72038.53,13,625.0,0.344,0.532,0,10149.44,36,11.3,Partner,Auto Refi,1,0.3793815892826344,4113,0,0,0,A,0,6089.664,1217.9328,0.0
64,22799.54,15,668.0,0.498,0.243,0,17561.62,36,6.93,Partner,Personal Loan,0,0.2381949658653811,3462,0,0,0,B,0,0.0,2107.3943999999997,0.0
44,90265.19,21,522.0,0.279,0.608,0,23811.37,36,22.82,Branch,Debt Consolidation,1,0.6442112959407325,15515,0,0,0,A,0,14286.821999999998,2857.3644,0.0
63,103171.66,4,616.0,0.308,0.507,0,25053.78,36,11.29,Online,Auto Refi,0,0.3579260668651456,14004,0,0,0,A,0,0.0,3006.4536,0.0
45,20000.0,9,650.0,0.583,0.401,0,22184.63,36,11.96,Branch,Auto Refi,1,0.4033962581548483,15952,0,0,0,A,0,13310.778,2662.1556,0.0
57,84067.72,5,817.0,0.327,0.486,0,10583.03,36,5.0,Online,Personal Loan,0,0.070151441356128,15608,0,1,1,A,1,0.0,1269.9636,1269.9636
21,40536.35,18,695.0,0.529,0.645,1,10278.0,36,13.26,Branch,Personal Loan,1,0.4439687661251476,19066,0,0,0,A,0,6166.8,1233.36,0.0
36,61772.36,12,533.0,0.348,0.835,2,15555.94,36,25.0,Online,Personal Loan,1,0.8161897281130609,10480,1,0,0,B,0,9333.564,1866.7128,0.0
27,78241.74,6,630.0,0.235,0.095,1,22265.41,36,8.5,Online,Debt Consolidation,0,0.3047779602050969,4827,0,0,0,A,0,0.0,2671.8492,0.0
66,95554.78,14,638.0,0.41,0.503,0,14937.47,36,10.95,Branch,Auto Refi,1,0.3436301620998249,11671,0,0,0,A,0,8962.482,1792.4963999999998,0.0
56,33498.97,1,652.0,0.267,0.312,3,16789.37,36,18.58,Online,Personal Loan,0,0.5065709996028986,18722,0,0,0,B,0,0.0,2014.7243999999998,0.0
21,51604.5,7,603.0,0.363,0.233,1,18971.85,60,15.66,Partner,Auto Refi,0,0.446804940625622,9649,0,0,0,B,0,0.0,2276.622,0.0
59,41838.96,9,686.0,0.613,0.428,2,16797.39,60,18.46,Partner,Personal Loan,0,0.5700401075543292,15459,0,0,0,A,0,0.0,2015.6868,0.0
50,48348.44,19,778.0,0.257,0.352,1,4531.27,36,5.0,Partner,Debt Consolidation,0,0.1114219505138401,5294,0,1,1,B,1,0.0,543.7524000000001,543.7524000000001
47,70301.54,19,554.0,0.315,0.46,1,8381.07,36,23.01,Online,Personal Loan,1,0.6274041013598474,12074,0,0,0,B,0,5028.642,1005.7284,0.0
50,24252.66,15,511.0,0.568,0.443,1,11287.38,36,25.0,Online,Personal Loan,0,0.8056357282756309,18681,0,0,0,A,0,0.0,1354.4855999999997,0.0
34,87803.2,16,660.0,0.217,0.217,0,8979.3,36,15.35,Partner,Auto Refi,0,0.4255038644914814,15844,1,0,0,A,0,0.0,1077.5159999999998,0.0
44,65388.85,6,608.0,0.41,0.686,0,13962.86,60,16.46,Online,Auto Refi,0,0.4663764585520795,13872,0,0,0,B,0,0.0,1675.5432,0.0
30,47326.97,12,792.0,0.302,0.033,1,25283.05,36,5.0,Online,Auto Refi,0,0.0868076688730002,1801,0,1,1,A,1,0.0,3033.966,3033.966
31,68530.64,4,679.0,0.254,0.453,0,19343.89,60,5.0,Partner,Personal Loan,0,0.1629121736793954,18397,0,1,1,A,1,0.0,2321.2668,2321.2668
29,64278.92,20,646.0,0.168,0.684,0,9587.46,36,7.47,Online,Personal Loan,0,0.2218324891283299,13518,0,1,0,B,0,0.0,1150.4951999999998,0.0
65,71467.02,12,638.0,0.47,0.568,1,2000.0,60,17.73,Online,Personal Loan,0,0.5204929400082503,15682,0,0,0,A,0,0.0,240.0,0.0
63,82304.44,7,715.0,0.291,0.362,2,10996.56,36,7.87,Online,Personal Loan,0,0.2754853905772382,10256,0,0,0,A,0,0.0,1319.5872,0.0
44,78014.57,18,729.0,0.383,0.366,0,16541.82,36,5.0,Online,Auto Refi,0,0.122941521396023,7571,0,1,1,A,1,0.0,1985.0184,1985.0184
63,32287.97,14,757.0,0.32,0.468,0,16688.67,60,5.0,Partner,Personal Loan,0,0.1133032435677104,19359,0,1,1,A,1,0.0,2002.6403999999998,2002.6403999999998
67,89525.26,12,735.0,0.483,0.569,0,10581.41,36,5.0,Online,Auto Refi,0,0.1143636387268058,3440,0,0,1,A,0,0.0,1269.7692,0.0
22,105552.67,7,728.0,0.225,0.458,1,5768.62,60,5.0,Branch,Personal Loan,0,0.1709436503669567,16343,0,1,1,B,1,0.0,692.2343999999999,692.2343999999999
23,74194.28,8,686.0,0.371,0.609,0,15518.61,60,6.53,Branch,Auto Refi,0,0.222293502993859,18696,0,1,0,B,0,0.0,1862.2332,0.0
42,60289.38,7,764.0,0.247,0.286,0,15249.65,60,5.0,Online,Personal Loan,0,0.0684611545537611,1142,0,1,1,A,1,0.0,1829.9579999999999,1829.9579999999999
46,29612.88,1,744.0,0.226,0.488,0,19473.33,60,5.0,Online,Debt Consolidation,0,0.0871826211925589,8651,0,1,1,B,1,0.0,2336.7996000000003,2336.7996000000003
21,52011.78,14,716.0,0.447,0.534,0,14345.58,60,5.0,Partner,Debt Consolidation,0,0.142578062246845,7303,0,0,1,A,0,0.0,1721.4696,0.0
44,81284.93,3,750.0,0.472,0.4,0,14221.95,36,5.0,Online,Debt Consolidation,0,0.1198892577913069,14734,0,0,1,A,0,0.0,1706.634,0.0
31,72433.66,21,693.0,0.219,0.421,0,18731.22,60,5.0,Online,Personal Loan,0,0.1498419272758167,2720,0,1,1,A,1,0.0,2247.7464,2247.7464
32,37534.88,5,680.0,0.261,0.489,0,17018.8,36,5.0,Online,Personal Loan,0,0.1514710519671588,3458,0,1,1,A,1,0.0,2042.2559999999999,2042.2559999999999
47,43246.21,7,742.0,0.448,0.355,0,23728.03,36,5.0,Online,Personal Loan,0,0.0973324574608402,13759,0,0,1,A,0,0.0,2847.3635999999997,0.0
57,77178.23,18,712.0,0.075,0.179,2,25246.67,60,5.0,Online,Debt Consolidation,0,0.1573516660362934,10209,0,0,1,B,1,0.0,3029.6004,3029.6004
26,64030.71,12,656.0,0.59,0.708,0,3827.31,60,14.94,Online,Debt Consolidation,1,0.462760908879776,19422,0,0,0,B,0,2296.386,459.2772,0.0
25,72452.25,15,551.0,0.124,0.389,0,16567.27,36,13.55,Online,Auto Refi,0,0.3690163528532578,8061,0,0,0,A,0,0.0,1988.0724,0.0
46,55182.76,24,692.0,0.291,0.464,0,21550.72,60,5.0,Branch,Personal Loan,0,0.1575485759420041,18037,0,1,1,B,1,0.0,2586.0864,2586.0864
22,45266.52,18,698.0,0.274,0.789,0,12188.99,60,5.56,Online,Personal Loan,1,0.1805001578787803,7189,0,1,0,A,1,7313.393999999999,1462.6788,-5850.7152
30,98338.17,20,745.0,0.19,0.642,0,11058.97,60,5.0,Branch,Personal Loan,0,0.1113655049665939,18311,0,1,1,B,1,0.0,1327.0764,1327.0764
64,56685.92,20,647.0,0.337,0.329,0,24306.07,36,6.92,Partner,Personal Loan,0,0.2239673666515031,13199,0,1,0,A,1,0.0,2916.7284,2916.7284
23,69919.42,5,747.0,0.227,0.356,0,15133.5,36,5.0,Branch,Debt Consolidation,0,0.0894065031940589,16825,0,1,1,B,1,0.0,1816.02,1816.02
41,42526.34,18,627.0,0.395,0.321,0,18799.44,36,9.83,Branch,Personal Loan,1,0.3277779650916604,10936,0,0,0,A,0,11279.663999999999,2255.9327999999996,0.0
30,80463.43,14,568.0,0.055,0.751,0,12363.4,60,14.27,Branch,Personal Loan,0,0.521722057252101,11357,0,0,0,A,0,0.0,1483.608,0.0
48,87419.81,14,737.0,0.262,0.557,1,15264.59,60,5.0,Branch,Debt Consolidation,1,0.1247577635875304,2499,0,1,1,B,1,9158.753999999999,1831.7508,-7327.003199999999
32,20000.0,3,646.0,0.33,0.273,0,23233.54,36,6.48,Online,Debt Consolidation,0,0.2346319003209676,18752,0,1,0,B,0,0.0,2788.0248,0.0
54,56850.49,18,661.0,0.405,0.309,0,16852.53,36,6.63,Online,Debt Consolidation,0,0.2391725815721958,2182,0,0,0,A,0,0.0,2022.3035999999997,0.0
65,64021.11,6,640.0,0.39,0.239,0,30950.72,60,7.66,Online,Personal Loan,1,0.2161962325224511,982,0,1,0,B,0,18570.432,3714.0864,0.0
36,49230.9,20,661.0,0.245,0.577,0,13530.22,60,6.47,Online,Personal Loan,0,0.207031742895999,14495,0,1,0,A,1,0.0,1623.6263999999999,1623.6263999999999
66,80939.21,9,633.0,0.131,0.204,0,19268.32,36,5.0,Online,Debt Consolidation,0,0.1269703514318125,19590,0,0,1,B,1,0.0,2312.1983999999998,2312.1983999999998
36,53344.9,7,624.0,0.528,0.654,1,15783.9,36,21.68,Online,Personal Loan,0,0.6354713518124081,13207,0,0,0,B,0,0.0,1894.068,0.0
44,73073.73,18,682.0,0.096,0.565,1,12890.85,36,5.77,Online,Auto Refi,0,0.168225128465358,2861,0,1,1,A,1,0.0,1546.902,1546.902
49,20000.0,17,811.0,0.18,0.651,1,19912.54,36,5.0,Online,Personal Loan,0,0.0872610428179654,6080,0,1,1,B,1,0.0,2389.5048,2389.5048
33,28908.72,7,783.0,0.324,0.534,0,2000.0,60,5.0,Online,Debt Consolidation,0,0.0703709695128953,4973,0,1,1,B,1,0.0,240.0,240.0
47,52046.32,13,693.0,0.266,0.099,0,13779.52,36,5.0,Online,Auto Refi,0,0.1263220068473671,12869,0,1,1,A,1,0.0,1653.5424,1653.5424
65,63556.8,20,650.0,0.412,0.46,0,20991.17,60,9.28,Online,Personal Loan,1,0.3087722678290669,10894,0,0,0,B,0,12594.702,2518.9403999999995,0.0
50,68261.47,3,748.0,0.485,0.742,0,16505.24,60,5.0,Online,Debt Consolidation,0,0.1292851477702597,13074,0,0,1,A,0,0.0,1980.6288000000002,0.0
22,22112.4,13,637.0,0.158,0.356,2,2000.0,60,13.48,Online,Personal Loan,1,0.3993256069249432,1054,0,0,0,A,0,1200.0,240.0,0.0
68,96397.87,10,754.0,0.295,0.493,0,22141.13,36,5.0,Online,Debt Consolidation,0,0.0935253338556138,10588,0,1,1,A,1,0.0,2656.9356000000002,2656.9356000000002
52,64460.4,15,625.0,0.322,0.309,0,9948.21,60,8.58,Online,Auto Refi,0,0.3088298844998215,18517,0,0,0,A,0,0.0,1193.7851999999998,0.0
30,116196.86,14,580.0,0.151,0.315,0,15997.39,36,10.07,Online,Auto Refi,1,0.2167378278191197,8261,0,0,0,A,0,9598.434,1919.6868,0.0
62,34071.65,1,648.0,0.292,0.75,1,18790.74,36,14.8,Online,Debt Consolidation,1,0.4944703734111174,9081,0,1,0,B,0,11274.444000000001,2254.8888,0.0
37,85491.2,14,705.0,0.421,0.662,0,13981.54,36,6.18,Online,Personal Loan,0,0.2221713072943648,12125,0,0,0,A,0,0.0,1677.7848000000001,0.0
64,90481.38,19,714.0,0.282,0.551,0,24661.99,36,5.0,Online,Personal Loan,0,0.1257934910113363,4082,0,1,1,A,1,0.0,2959.4388,2959.4388
54,73936.75,5,778.0,0.293,0.609,0,22039.25,60,5.0,Online,Auto Refi,0,0.0844449845731284,19348,0,1,1,B,1,0.0,2644.71,2644.71
54,44889.77,6,533.0,0.455,0.156,0,16149.42,60,20.1,Online,Debt Consolidation,1,0.482512905685511,17630,0,0,0,B,0,9689.652,1937.9304,0.0
54,42248.38,22,761.0,0.408,0.646,0,23307.41,36,12.68,Online,Personal Loan,1,0.3631750657068959,17730,1,0,0,B,0,13984.446,2796.8892,0.0
40,78363.1,20,728.0,0.554,0.332,1,25426.28,60,7.04,Branch,Personal Loan,1,0.2814471093937319,6729,0,0,0,A,0,15255.767999999998,3051.1535999999996,0.0
42,58046.08,14,801.0,0.208,0.0,1,9452.12,60,5.0,Branch,Personal Loan,0,0.089561772945025,2848,0,1,1,A,1,0.0,1134.2544,1134.2544
38,78939.96,23,713.0,0.353,0.33,1,3038.9,36,5.23,Online,Personal Loan,1,0.1630642475464798,6503,0,1,1,A,1,1823.34,364.668,-1458.672
27,65935.96,16,620.0,0.161,0.234,0,23175.79,60,5.71,Partner,Debt Consolidation,1,0.1830210551306466,13999,0,0,0,B,0,13905.474,2781.0948,0.0
45,80384.63,24,626.0,0.057,0.51,1,8497.3,60,9.77,Branch,Debt Consolidation,0,0.3121326189729964,1482,0,0,0,A,0,0.0,1019.6759999999999,0.0
35,62638.65,22,729.0,0.328,0.419,0,23041.73,60,5.0,Online,Auto Refi,0,0.1293794308349954,15878,0,1,1,B,1,0.0,2765.0076,2765.0076
25,46066.99,7,649.0,0.05,0.294,1,35528.15,36,5.55,Partner,Personal Loan,0,0.5132916261905005,12584,0,1,0,A,1,0.0,4263.378,4263.378
33,91938.78,8,743.0,0.491,0.728,2,7862.5,60,12.6,Partner,Personal Loan,0,0.3430573274963635,1572,0,0,0,B,0,0.0,943.5,0.0
63,50845.03,21,720.0,0.236,0.481,0,14274.5,36,5.0,Online,Personal Loan,0,0.1502042737343436,2292,0,1,1,A,1,0.0,1712.9399999999998,1712.9399999999998
26,82196.38,21,616.0,0.199,0.297,0,21773.02,36,7.19,Partner,Auto Refi,0,0.233060308099783,3035,0,0,0,A,0,0.0,2612.7624,0.0
54,90219.84,21,550.0,0.263,0.542,0,13581.03,60,18.45,Online,Personal Loan,0,0.5333735363640424,13156,0,0,0,A,0,0.0,1629.7236,0.0
28,56943.98,23,629.0,0.322,0.4,1,6149.61,60,13.61,Branch,Personal Loan,1,0.42440156483422,3432,0,0,0,B,0,3689.7659999999996,737.9531999999999,0.0
25,55911.33,23,672.0,0.198,0.601,1,17957.35,36,8.65,Online,Debt Consolidation,1,0.2966824970504853,8455,0,1,0,B,0,10774.409999999998,2154.8819999999996,0.0
67,91772.52,23,667.0,0.232,0.493,0,10169.14,36,5.12,Online,Personal Loan,0,0.1384786589388671,4901,0,1,1,A,1,0.0,1220.2967999999998,1220.2967999999998
40,63119.92,10,753.0,0.438,0.414,1,11802.47,60,16.49,Online,Personal Loan,0,0.343504814640894,13786,1,0,0,A,0,0.0,1416.2964,0.0
67,50971.35,7,734.0,0.59,0.298,0,29366.54,36,5.0,Online,Debt Consolidation,0,0.1001056375824848,2981,0,0,1,A,0,0.0,3523.9848,0.0
64,100313.05,13,693.0,0.538,0.422,0,5538.26,36,7.0,Online,Personal Loan,0,0.2367601001268687,15556,0,0,0,B,0,0.0,664.5912,0.0
28,46487.15,2,687.0,0.38,0.308,0,8224.44,60,5.0,Online,Personal Loan,0,0.1577315445207097,810,0,1,1,A,1,0.0,986.9328,986.9328
49,71065.71,18,743.0,0.401,0.133,0,2000.0,36,5.0,Partner,Personal Loan,1,0.10128233562361,9361,0,0,1,A,0,1200.0,240.0,0.0
37,50707.03,4,637.0,0.22,0.715,0,10055.03,36,9.53,Partner,Personal Loan,1,0.3173479633814552,7233,0,0,0,A,0,6033.018,1206.6036000000001,0.0
41,92428.58,1,830.0,0.343,0.392,0,13131.07,60,5.0,Online,Personal Loan,0,0.0413852891822574,15309,0,1,1,A,1,0.0,1575.7284,1575.7284
64,95590.27,3,754.0,0.355,0.519,0,8948.08,36,5.0,Online,Auto Refi,0,0.0950621453297751,9388,0,1,1,B,1,0.0,1073.7695999999999,1073.7695999999999
43,63890.23,3,714.0,0.108,0.617,2,15851.75,60,7.22,Online,Personal Loan,0,0.2052387782406969,19008,0,0,0,B,0,0.0,1902.21,0.0
36,73607.79,17,806.0,0.206,0.289,0,18870.65,36,5.0,Online,Personal Loan,0,0.056712821962311,4895,0,1,1,A,1,0.0,2264.478,2264.478
58,61829.74,7,677.0,0.592,0.485,0,10860.44,36,10.17,Online,Debt Consolidation,0,0.3822493456455446,8527,0,0,0,A,0,0.0,1303.2528,0.0
68,32085.93,20,576.0,0.339,0.365,1,19216.12,36,19.92,Branch,Personal Loan,1,0.615601063006297,10412,0,0,0,B,0,11529.671999999999,2305.9343999999996,0.0
37,23139.36,24,708.0,0.37,0.27,1,11123.9,60,5.39,Partner,Personal Loan,0,0.1978012382500311,17899,0,1,0,B,0,0.0,1334.868,0.0
46,102158.37,24,706.0,0.403,0.554,1,26959.99,60,8.62,Branch,Auto Refi,0,0.3813302418164168,14877,0,0,0,A,0,0.0,3235.1988,0.0
37,102616.27,6,830.0,0.24,0.485,1,20445.37,36,5.43,Online,Personal Loan,0,0.086645131297637,3819,1,0,1,B,1,0.0,2453.4444,2453.4444
38,76434.83,14,662.0,0.05,0.94,0,10608.83,60,6.37,Online,Personal Loan,0,0.4333675246048557,11949,0,1,0,B,0,0.0,1273.0596,0.0
42,84950.64,17,699.0,0.367,0.546,0,3408.53,60,5.0,Online,Auto Refi,0,0.1364961736279333,2463,0,1,1,A,1,0.0,409.0236,409.0236
57,72114.74,18,747.0,0.347,0.498,0,5824.17,60,5.0,Online,Auto Refi,1,0.1045905413793453,19041,0,1,1,B,1,3494.502,698.9004,-2795.6016
66,99727.08,14,615.0,0.373,0.47,0,18416.53,36,12.33,Branch,Auto Refi,1,0.3796333716220325,16289,0,0,0,B,0,11049.918,2209.9835999999996,0.0
21,44665.14,11,629.0,0.165,0.439,0,20631.94,60,20.54,Online,Personal Loan,1,0.5746706935419815,17321,1,0,0,A,0,12379.163999999999,2475.8327999999997,0.0
59,69395.49,15,690.0,0.149,0.586,0,18582.29,36,5.0,Online,Personal Loan,0,0.143967806545669,3506,0,1,1,A,1,0.0,2229.8748,2229.8748
55,65001.6,18,670.0,0.362,0.326,0,19344.0,36,5.43,Online,Personal Loan,1,0.1771733262025153,7078,0,1,1,B,1,11606.4,2321.2799999999997,-9285.119999999999
47,35602.35,4,764.0,0.481,0.029,1,14127.4,36,5.0,Partner,Auto Refi,1,0.0900290542038878,11225,0,0,1,A,0,8476.439999999999,1695.2879999999998,0.0
64,28046.68,17,612.0,0.472,0.122,0,2000.0,60,10.78,Online,Auto Refi,0,0.3469123881709653,1595,0,0,0,B,0,0.0,240.0,0.0
30,91153.0,1,612.0,0.132,0.451,0,27281.98,36,7.89,Branch,Debt Consolidation,0,0.2438449679503289,19585,0,0,0,A,0,0.0,3273.8376,0.0
63,57166.3,19,729.0,0.165,0.506,0,12839.38,36,5.0,Partner,Personal Loan,0,0.1414876965365697,3005,0,1,1,B,1,0.0,1540.7255999999998,1540.7255999999998
21,39825.14,16,702.0,0.416,0.491,0,10612.71,60,17.97,Online,Personal Loan,0,0.5212494599715081,14278,1,0,0,A,0,0.0,1273.5251999999998,0.0
25,79723.49,0,644.0,0.367,0.427,0,4827.74,60,22.91,Online,Debt Consolidation,0,0.6332530785269381,14582,1,0,0,B,0,0.0,579.3288,0.0
37,102302.32,2,651.0,0.462,0.379,1,3980.45,60,13.83,Branch,Personal Loan,0,0.3791758929599982,12950,0,0,0,B,0,0.0,477.65399999999994,0.0
51,30431.07,1,613.0,0.05,0.736,0,4298.54,60,9.11,Partner,Auto Refi,0,0.373130617359699,17360,0,0,0,B,0,0.0,515.8248,0.0
69,78512.37,17,540.0,0.497,0.325,0,15565.6,60,22.18,Online,Auto Refi,1,0.5941220935578783,9664,0,0,0,A,0,9339.36,1867.872,0.0
60,62534.66,18,615.0,0.303,0.456,0,16923.45,60,10.82,Online,Personal Loan,0,0.3417033891355864,9880,0,0,0,A,0,0.0,2030.814,0.0
31,78404.04,5,663.0,0.192,0.24,0,13952.03,36,5.0,Partner,Personal Loan,0,0.1545054312526389,10529,0,1,1,B,1,0.0,1674.2436,1674.2436
31,47842.56,21,677.0,0.174,0.694,0,7845.97,36,5.08,Partner,Debt Consolidation,0,0.1507909366439075,1405,0,1,1,B,1,0.0,941.5164,941.5164
40,92419.7,23,653.0,0.211,0.541,0,7339.97,36,6.28,Online,Personal Loan,1,0.213104608686261,14498,0,1,0,A,1,4403.982,880.7964,-3523.1856
56,46904.31,16,750.0,0.387,0.372,0,5452.85,36,5.0,Partner,Personal Loan,1,0.1041581051281054,12703,0,1,1,A,1,3271.71,654.342,-2617.368
60,38458.75,24,688.0,0.493,0.448,0,20459.37,36,6.94,Online,Personal Loan,0,0.2792650451498995,13948,0,0,0,A,0,0.0,2455.1243999999997,0.0
60,61810.97,23,654.0,0.583,0.663,0,26076.35,60,14.47,Branch,Debt Consolidation,0,0.4403287523525451,2646,0,0,0,A,0,0.0,3129.162,0.0
34,43323.3,24,765.0,0.476,0.408,1,29729.75,36,5.0,Online,Personal Loan,0,0.130415854414101,15415,0,0,1,A,0,0.0,3567.5699999999997,0.0
62,88527.18,22,557.0,0.322,0.227,0,22267.03,60,15.12,Online,Debt Consolidation,1,0.4788906509627357,12979,0,0,0,A,0,13360.217999999999,2672.0436,0.0
30,53180.03,1,635.0,0.437,0.447,0,8093.7,36,11.1,Branch,Debt Consolidation,1,0.3710065843536525,2789,0,0,0,B,0,4856.219999999999,971.2439999999999,0.0
30,59303.18,17,683.0,0.05,0.527,0,22804.03,60,5.0,Online,Personal Loan,0,0.1330128042914606,15214,0,1,1,A,1,0.0,2736.4835999999996,2736.4835999999996
45,91758.26,21,649.0,0.395,0.678,0,18214.28,60,11.36,Partner,Personal Loan,1,0.3863535842092848,6861,0,1,0,B,0,10928.568,2185.7135999999996,0.0
48,66096.07,13,768.0,0.404,0.473,0,9120.42,36,5.0,Branch,Personal Loan,0,0.0833808333465751,2658,0,0,1,A,0,0.0,1094.4504,0.0
58,67372.41,2,609.0,0.507,0.586,1,20325.39,36,25.0,Branch,Auto Refi,1,0.7745704600571613,5408,1,0,0,A,0,12195.233999999999,2439.0467999999996,0.0
54,51944.46,4,663.0,0.194,0.779,0,8973.75,60,7.21,Online,Personal Loan,0,0.2430682942639587,15168,0,1,0,B,0,0.0,1076.85,0.0
67,50605.33,24,631.0,0.295,0.395,0,8599.74,60,8.4,Branch,Debt Consolidation,0,0.2902399870327994,6756,0,0,0,B,0,0.0,1031.9687999999999,0.0
62,56284.16,23,596.0,0.3,0.688,1,21072.3,36,20.48,Partner,Auto Refi,1,0.5905647559589284,7741,0,0,0,A,0,12643.38,2528.676,0.0
28,61386.0,15,755.0,0.335,0.278,0,12703.57,60,5.0,Branch,Personal Loan,0,0.0928719734356235,1906,0,1,1,B,1,0.0,1524.4284,1524.4284
47,49056.69,17,556.0,0.382,0.466,0,11718.87,36,19.48,Branch,Personal Loan,1,0.5952033067581621,12687,0,0,0,B,0,7031.322,1406.2644,0.0
63,25860.24,3,607.0,0.419,0.249,0,16179.07,36,11.68,Online,Debt Consolidation,0,0.3841900436487366,19303,0,0,0,B,0,0.0,1941.4884,0.0
68,79472.9,19,708.0,0.251,0.572,0,15410.37,36,5.0,Partner,Debt Consolidation,0,0.1293115019183811,3224,0,1,1,B,1,0.0,1849.2444,1849.2444
32,49052.34,3,489.0,0.299,0.52,0,22953.87,60,25.0,Online,Personal Loan,1,0.8070684669135209,7696,0,0,0,A,0,13772.321999999998,2754.4644,0.0
61,52565.77,7,702.0,0.214,0.83,1,2000.0,36,8.29,Branch,Debt Consolidation,1,0.3160827522375284,4373,0,1,0,B,0,1200.0,240.0,0.0
38,44275.14,1,761.0,0.254,0.489,0,18694.01,36,5.0,Online,Debt Consolidation,0,0.0727188822749943,15751,0,1,1,A,1,0.0,2243.2812,2243.2812
35,81541.96,7,662.0,0.273,0.726,1,21204.24,36,12.51,Branch,Personal Loan,0,0.3807274166186936,11751,0,1,0,A,1,0.0,2544.5088,2544.5088
51,84546.94,1,654.0,0.371,0.447,0,17791.63,36,8.01,Partner,Personal Loan,0,0.2772895711983263,11028,0,1,0,A,1,0.0,2134.9956,2134.9956
35,35283.39,23,656.0,0.443,0.8,1,12595.55,60,17.8,Online,Personal Loan,0,0.6010698103821609,2047,0,0,0,A,0,0.0,1511.466,0.0
26,53672.93,21,623.0,0.337,0.463,0,2000.0,60,10.62,Partner,Auto Refi,0,0.3098154076699481,9433,0,0,0,B,0,0.0,240.0,0.0
21,83486.52,12,639.0,0.327,0.55,0,16211.99,60,9.69,Online,Auto Refi,0,0.3113182894488049,4534,0,0,0,B,0,0.0,1945.4388,0.0
59,101825.87,15,617.0,0.399,0.47,1,19630.31,36,17.57,Partner,Debt Consolidation,1,0.4830601513372363,16514,0,0,0,A,0,11778.186,2355.6372,0.0
63,65664.41,20,627.0,0.361,0.226,1,22831.98,36,12.68,Online,Personal Loan,1,0.401858307995533,1396,0,0,0,A,0,13699.188,2739.8376,0.0
27,63451.34,19,718.0,0.174,0.0,0,9573.47,36,5.0,Online,Personal Loan,0,0.0962654091132266,18472,0,1,1,A,1,0.0,1148.8164,1148.8164
55,93819.86,22,538.0,0.365,0.317,0,32888.0,36,19.41,Online,Personal Loan,1,0.6689706541407279,11997,0,0,0,A,0,19732.8,3946.56,0.0
35,45011.87,0,657.0,0.342,0.237,1,10608.11,36,9.23,Online,Debt Consolidation,0,0.3069391325425191,10836,0,1,0,B,0,0.0,1272.9732000000001,0.0
33,55164.48,15,680.0,0.401,0.447,1,24429.12,60,10.09,Online,Personal Loan,0,0.3240674554201397,18077,0,0,0,A,0,0.0,2931.4943999999996,0.0
48,66954.71,7,637.0,0.263,0.77,0,13991.3,36,11.02,Partner,Personal Loan,0,0.3976202673524491,732,0,0,0,B,0,0.0,1678.956,0.0
33,20000.0,3,665.0,0.299,0.488,1,32952.85,36,10.14,Online,Auto Refi,0,0.3666288436574838,15604,0,1,0,A,1,0.0,3954.3419999999996,3954.3419999999996
43,55653.18,6,519.0,0.233,0.662,0,2286.55,36,22.82,Online,Personal Loan,0,0.56867722566015,1403,0,0,0,A,0,0.0,274.386,0.0
51,77692.33,21,592.0,0.236,0.267,0,7428.99,36,9.91,Branch,Personal Loan,0,0.3578278546920634,12675,0,0,0,A,0,0.0,891.4788,0.0
52,54148.29,24,550.0,0.264,0.491,0,16163.33,36,17.9,Online,Personal Loan,1,0.5857439241654152,3823,0,0,0,A,0,9697.998,1939.5996,0.0
68,58557.39,10,691.0,0.266,0.98,0,18667.35,36,7.72,Partner,Personal Loan,0,0.3807963434366302,16333,0,1,0,B,0,0.0,2240.082,0.0
57,45520.7,8,669.0,0.235,0.291,1,15079.38,36,6.72,Branch,Personal Loan,0,0.2227179842516465,5303,0,1,0,B,0,0.0,1809.5256,0.0
50,51936.1,8,549.0,0.408,0.433,1,18495.56,60,25.0,Online,Personal Loan,1,0.7621431367971936,12192,0,0,0,B,0,11097.336000000001,2219.4672,0.0
52,86249.91,4,830.0,0.207,0.445,1,19194.72,60,5.0,Online,Auto Refi,0,0.0606001772490644,4183,0,1,1,A,1,0.0,2303.3664,2303.3664
69,45811.63,6,558.0,0.282,0.165,0,11778.45,36,13.51,Online,Personal Loan,1,0.4025272921439612,15532,0,0,0,A,0,7067.070000000001,1413.414,0.0
67,48510.86,11,682.0,0.498,0.44,0,28369.02,60,21.56,Online,Personal Loan,0,0.4932631493240852,1358,1,0,0,B,0,0.0,3404.2824,0.0
53,94523.81,6,559.0,0.132,0.345,0,13693.56,36,25.0,Online,Auto Refi,0,0.7532711386235178,6320,1,0,0,B,0,0.0,1643.2271999999998,0.0
57,77312.38,3,716.0,0.179,0.599,1,2000.0,60,5.0,Online,Auto Refi,0,0.1466142719995858,19128,0,1,1,A,1,0.0,240.0,240.0
60,51352.74,1,733.0,0.215,0.36,1,28303.98,60,5.0,Branch,Personal Loan,0,0.1227788594837091,1104,0,1,1,A,1,0.0,3396.4775999999997,3396.4775999999997
34,67125.43,21,653.0,0.449,0.139,0,15565.13,36,6.61,Online,Auto Refi,1,0.2291814428018135,17519,0,0,0,B,0,9339.078,1867.8156,0.0
45,82357.18,0,633.0,0.09,0.08,0,6616.06,36,5.0,Online,Auto Refi,0,0.1159595311075972,13978,0,0,1,A,0,0.0,793.9272,0.0
67,71407.31,22,626.0,0.206,0.683,0,2000.0,60,10.18,Branch,Debt Consolidation,1,0.26810056789389,6364,0,0,0,A,0,1200.0,240.0,0.0
45,85983.52,7,662.0,0.252,0.754,0,16436.23,36,8.05,Branch,Personal Loan,0,0.2678512051669011,15095,0,1,0,B,0,0.0,1972.3475999999998,0.0
40,40946.46,5,779.0,0.296,0.416,0,26082.42,36,5.0,Branch,Debt Consolidation,0,0.0769108040677811,4347,0,1,1,A,1,0.0,3129.8903999999998,3129.8903999999998
67,46110.24,24,726.0,0.286,0.193,0,16305.84,36,5.0,Online,Auto Refi,0,0.1077920339506843,17094,0,1,1,B,1,0.0,1956.7007999999998,1956.7007999999998
65,47288.25,24,736.0,0.403,0.828,0,10942.1,36,5.0,Branch,Personal Loan,0,0.1216003381719191,6950,0,0,1,A,0,0.0,1313.052,0.0
51,42330.25,6,830.0,0.312,0.48,0,6368.46,60,5.0,Online,Personal Loan,0,0.0447344966443195,18659,0,1,1,B,1,0.0,764.2152,764.2152
23,66690.32,16,756.0,0.415,0.48,0,10105.7,36,5.0,Online,Personal Loan,0,0.1061136870278069,5688,0,0,1,A,0,0.0,1212.684,0.0
67,83715.51,1,793.0,0.461,0.308,0,15125.57,36,5.0,Branch,Personal Loan,0,0.0744404984610255,17368,0,0,1,B,1,0.0,1815.0683999999999,1815.0683999999999
42,61072.17,7,602.0,0.409,0.593,0,21569.56,60,16.05,Online,Debt Consolidation,1,0.4759196392731661,8729,0,0,0,B,0,12941.736,2588.3472,0.0
34,46951.64,19,683.0,0.372,0.53,0,25638.61,60,6.11,Online,Personal Loan,0,0.2125672066232141,10778,0,1,0,B,0,0.0,3076.6331999999998,0.0
45,60036.81,1,710.0,0.507,0.487,0,23021.83,36,5.64,Online,Personal Loan,0,0.1941274275662511,2592,0,0,0,B,0,0.0,2762.6196,0.0
23,70146.18,14,750.0,0.388,0.492,0,16741.41,36,11.73,Partner,Personal Loan,0,0.3125227946512575,961,1,0,0,A,0,0.0,2008.9692,0.0
40,74715.96,5,742.0,0.165,0.26,0,17950.21,36,5.0,Online,Personal Loan,0,0.0929720069216963,10362,0,1,1,A,1,0.0,2154.0252,2154.0252
35,49844.25,12,675.0,0.162,0.242,0,6334.6,60,5.0,Partner,Debt Consolidation,0,0.1608045843548372,15156,0,1,1,B,1,0.0,760.152,760.152
64,65213.0,17,684.0,0.371,0.586,0,11653.47,36,6.53,Branch,Personal Loan,1,0.2237214886637872,2884,0,1,0,A,1,6992.081999999999,1398.4163999999998,-5593.665599999999
28,51935.45,21,726.0,0.213,0.403,0,19145.45,60,5.0,Online,Auto Refi,0,0.1228305345313064,7522,0,1,1,A,1,0.0,2297.454,2297.454
67,52845.96,14,548.0,0.415,0.634,0,14121.38,36,22.95,Online,Personal Loan,0,0.575898044415492,6758,0,0,0,A,0,0.0,1694.5656,0.0
47,73223.34,20,668.0,0.287,0.481,0,25429.12,36,5.67,Online,Auto Refi,0,0.1833886405055767,12442,0,1,0,A,1,0.0,3051.4943999999996,3051.4943999999996
49,64250.55,1,759.0,0.428,0.413,0,20143.08,60,5.0,Branch,Debt Consolidation,0,0.1037889598209296,17693,0,0,1,A,0,0.0,2417.1696,0.0
37,41872.32,17,645.0,0.625,0.422,0,18241.1,36,13.65,Partner,Personal Loan,0,0.4990147415154684,4971,0,0,0,B,0,0.0,2188.932,0.0
55,20000.0,20,690.0,0.365,0.227,0,15153.3,36,5.0,Branch,Personal Loan,0,0.1664864832828869,15524,0,1,1,B,1,0.0,1818.396,1818.396
54,55417.02,11,641.0,0.371,0.22,1,22746.63,60,11.24,Partner,Debt Consolidation,0,0.3674908905030953,1491,0,1,0,B,0,0.0,2729.5956,0.0
43,76838.63,14,685.0,0.129,0.624,0,23627.49,36,5.0,Online,Personal Loan,0,0.1326478475119287,1276,0,1,1,B,1,0.0,2835.2988,2835.2988
45,68276.47,16,621.0,0.21,0.726,0,7018.18,36,11.24,Online,Personal Loan,0,0.3536214373470694,19721,0,0,0,A,0,0.0,842.1816,0.0
38,89174.35,3,627.0,0.425,0.816,0,7736.46,36,16.14,Online,Debt Consolidation,1,0.5099038031352963,13947,0,0,0,A,0,4641.876,928.3752,0.0
26,52459.35,6,719.0,0.278,0.3,0,16644.67,36,5.0,Branch,Personal Loan,0,0.1349733718376449,13397,0,1,1,B,1,0.0,1997.3603999999998,1997.3603999999998
56,89162.95,18,717.0,0.223,0.826,1,12866.33,36,7.02,Online,Personal Loan,1,0.2387061581984051,11779,0,1,0,A,1,7719.798,1543.9596,-6175.8384
48,51070.76,11,652.0,0.25,0.563,0,15399.49,36,7.2,Online,Personal Loan,0,0.2269087834942967,10892,0,1,0,A,1,0.0,1847.9388,1847.9388
62,50710.61,23,753.0,0.372,0.177,0,10026.18,60,5.0,Partner,Debt Consolidation,0,0.1041795498357416,2556,0,1,1,B,1,0.0,1203.1416,1203.1416
21,63653.89,20,673.0,0.249,0.279,0,4355.13,36,5.0,Partner,Auto Refi,1,0.1529493273869859,10522,0,1,1,A,1,2613.078,522.6156,-2090.4624
57,80915.43,4,539.0,0.444,0.732,1,18810.88,60,25.0,Online,Personal Loan,1,0.7509172638749292,7096,0,0,0,B,0,11286.528,2257.3056,0.0
65,51416.75,23,616.0,0.254,0.457,0,16999.0,60,9.67,Online,Personal Loan,0,0.28340282902035,15341,0,0,0,B,0,0.0,2039.8799999999999,0.0
56,50196.15,4,657.0,0.389,0.453,0,26714.39,60,8.09,Partner,Personal Loan,1,0.3179320461401035,5214,0,1,0,A,1,16028.633999999998,3205.7268,-12822.907199999998
35,106733.09,21,585.0,0.116,0.231,0,17600.64,60,8.06,Online,Debt Consolidation,1,0.2591230323572375,18940,0,0,0,A,0,10560.384,2112.0768,0.0
44,57629.9,14,719.0,0.438,0.666,0,12805.28,36,5.32,Partner,Debt Consolidation,0,0.1494761145697776,856,0,0,1,B,1,0.0,1536.6336000000001,1536.6336000000001
23,52242.26,18,579.0,0.353,0.272,0,12527.61,60,13.81,Online,Debt Consolidation,0,0.3853660951697434,8283,0,0,0,B,0,0.0,1503.3132,0.0
33,80809.67,20,609.0,0.158,0.15,1,15240.08,60,9.78,Online,Personal Loan,0,0.3284142070529871,9939,0,0,0,A,0,0.0,1828.8095999999998,0.0
24,45745.28,21,714.0,0.409,0.337,0,8563.71,60,5.0,Partner,Personal Loan,0,0.1510736299663544,9393,0,0,1,B,1,0.0,1027.6452,1027.6452
29,109504.21,21,710.0,0.427,0.491,0,20832.56,36,5.0,Branch,Debt Consolidation,0,0.166273931325674,4061,0,0,1,B,1,0.0,2499.9072,2499.9072
24,59174.16,1,683.0,0.163,0.723,1,30696.26,60,8.15,Branch,Personal Loan,0,0.2639158606297295,6614,0,1,0,B,0,0.0,3683.5512,0.0
21,78232.52,0,597.0,0.265,0.689,1,7989.78,60,19.6,Branch,Debt Consolidation,1,0.6058464768642121,4981,0,0,0,A,0,4793.8679999999995,958.7736,0.0
37,57017.32,0,693.0,0.199,0.604,0,23234.71,36,5.0,Branch,Personal Loan,0,0.1355080869531442,11043,0,1,1,B,1,0.0,2788.1652,2788.1652
60,20000.0,24,709.0,0.336,0.575,0,17758.59,36,5.0,Branch,Debt Consolidation,1,0.1533923464631997,18484,0,1,1,A,1,10655.154,2131.0308,-8524.1232
50,49457.1,10,672.0,0.292,0.767,0,10847.74,36,7.95,Online,Debt Consolidation,1,0.2962634016747499,4244,0,1,0,B,0,6508.643999999999,1301.7287999999999,0.0
34,81394.55,15,552.0,0.388,0.757,0,17697.89,36,23.33,Branch,Debt Consolidation,1,0.6906066785397442,7149,0,0,0,A,0,10618.733999999999,2123.7468,0.0
53,75226.24,5,690.0,0.351,0.393,0,9909.9,60,5.0,Online,Personal Loan,0,0.1682876543269504,15071,0,1,1,B,1,0.0,1189.1879999999999,1189.1879999999999
24,83607.63,14,654.0,0.583,0.489,1,21536.7,60,17.35,Online,Personal Loan,1,0.5570581224143515,14032,0,0,0,A,0,12922.02,2584.404,0.0
48,63498.3,5,640.0,0.546,0.618,0,8754.09,36,14.8,Partner,Personal Loan,1,0.5445886835185663,1980,0,0,0,A,0,5252.454,1050.4908,0.0
25,75255.3,18,693.0,0.185,0.403,0,15679.17,36,5.0,Online,Personal Loan,1,0.1468140998142088,14505,0,1,1,A,1,9407.502,1881.5004,-7526.0016000000005
68,56227.96,16,699.0,0.39,0.256,0,12476.91,60,5.0,Online,Auto Refi,0,0.157970396802167,18815,0,1,1,B,1,0.0,1497.2292,1497.2292
69,41099.65,1,719.0,0.33,0.652,0,9031.72,36,15.99,Online,Personal Loan,1,0.464612312915863,18156,1,0,0,B,0,5419.031999999999,1083.8064,0.0
35,54730.04,9,691.0,0.364,0.319,0,17980.11,60,5.0,Branch,Auto Refi,0,0.1530804084058219,17817,0,1,1,B,1,0.0,2157.6132,2157.6132
59,83430.15,15,792.0,0.328,0.466,0,13281.29,60,5.0,Online,Debt Consolidation,0,0.0775838718584963,18271,0,1,1,A,1,0.0,1593.7548000000002,1593.7548000000002
69,40687.85,5,783.0,0.249,0.401,0,2887.29,36,5.0,Online,Debt Consolidation,0,0.0740099303452626,7961,0,1,1,B,1,0.0,346.47479999999996,346.47479999999996
59,69000.49,7,730.0,0.228,0.328,1,9802.62,36,5.0,Partner,Personal Loan,0,0.1557722133202774,9374,0,1,1,A,1,0.0,1176.3144,1176.3144
39,55741.66,7,735.0,0.284,0.432,0,16522.97,36,5.0,Online,Debt Consolidation,0,0.0979506267126234,3526,0,1,1,B,1,0.0,1982.7564,1982.7564
53,131351.66,4,612.0,0.297,0.359,0,25997.28,36,9.94,Online,Auto Refi,1,0.1553691692040863,3107,0,0,1,A,0,15598.367999999999,3119.6735999999996,0.0
26,78038.38,6,635.0,0.379,0.402,0,15392.48,36,9.57,Online,Auto Refi,1,0.333955802575218,6911,0,0,0,A,0,9235.488,1847.0975999999998,0.0
40,53359.55,14,682.0,0.288,0.498,0,22621.95,60,5.0,Online,Personal Loan,0,0.1506458728820796,5938,0,1,1,A,1,0.0,2714.634,2714.634
68,69731.6,20,744.0,0.103,0.677,0,11799.3,36,5.0,Branch,Personal Loan,0,0.0923123021803613,19796,0,1,1,B,1,0.0,1415.916,1415.916
22,45096.35,13,698.0,0.366,0.231,0,11551.57,36,5.0,Branch,Personal Loan,0,0.1572399830871379,1439,0,1,1,B,1,0.0,1386.1884,1386.1884
44,61577.05,7,693.0,0.438,0.135,0,19780.21,36,5.0,Branch,Debt Consolidation,1,0.1526129296038544,3359,0,0,1,B,1,11868.125999999998,2373.6252,-9494.500799999998
52,61856.82,24,645.0,0.424,0.735,2,9202.75,36,22.77,Online,Personal Loan,1,0.7297563174300676,3232,0,0,0,A,0,5521.65,1104.33,0.0
39,89299.51,17,578.0,0.121,0.422,0,7049.17,60,10.75,Partner,Auto Refi,0,0.3590307359654177,19216,0,0,0,A,0,0.0,845.9004,0.0
37,78892.84,14,712.0,0.459,0.373,0,29451.15,36,5.0,Partner,Debt Consolidation,0,0.1422981929070507,8638,0,0,1,B,1,0.0,3534.138,3534.138
67,71341.72,1,681.0,0.394,0.488,0,10816.4,60,6.31,Partner,Personal Loan,0,0.2365417302075483,19631,0,1,0,B,0,0.0,1297.9679999999998,0.0
43,77538.88,19,781.0,0.225,0.314,1,10431.28,36,5.0,Online,Debt Consolidation,0,0.1004663483727211,1563,0,1,1,B,1,0.0,1251.7536,1251.7536
33,49163.64,20,582.0,0.314,0.126,0,16272.42,36,10.93,Online,Personal Loan,1,0.3821643549428931,18128,0,0,0,A,0,9763.452,1952.6904,0.0
63,93365.0,24,801.0,0.274,0.189,1,20592.84,60,5.0,Partner,Personal Loan,0,0.1226088284875986,14532,0,1,1,A,1,0.0,2471.1408,2471.1408
25,62620.09,3,610.0,0.403,0.16,0,23678.1,60,10.12,Branch,Auto Refi,0,0.3111200839215949,18340,0,0,0,A,0,0.0,2841.372,0.0
36,59351.03,8,604.0,0.283,0.428,0,17346.7,60,11.25,Partner,Auto Refi,1,0.3951622973815418,7534,0,0,0,A,0,10408.02,2081.604,0.0
29,35196.81,13,587.0,0.24,0.315,1,14999.94,60,15.84,Online,Auto Refi,1,0.4971521189148979,16933,0,0,0,A,0,8999.964,1799.9928,0.0
60,89474.2,1,677.0,0.31,0.351,0,20896.49,60,5.0,Online,Personal Loan,1,0.1342099590249593,10583,0,1,1,B,1,12537.894,2507.5788000000002,-10030.315200000001
29,54651.17,9,726.0,0.465,0.126,0,11612.16,60,5.0,Online,Debt Consolidation,0,0.117582399148323,4072,0,0,1,A,0,0.0,1393.4592,0.0
30,72517.82,19,731.0,0.48,0.125,0,20328.39,36,5.0,Branch,Debt Consolidation,0,0.1074366067996871,9646,0,0,1,A,0,0.0,2439.4067999999997,0.0
56,86687.67,7,692.0,0.397,0.554,0,4916.87,36,5.99,Online,Personal Loan,0,0.1885868811851523,163,0,1,0,A,1,0.0,590.0244,590.0244
61,69700.84,20,651.0,0.31,0.438,0,5268.17,36,7.12,Online,Personal Loan,0,0.2284243862385676,16259,0,1,0,A,1,0.0,632.1804,632.1804
29,70265.0,2,653.0,0.241,0.316,0,3467.15,36,5.0,Online,Debt Consolidation,1,0.1487773489264857,10297,0,1,1,A,1,2080.29,416.058,-1664.232
44,21143.32,8,729.0,0.38,0.716,1,9919.84,36,7.55,Partner,Debt Consolidation,1,0.2414662337560169,15789,0,1,0,B,0,5951.9039999999995,1190.3808,0.0
36,80924.17,22,658.0,0.262,0.324,1,15492.38,36,8.51,Online,Debt Consolidation,0,0.3043266778305831,17142,0,1,0,A,1,0.0,1859.0855999999999,1859.0855999999999
44,78508.57,24,667.0,0.085,0.464,0,9088.19,60,5.0,Partner,Personal Loan,0,0.1426428273152467,13954,0,1,1,A,1,0.0,1090.5828000000001,1090.5828000000001
30,77339.26,3,708.0,0.189,0.98,0,12580.59,60,5.1,Branch,Personal Loan,0,0.2671059567334939,19704,0,1,0,A,1,0.0,1509.6707999999999,1509.6707999999999
33,55279.52,16,651.0,0.432,0.233,0,15796.16,36,7.35,Branch,Debt Consolidation,0,0.237200554681958,13290,0,0,0,B,0,0.0,1895.5392,0.0
31,76471.59,6,545.0,0.331,0.408,0,3388.92,60,18.92,Online,Debt Consolidation,0,0.5631769391736713,10410,0,0,0,B,0,0.0,406.6704,0.0
69,68632.43,3,718.0,0.462,0.454,1,12742.06,60,7.53,Online,Personal Loan,1,0.2235489568453919,15460,0,0,0,B,0,7645.235999999999,1529.0472,0.0
34,71597.82,0,583.0,0.333,0.796,1,12204.82,60,23.82,Online,Personal Loan,0,0.7435319558554725,922,0,0,0,A,0,0.0,1464.5783999999999,0.0
32,85059.97,15,587.0,0.204,0.401,0,12373.32,36,11.19,Partner,Auto Refi,1,0.4048777434946397,6592,0,0,0,B,0,7423.991999999999,1484.7984,0.0
51,84691.79,0,630.0,0.284,0.398,2,10562.92,60,17.57,Branch,Debt Consolidation,1,0.4958574193538122,14206,0,0,0,A,0,6337.7519999999995,1267.5503999999999,0.0
60,61657.44,6,656.0,0.08,0.693,0,20519.56,36,5.36,Branch,Personal Loan,0,0.1705909000801477,1119,0,1,1,A,1,0.0,2462.3472,2462.3472
36,77767.92,11,622.0,0.377,0.282,0,19200.34,36,9.67,Online,Personal Loan,0,0.3165598013226178,7867,0,0,0,B,0,0.0,2304.0407999999998,0.0
44,57003.07,5,732.0,0.521,0.118,2,17042.32,36,7.96,Partner,Personal Loan,0,0.3004415597643372,9706,0,0,0,A,0,0.0,2045.0783999999999,0.0
35,60418.59,6,803.0,0.303,0.358,0,7357.02,36,5.0,Partner,Personal Loan,0,0.0751278464966055,7940,0,1,1,A,1,0.0,882.8424,882.8424
68,38996.26,14,719.0,0.181,0.354,0,28055.2,36,5.0,Online,Auto Refi,0,0.1042886726611474,15710,0,1,1,A,1,0.0,3366.624,3366.624
38,86511.73,16,576.0,0.294,0.458,0,9866.98,60,15.02,Branch,Personal Loan,1,0.5163621814447636,19916,0,0,0,B,0,5920.187999999999,1184.0375999999999,0.0
22,37541.77,16,629.0,0.373,0.809,0,18704.23,60,14.6,Online,Personal Loan,1,0.4674087414749962,2626,0,0,0,A,0,11222.537999999999,2244.5076,0.0
25,89966.63,5,764.0,0.583,0.809,0,20163.84,36,5.0,Online,Personal Loan,0,0.0922929621965936,19178,0,0,1,A,0,0.0,2419.6608,0.0
41,106533.26,9,546.0,0.528,0.914,1,14434.24,36,25.0,Partner,Debt Consolidation,1,0.8026918436711289,12569,0,0,0,B,0,8660.544,1732.1088,0.0
42,36126.99,0,671.0,0.303,0.524,1,17230.18,60,10.02,Branch,Auto Refi,0,0.2996156497078668,18459,0,1,0,A,1,0.0,2067.6216,2067.6216
51,54330.57,14,698.0,0.402,0.347,0,16586.92,60,5.0,Online,Personal Loan,0,0.1643839856596808,11025,0,0,1,A,0,0.0,1990.4303999999997,0.0
31,72652.29,19,648.0,0.386,0.298,1,24838.51,36,11.64,Online,Auto Refi,0,0.3943729244291616,12380,0,1,0,B,0,0.0,2980.6211999999996,0.0
48,45907.72,18,597.0,0.498,0.311,0,7244.09,60,15.2,Online,Auto Refi,1,0.5124008310960713,3219,0,0,0,A,0,4346.454,869.2908,0.0
52,97652.77,24,781.0,0.499,0.339,0,18404.8,36,5.0,Online,Debt Consolidation,1,0.1551939664384598,15783,0,0,1,A,0,11042.88,2208.576,0.0
50,92342.41,9,671.0,0.345,0.534,0,24848.03,60,6.77,Online,Auto Refi,0,0.2252441944963765,17577,0,1,0,A,1,0.0,2981.7635999999998,2981.7635999999998
48,76772.82,16,685.0,0.184,0.193,0,14627.59,60,5.0,Online,Auto Refi,0,0.1515857356363021,13346,0,1,1,A,1,0.0,1755.3108,1755.3108
22,20000.0,19,736.0,0.267,0.3,1,12522.65,36,5.0,Branch,Personal Loan,0,0.1317358828248717,215,0,1,1,A,1,0.0,1502.7179999999998,1502.7179999999998
45,46674.81,24,639.0,0.342,0.47,0,8866.34,36,9.14,Branch,Debt Consolidation,1,0.3133017099316341,1416,0,0,0,B,0,5319.804,1063.9608,0.0
67,63380.55,12,830.0,0.449,0.351,1,16204.04,36,5.0,Online,Personal Loan,0,0.0512252475097724,17644,0,0,1,B,1,0.0,1944.4848,1944.4848
43,51210.37,23,665.0,0.184,0.611,1,15711.66,60,9.25,Partner,Auto Refi,0,0.3093818098396047,8123,0,1,0,B,0,0.0,1885.3991999999998,0.0
53,63895.3,0,646.0,0.26,0.143,1,14726.41,36,7.86,Online,Personal Loan,0,0.2665910908404114,2255,0,1,0,B,0,0.0,1767.1691999999998,0.0
63,77044.78,9,651.0,0.2,0.978,0,16208.82,36,10.47,Online,Personal Loan,0,0.3345538331449663,8953,0,1,0,A,1,0.0,1945.0584,1945.0584
56,55400.95,2,565.0,0.05,0.509,1,11715.7,36,16.6,Partner,Debt Consolidation,0,0.5277555267338679,12397,0,0,0,A,0,0.0,1405.884,0.0
64,81641.96,5,669.0,0.25,0.271,1,14662.39,60,6.77,Online,Auto Refi,0,0.199958235171414,14547,0,1,0,A,1,0.0,1759.4868,1759.4868
35,45670.8,12,715.0,0.203,0.486,0,26860.56,60,5.0,Online,Auto Refi,0,0.1443026141653042,16820,0,1,1,A,1,0.0,3223.2672000000002,3223.2672000000002
52,52877.28,9,579.0,0.308,0.361,0,21875.39,36,13.81,Partner,Personal Loan,0,0.4492331406272449,5440,0,0,0,A,0,0.0,2625.0467999999996,0.0
67,79863.75,7,772.0,0.248,0.461,0,11462.31,60,5.0,Branch,Personal Loan,0,0.075871175232376,13180,0,1,1,B,1,0.0,1375.4771999999998,1375.4771999999998
33,60408.5,17,750.0,0.601,0.572,1,10864.12,60,7.98,Branch,Auto Refi,0,0.2873423534449235,16994,0,0,0,B,0,0.0,1303.6944,0.0
27,62861.42,7,696.0,0.199,0.725,1,25115.06,60,7.57,Online,Debt Consolidation,0,0.2308198096454254,12960,0,1,0,A,1,0.0,3013.8072,3013.8072
64,20000.0,24,680.0,0.244,0.539,0,16724.51,36,5.0,Online,Personal Loan,1,0.1503278384634385,17043,0,1,1,A,1,10034.705999999998,2006.9411999999998,-8027.764799999999
39,68521.0,21,772.0,0.241,0.576,1,13544.22,36,5.0,Branch,Debt Consolidation,0,0.1092996133985313,5565,0,1,1,A,1,0.0,1625.3064,1625.3064
57,56327.61,14,653.0,0.456,0.503,0,2000.0,36,10.23,Online,Debt Consolidation,1,0.3000832525017789,15658,0,0,0,B,0,1200.0,240.0,0.0
39,75039.87,22,723.0,0.221,0.447,0,4563.7,36,10.92,Online,Auto Refi,1,0.3226734903002536,7787,1,0,0,A,0,2738.22,547.644,0.0
23,52210.86,22,729.0,0.463,0.14,1,14120.6,36,5.0,Branch,Personal Loan,0,0.177710140311681,374,0,0,1,A,0,0.0,1694.472,0.0
39,87563.52,6,634.0,0.107,0.306,0,14039.88,36,5.0,Branch,Personal Loan,0,0.1360470566489811,19197,0,0,1,A,0,0.0,1684.7856,0.0
57,29028.63,5,719.0,0.462,0.53,4,8309.57,60,22.29,Online,Auto Refi,1,0.6341194150292981,17001,0,0,0,B,0,4985.741999999999,997.1483999999999,0.0
64,85852.09,18,622.0,0.355,0.126,0,6931.48,60,7.71,Branch,Auto Refi,0,0.2564334109799185,102,0,0,0,A,0,0.0,831.7775999999999,0.0
49,54146.87,18,539.0,0.179,0.555,0,12392.6,36,18.1,Branch,Personal Loan,0,0.5863276452884763,11375,0,0,0,B,0,0.0,1487.112,0.0
33,64169.59,6,674.0,0.25,0.412,0,24884.54,36,5.0,Online,Auto Refi,0,0.1587284729431344,7126,0,1,1,B,1,0.0,2986.1448,2986.1448
48,74622.93,2,756.0,0.405,0.475,0,13189.47,36,5.0,Online,Debt Consolidation,0,0.1063227599688911,12876,0,0,1,B,1,0.0,1582.7363999999998,1582.7363999999998
26,62080.57,23,620.0,0.347,0.499,0,19659.66,36,11.62,Online,Personal Loan,0,0.3568986476921593,440,0,0,0,B,0,0.0,2359.1592,0.0
27,57458.86,22,769.0,0.355,0.376,0,14419.76,60,5.0,Online,Personal Loan,0,0.0746947323798724,12539,0,1,1,B,1,0.0,1730.3712,1730.3712
66,60077.81,3,666.0,0.425,0.59,1,30310.49,60,13.72,Online,Auto Refi,1,0.4072356087687657,5923,0,0,0,B,0,18186.294,3637.2588,0.0
45,82136.44,11,830.0,0.277,0.135,1,12173.35,60,5.0,Branch,Personal Loan,0,0.0532967489672417,7437,0,1,1,A,1,0.0,1460.802,1460.802
65,48336.13,18,629.0,0.32,0.775,0,6684.19,36,13.06,Online,Personal Loan,1,0.4568440222749108,17805,0,0,0,A,0,4010.5139999999997,802.1027999999999,0.0
27,66497.08,24,804.0,0.417,0.638,1,17628.39,60,5.0,Online,Personal Loan,0,0.1147484220353971,16934,0,0,1,A,0,0.0,2115.4067999999997,0.0
43,48830.81,18,692.0,0.235,0.175,0,22666.61,36,5.0,Branch,Debt Consolidation,0,0.2002740544830432,17893,0,1,0,B,0,0.0,2719.9932,0.0
36,93472.69,11,727.0,0.346,0.606,0,12062.03,36,5.0,Online,Auto Refi,0,0.1185004916298586,7086,0,1,1,A,1,0.0,1447.4436,1447.4436
57,95541.33,13,700.0,0.185,0.604,1,9410.38,36,5.95,Online,Personal Loan,0,0.1846636286022362,7438,0,1,0,B,0,0.0,1129.2456,0.0
42,42197.82,0,709.0,0.414,0.387,1,3890.62,36,6.97,Online,Auto Refi,0,0.2923002709635158,6555,0,0,0,B,0,0.0,466.8744,0.0
64,96039.83,10,680.0,0.456,0.152,0,21954.25,36,5.0,Online,Personal Loan,1,0.1689477151030699,3533,0,0,1,B,1,13172.55,2634.5099999999998,-10538.039999999999
53,56897.93,22,599.0,0.475,0.598,0,15301.71,36,17.9,Partner,Personal Loan,0,0.5855783491221666,11143,0,0,0,A,0,0.0,1836.2051999999999,0.0
60,57803.96,16,721.0,0.43,0.357,1,6168.5,36,5.9,Online,Personal Loan,0,0.1910243515165371,7185,0,0,0,B,0,0.0,740.22,0.0
66,43818.01,20,662.0,0.209,0.293,0,22827.31,36,5.0,Branch,Personal Loan,0,0.1490783623489491,3550,0,1,1,B,1,0.0,2739.2772,2739.2772
45,64339.0,4,651.0,0.282,0.645,0,27150.58,36,8.58,Online,Auto Refi,1,0.3323287092632218,753,0,1,0,A,1,16290.348,3258.0696000000003,-13032.2784
25,56847.38,8,734.0,0.089,0.209,1,14321.88,36,5.0,Online,Auto Refi,0,0.1108305956190258,10019,0,1,1,A,1,0.0,1718.6255999999998,1718.6255999999998
27,63869.44,8,668.0,0.328,0.594,0,23861.15,60,7.36,Branch,Personal Loan,0,0.2261140584983884,18538,0,1,0,B,0,0.0,2863.338,0.0
37,63468.78,24,576.0,0.387,0.548,0,14323.14,36,18.17,Online,Personal Loan,1,0.5631529553394192,2773,0,0,0,B,0,8593.884,1718.7767999999999,0.0
48,35774.91,18,718.0,0.502,0.096,0,21006.35,60,5.0,Online,Debt Consolidation,0,0.1482531661700284,16351,0,0,1,A,0,0.0,2520.7619999999997,0.0
55,71723.68,20,773.0,0.544,0.213,0,14706.01,36,5.0,Online,Auto Refi,0,0.1148666699172713,6539,0,0,1,A,0,0.0,1764.7212,0.0
39,71834.61,0,698.0,0.402,0.292,0,19984.63,36,5.0,Online,Auto Refi,0,0.1511039398302511,17219,0,0,1,A,0,0.0,2398.1556,0.0
42,62956.87,19,666.0,0.234,0.618,0,19410.89,36,6.16,Branch,Auto Refi,0,0.2060866873617582,10053,0,1,0,B,0,0.0,2329.3068,0.0
48,71171.18,15,651.0,0.209,0.418,0,7320.96,60,18.71,Online,Auto Refi,0,0.521151049698768,4315,1,0,0,A,0,0.0,878.5151999999999,0.0
32,65606.24,9,542.0,0.126,0.848,0,24346.49,60,20.07,Online,Personal Loan,0,0.6667284715949698,1999,0,0,0,A,0,0.0,2921.5788000000002,0.0
42,51155.35,18,692.0,0.115,0.456,0,11916.65,36,5.0,Online,Debt Consolidation,0,0.1320624258169909,2963,0,1,1,A,1,0.0,1429.9979999999998,1429.9979999999998
39,69921.05,10,625.0,0.449,0.52,0,15996.22,60,13.32,Online,Personal Loan,1,0.3824033915112325,16600,0,0,0,B,0,9597.732,1919.5464,0.0
41,51658.28,22,651.0,0.192,0.53,0,15906.77,60,6.03,Online,Personal Loan,1,0.2079998185813852,7668,0,1,0,A,1,9544.062,1908.8124,-7635.2496
42,30699.34,13,714.0,0.408,0.386,2,20073.37,36,10.42,Branch,Debt Consolidation,0,0.3597470635376117,3728,0,0,0,A,0,0.0,2408.8044,0.0
21,56481.5,2,683.0,0.222,0.513,0,20190.75,36,5.0,Partner,Auto Refi,0,0.1462046412968175,278,0,1,1,A,1,0.0,2422.89,2422.89
65,83568.67,19,517.0,0.348,0.298,0,14654.51,36,21.31,Online,Personal Loan,1,0.5379837997967559,4359,0,0,0,A,0,8792.706,1758.5412,0.0
51,109076.43,17,621.0,0.272,0.548,1,10138.56,36,15.27,Partner,Personal Loan,0,0.4742015459511677,19142,0,0,0,A,0,0.0,1216.6272,0.0
37,41531.68,6,733.0,0.295,0.32,0,17007.44,60,5.0,Branch,Debt Consolidation,0,0.0948378633700379,15192,0,1,1,B,1,0.0,2040.8927999999999,2040.8927999999999
58,29608.12,13,681.0,0.13,0.555,0,22532.13,60,5.0,Online,Debt Consolidation,0,0.1479395543567572,5122,0,1,1,B,1,0.0,2703.8556,2703.8556
61,62221.75,10,665.0,0.434,0.877,0,22529.53,60,12.51,Online,Personal Loan,0,0.4371727638689565,3639,0,0,0,B,0,0.0,2703.5436,0.0
68,72213.33,2,825.0,0.161,0.371,1,14408.96,60,5.0,Online,Auto Refi,0,0.0570142855354215,8634,0,1,1,A,1,0.0,1729.0751999999998,1729.0751999999998
46,75086.98,14,704.0,0.277,0.553,0,15772.59,60,5.0,Partner,Personal Loan,0,0.1586128909404323,14333,0,1,1,B,1,0.0,1892.7107999999998,1892.7107999999998
66,61743.75,11,705.0,0.163,0.732,0,11193.31,36,5.0,Branch,Personal Loan,0,0.1643856797667715,17765,0,1,1,B,1,0.0,1343.1971999999998,1343.1971999999998
62,56758.61,22,650.0,0.05,0.255,0,19062.67,60,5.0,Partner,Personal Loan,0,0.151116314896318,15271,0,1,1,B,1,0.0,2287.5204,2287.5204
59,67597.25,18,666.0,0.179,0.403,0,31754.91,60,5.0,Online,Auto Refi,0,0.1692605738844701,19893,0,1,1,A,1,0.0,3810.5892,3810.5892
64,102736.19,19,744.0,0.196,0.437,0,28909.26,36,5.0,Online,Debt Consolidation,0,0.071108344537848,7513,0,1,1,A,1,0.0,3469.1112,3469.1112
38,81330.52,13,671.0,0.071,0.653,0,22623.45,36,5.0,Online,Debt Consolidation,0,0.1310319258793012,15569,0,1,1,B,1,0.0,2714.814,2714.814
37,57998.77,9,633.0,0.167,0.717,0,14135.04,60,9.02,Branch,Personal Loan,0,0.3098466061472989,11130,0,0,0,B,0,0.0,1696.2048,0.0
33,69362.02,22,703.0,0.331,0.544,0,15740.7,36,5.0,Online,Auto Refi,0,0.1571237964497492,2607,0,1,1,A,1,0.0,1888.884,1888.884
65,112080.97,4,680.0,0.249,0.341,1,9042.28,36,6.41,Online,Auto Refi,1,0.1900628307111957,2055,0,1,0,A,1,5425.368,1085.0736,-4340.294400000001
47,103256.59,3,682.0,0.329,0.483,1,32776.83,60,8.88,Online,Personal Loan,0,0.3440594145725141,7083,0,1,0,B,0,0.0,3933.2196,0.0
59,56729.6,9,683.0,0.175,0.302,0,12530.93,60,5.0,Online,Personal Loan,1,0.1494975838111537,4353,0,1,1,A,1,7518.558,1503.7116,-6014.8464
47,58016.49,24,681.0,0.248,0.417,1,20396.64,36,6.98,Online,Personal Loan,0,0.2416537069591663,7421,0,1,0,B,0,0.0,2447.5968,0.0
21,117786.43,1,699.0,0.416,0.598,0,6126.87,60,6.08,Online,Personal Loan,1,0.2828686440874154,10374,0,0,0,A,0,3676.122,735.2244,0.0
23,98454.61,22,709.0,0.273,0.742,0,17391.67,60,5.0,Online,Debt Consolidation,0,0.1300781524771657,2272,0,1,1,B,1,0.0,2087.0004,2087.0004
63,78498.45,18,659.0,0.491,0.643,0,11828.66,60,11.75,Partner,Personal Loan,1,0.4021203426336815,9052,0,0,0,B,0,7097.196,1419.4392,0.0
34,80142.3,3,623.0,0.484,0.426,0,7383.31,36,13.29,Online,Personal Loan,0,0.4158812242949015,18614,0,0,0,A,0,0.0,885.9972,0.0
60,38156.7,23,661.0,0.274,0.121,0,5814.66,36,5.0,Branch,Personal Loan,0,0.1517002533790898,10483,0,1,1,B,1,0.0,697.7592,697.7592
34,94496.68,5,651.0,0.05,0.498,0,14947.9,36,5.0,Online,Debt Consolidation,0,0.1375908824350873,900,0,1,1,B,1,0.0,1793.7479999999998,1793.7479999999998
37,70650.63,0,563.0,0.502,0.563,0,16868.02,36,22.27,Partner,Debt Consolidation,0,0.6520202491080277,11354,0,0,0,B,0,0.0,2024.1624,0.0
